/*
Navicat MySQL Data Transfer

Source Server         : lodgesb
Source Server Version : 50505
Source Host           : 104.152.168.37:3306
Source Database       : sandbox_lodge

Target Server Type    : MYSQL
Target Server Version : 50505
File Encoding         : 65001

Date: 2019-11-24 17:21:54
*/

SET FOREIGN_KEY_CHECKS=0;

-- ----------------------------
-- Table structure for apntokens
-- ----------------------------
DROP TABLE IF EXISTS `apntokens`;
CREATE TABLE `apntokens` (
  `id` int(10) unsigned NOT NULL AUTO_INCREMENT,
  `user_id` int(11) DEFAULT NULL,
  `token` varchar(255) COLLATE utf8mb4_unicode_ci DEFAULT NULL,
  `created_at` timestamp NULL DEFAULT NULL,
  `updated_at` timestamp NULL DEFAULT NULL,
  `deleted_at` timestamp NULL DEFAULT NULL,
  PRIMARY KEY (`id`)
) ENGINE=InnoDB AUTO_INCREMENT=150 DEFAULT CHARSET=utf8mb4 COLLATE=utf8mb4_unicode_ci;

-- ----------------------------
-- Records of apntokens
-- ----------------------------
INSERT INTO `apntokens` VALUES ('1', '19', 'dtli6WtdncI:APA91bF1ebBD0u-Xf2llvb011VFilnXCqMYekZ2cKwrRzgD6j-jp61IXckuMpNkWKyGU6T5UxuMgTAMy2AMa5QepHITnNitxjdM5B3AVSRp77niVWb1bKEHct4YZniCvOOnozbnZuaSK', '2019-10-23 10:55:58', '2019-10-23 10:55:58', null);
INSERT INTO `apntokens` VALUES ('3', '108', null, '2019-10-23 11:42:46', '2019-10-23 11:42:46', null);
INSERT INTO `apntokens` VALUES ('8', '109', null, '2019-10-23 14:40:19', '2019-10-23 14:40:19', null);
INSERT INTO `apntokens` VALUES ('11', '111', 'cx2np-zQmKs:APA91bE0AhC0xjui_AFSUtuON9jyb6ipLqn4uGtf-b0Gsltqj9XNs-AY01OCvYNDWSdcLWEUn1YbPVyPSMuWNdrpGmIPwNpXMpvnZ1YUucFg3dqIAmdLmxRE5xYU03DOglhZzURtGaoJ', '2019-10-23 16:43:12', '2019-10-23 16:43:12', null);
INSERT INTO `apntokens` VALUES ('32', '109', 'cQ9CBjgr9lw:APA91bFSv5Elehr2k2GkmQkXd1x7b8Q1TaBdlnRLWaCg7xXppCTtqsPyfB7T825-F3gLP0WU8ojTPgU7ppRfvCAsNbYdtkEWlD7TbH1mUxxiiHr7bHJpYAndxULZj6FR_iB_8nysILxV', '2019-10-24 14:55:21', '2019-10-24 14:55:21', null);
INSERT INTO `apntokens` VALUES ('33', '109', 'eFN7-nHK_xQ:APA91bEyYNTsYMqKm_bLVbPmesQpPXakZLwSWnsBw4HEFUoF9Xj4LzPl5B-lww0c8RYGw3oPq97UAjvn5ge-aGsrxDC9gBJEl4ghSqKmUfp5nH_36FcMV2g5BipfL5GMvQh3goun8rWc', '2019-10-24 16:51:22', '2019-10-24 16:51:22', null);
INSERT INTO `apntokens` VALUES ('35', '113', 'e3JGW2zvdY4:APA91bH5SstQh0XkfCz2nFrXcRjZEC0GwwssItA3bH-l6L_HQ2vAroJ2C9zXn-J2ni5IjwEbNdvq-tgrthVqBozSZiDY4DVNwRvDhNa5IkjhUrG5O5FLNmItVLYx6RoDZJ4fu7I4bLIO', '2019-10-24 18:50:38', '2019-10-24 18:50:38', null);
INSERT INTO `apntokens` VALUES ('36', '115', null, '2019-10-24 19:06:16', '2019-10-24 19:06:16', null);
INSERT INTO `apntokens` VALUES ('38', '109', 'cNGojC9tbU4:APA91bFeNCCPG52kytrj6vRP60pQa1x9OSWcpROnf0rrpC_ilxC8AGiryJRBTVX1cbztkluO9GhEibTCGW8A_-IRqCr9L6HxlaH8lTbE_m4BykLCWY5_ntp2JPAm_Vm_9_vgsyod4wMU', '2019-10-25 22:03:08', '2019-10-25 22:03:08', null);
INSERT INTO `apntokens` VALUES ('40', '113', 'cg7IJFcZUg0:APA91bFsY9Ktpw3L0VwG6zPM5LFizIQgH82ACSriwu_1OoID6s273trQ563v_iitI_Zwr5j2qONEbafhgHHu_xaTG09G2OP0_3JedvtWxTblF_H26mDOjvqVMDKKPkwSbt9-92yvekgd', '2019-10-26 22:15:41', '2019-10-26 22:15:41', null);
INSERT INTO `apntokens` VALUES ('43', null, 'eMKVae_CYH4:APA91bGzz-OcbG-zGtD6H592_2yYemc8lf8s5RYZxj9nqH4jT10OLLZudfRBfnG9Yi-YrfZIxIpp2KemsdmPALZs8HOZfifGBZLpzVFHZr4ffzwOum1Sx34uw-4lF6D4mhDZbMTb-iGr', '2019-10-27 12:16:06', '2019-10-27 12:16:06', null);
INSERT INTO `apntokens` VALUES ('46', '109', 'fZWXib469No:APA91bFf3BxC_jMPqpFK-UiAGZE9N-nxV6CgFs9WEbrw_6-2F9HNge48SjKOskFb_SrjyCXfg6i4Oo8AKbYNd3fxwfgC1xPnrOuZAYzS1IoNVbneb1PAAkyZSFp7KD5rlw3y2mok_dOl', '2019-10-27 14:11:26', '2019-10-27 14:11:26', null);
INSERT INTO `apntokens` VALUES ('59', '119', 'ehlPM3Jguz0:APA91bEOuyHu5ozFEbW_9KSG_Bt4tfmMr9Ckz5I6edm2wEtSAmfQVIcohQaks9c6hClaSwlE9mNnIwuGTep6tugjgT08Ifc-IbdHncGQyrR_eioQs0R8iNiUc8Wj9vLXou3a87kT5zAC', '2019-10-28 20:33:21', '2019-10-28 20:33:21', null);
INSERT INTO `apntokens` VALUES ('60', null, 'dKxZ-93OlTo:APA91bFd2J6nvu4yoxGMdIYqtAPdkVNykuu9FVCHiI_7Ndkek1BuVVyRojLEyNkZ5pA5HiLBvqL1aEH_7K62ME4yLVf0hEwTgJlPlWbk9ZZXwOu_yaz5HhrcALQumQ2dlUlg3TqkhAay', '2019-10-28 21:30:18', '2019-10-28 21:30:18', null);
INSERT INTO `apntokens` VALUES ('61', '109', 'dKxZ-93OlTo:APA91bFd2J6nvu4yoxGMdIYqtAPdkVNykuu9FVCHiI_7Ndkek1BuVVyRojLEyNkZ5pA5HiLBvqL1aEH_7K62ME4yLVf0hEwTgJlPlWbk9ZZXwOu_yaz5HhrcALQumQ2dlUlg3TqkhAay', '2019-10-28 21:30:32', '2019-10-28 21:30:32', null);
INSERT INTO `apntokens` VALUES ('62', '109', 'fCW1N4sHZ5Y:APA91bHw-zMBZO6Fj79jvuGnT5Z646SRcRwth-OM_1CRaBhcQznKn4TT8oFsZ5EMY8C8xh1dNDMQ0QQv9BsFM52XNy5Wadx9IV6yYUVoW4lmq48JfWqa0aEj7bqjmFmHYYgbro2FmBcD', '2019-10-28 23:29:29', '2019-10-28 23:29:29', null);
INSERT INTO `apntokens` VALUES ('63', null, 'fQXMQamzroQ:APA91bHCvO4x5JjQDwl9HFh6nnOWtnipL1g5b9Ao_AeKO4YGYpwpST9O_17UcmO0aKRkMpoI5vDgoGl7o4piU_MJSQKbZhUrArfMvWzL_w00Biz3ukX1y6kAql6hYY0cylfxmC75gJL1', '2019-10-29 11:16:11', '2019-10-29 11:16:11', null);
INSERT INTO `apntokens` VALUES ('66', '109', 'cCRiW8Bww7Q:APA91bH6hboyGAYe8eYupZHAIpPhrCfhvgG2rYb0b3F2ncgiPFJT9bN9OHwdEdDKOGJiw0Vnu7xBzcFJxJIFqK3tIuxAzmuZ5AnYC0IFPit9xL6tLK-I8f7LOVUpmujw14Op9ROYDvc9', '2019-10-29 12:33:33', '2019-10-29 12:33:33', null);
INSERT INTO `apntokens` VALUES ('67', '109', 'eTBCE3lTekE:APA91bEXcIDhJdwNgi4F5puh_h-SGUHrm4hai3X0N6P3o95KUKD1uOumShsRRZDbolJBStx7BAs_irid08VIyLZxLJlCUQa_cRP_0Q7iw3WArnyoRz3SSlfLL3wrPm4Ucd5zq99_9L7H', '2019-10-29 13:20:26', '2019-10-29 13:20:26', null);
INSERT INTO `apntokens` VALUES ('69', null, 'fNiRoCSDxkA:APA91bH1rO-P0sCtP46RtnFh-F_pTuhmwlviPpT542iRS_vr1xW5R05XveNdb2KLKCnlZJlPZwUaZ8xgzKhnIDW8VoykeEvggaTKaPzVGcFRknkq96mGKmxBBA6pUeb-qz_ZhDtPnq08', '2019-10-29 14:34:48', '2019-10-29 14:34:48', null);
INSERT INTO `apntokens` VALUES ('70', '115', 'fNiRoCSDxkA:APA91bH1rO-P0sCtP46RtnFh-F_pTuhmwlviPpT542iRS_vr1xW5R05XveNdb2KLKCnlZJlPZwUaZ8xgzKhnIDW8VoykeEvggaTKaPzVGcFRknkq96mGKmxBBA6pUeb-qz_ZhDtPnq08', '2019-10-29 14:35:39', '2019-10-29 14:35:39', null);
INSERT INTO `apntokens` VALUES ('74', '109', 'c13SlyoXYsQ:APA91bEYATrOCaDjqCl3l9qvt7eFnhXMVZasIUJnZAf915xh3SEkC3QVE3SpuxrNz6xT_uLhn2SRW87nwRtPMgCVFhnsKPYuX2flpwGphsIHBs8poquRpnVuQJSUL4LKIrrjLRLn4z7h', '2019-10-29 17:46:34', '2019-10-29 17:46:34', null);
INSERT INTO `apntokens` VALUES ('78', '109', 'cXlp_aujqqs:APA91bGPXerMiTqKBJpKBbKwEqKiK6iJPI8uSD1mcEm6gbVjNRkofPGRdoMH1plAKqRCzKUASFcJQr49UdXimYhgyd8sx3gh488a1FI88o3YnR1i586oYjcG2WZNMBs8p2QwhBLTu2J_', '2019-10-30 12:21:35', '2019-10-30 12:21:35', null);
INSERT INTO `apntokens` VALUES ('87', '109', 'fB_BM_lgbSQ:APA91bERkR7f0kNPnIAB9trblhksowNKYMqRMiInq2KlHDi3a1JEzmNgTq4IC36CvfNhddHXQPOxlhrFBfkxfsg_Ui_sWeBbj9nM91DaXTiJJtPJDdcUw4OoddrQrJb-HL5iQX69F8gK', '2019-10-30 22:33:35', '2019-10-30 22:33:35', null);
INSERT INTO `apntokens` VALUES ('88', '109', 'dvfathcOHCo:APA91bGsf5P5lLOoRAg-uHNQz9jVrZAl9hJoIzKGRwrnqktJ0dlMQtMRdHiAF3k8r6L7y3F8FQIyqBlf0Se-pm33V1KDi6ZoNdhLxN7NdAYh_uGdr3Q8ZSj8DnvtX32mtX4hDWQJxY22', '2019-10-31 00:02:34', '2019-10-31 00:02:34', null);
INSERT INTO `apntokens` VALUES ('101', '109', 'crZWiPoA4I8:APA91bEB2ZXfh3In_1WO84LtH1gbnskfczHdYUsCVe-eFZKkQ0wrBBUFM9nZsuB2PZzZ9I6ipK1sgkv-3MZclN8Ugpsn9YS59sEJID7Y87_lViUcS7mGS5JH0JJpqB720hvTcykHBbx1', '2019-11-03 10:55:26', '2019-11-03 10:55:26', null);
INSERT INTO `apntokens` VALUES ('136', '110', 'd8RT_wf992Y:APA91bHKzBbtLEEv3zqpxvOtqtIYTF_oBJ_OiPi9h4y1uJxlcWL5hU3bnXxYVphV_pq-ZfnJ2Y1qSRZqiOM7fD1PbGUsff9tEGX2f19F2A96n_5wHVMMGHIZ8884khFYv7kp17ohrhhB', '2019-11-12 17:33:55', '2019-11-12 17:33:55', null);
INSERT INTO `apntokens` VALUES ('140', '128', 'd0MvLhoDNd4:APA91bGsuSQ2JrFy6mlKJzHPY7S6anw7yHncFcIQDBRXsR75lLBzRlBekKHV0lN9jg1Y-VGaYXua_9lObF45mlqMbDurtr3oAt1IUBiADFvpcMK8cyrSV5hzc8SPSbQuC5cOBYjYDOR2', '2019-11-13 13:00:32', '2019-11-13 13:00:32', null);
INSERT INTO `apntokens` VALUES ('141', '113', 'caAV0_Ws2R8:APA91bEHnrFq7BJVnGoMIZLA5FTR6pIhu4p7BFBWFzWT3WfHklsT7Pl61TxelgpT-GIW-i26Wqdi-mpyxNolkopfOIcJ5_lebwBkyOnw1b715-YZ2N4nB_DggGGqNWiuLOGKWFyfseAX', '2019-11-15 00:45:30', '2019-11-15 00:45:30', null);
INSERT INTO `apntokens` VALUES ('144', '109', 'fxqe2cAEjE8:APA91bHVRPY8TsaPAxn2INV6UnSYhoAT5J2ZIm78sJGdX7lZEXaGgiFznoAKgc-lRzjJ5Nrpn8YVeGZvTkctjlibuH1wnFAqzT-njFIJxWaU1VMDZtwecs2fTBg_k7I-TImu1yJ7n3Rj', '2019-11-20 11:23:37', '2019-11-20 11:23:37', null);
INSERT INTO `apntokens` VALUES ('147', null, 'd28TPc-jRxo:APA91bFcI7CK_aFJHPl9RN5kZLX5a6NywQiPMAMJFSTdQXUNl6VZXU7O3Au6hTh9juDePGOwzNttu4GSvVxd2nfaHNO_W525SSUyMBUEtKa0QW4yPdYiG3GQWQtFIasYwP-1kYPafjWM', '2019-11-21 12:40:01', '2019-11-21 12:40:01', null);
INSERT INTO `apntokens` VALUES ('148', '109', 'd28TPc-jRxo:APA91bFcI7CK_aFJHPl9RN5kZLX5a6NywQiPMAMJFSTdQXUNl6VZXU7O3Au6hTh9juDePGOwzNttu4GSvVxd2nfaHNO_W525SSUyMBUEtKa0QW4yPdYiG3GQWQtFIasYwP-1kYPafjWM', '2019-11-21 13:39:14', '2019-11-21 13:39:14', null);
INSERT INTO `apntokens` VALUES ('149', '109', 'cYKVuVIBtTw:APA91bHqARlybEUuRmUFpgtU7cBSxl0ab7_OVb9txlciUrXu_vTt2yQ7SbQfsqJXOkQJioS-q0VVe-ZzXLkWv82zonB5JovxmobybmRm3q0k7rpeQ4jJreL1lpWc1rwfsGW0FCEq5bX_', '2019-11-21 13:52:39', '2019-11-21 13:52:39', null);

-- ----------------------------
-- Table structure for areas
-- ----------------------------
DROP TABLE IF EXISTS `areas`;
CREATE TABLE `areas` (
  `id` int(10) unsigned NOT NULL AUTO_INCREMENT,
  `name` varchar(255) COLLATE utf8mb4_unicode_ci DEFAULT NULL,
  `governrate_id` varchar(255) COLLATE utf8mb4_unicode_ci DEFAULT NULL,
  `created_at` timestamp NULL DEFAULT NULL,
  `updated_at` timestamp NULL DEFAULT NULL,
  `deleted_at` timestamp NULL DEFAULT NULL,
  `featured` varchar(255) COLLATE utf8mb4_unicode_ci DEFAULT '0',
  `img` varchar(255) COLLATE utf8mb4_unicode_ci DEFAULT NULL,
  PRIMARY KEY (`id`)
) ENGINE=InnoDB AUTO_INCREMENT=34 DEFAULT CHARSET=utf8mb4 COLLATE=utf8mb4_unicode_ci;

-- ----------------------------
-- Records of areas
-- ----------------------------
INSERT INTO `areas` VALUES ('1', 'Nasr City', '1', '2019-05-14 14:00:38', '2019-05-28 12:10:47', null, '0', 'areas\\May2019\\l0Xc6UEElzfn0Onqp4HI.jpg');
INSERT INTO `areas` VALUES ('2', 'Heliopolis', '1', '2019-05-14 14:00:51', '2019-06-03 08:20:48', null, '0', 'areas\\May2019\\kQ1flFOUa9cebx4E4ZLr.jpg');
INSERT INTO `areas` VALUES ('3', 'Moneeb', '2', '2019-05-14 14:01:00', '2019-05-28 12:10:15', null, '0', 'areas\\May2019\\I0DHaVJECfhQzOcgtPMl.png');
INSERT INTO `areas` VALUES ('4', 'Maamora', '3', '2019-05-14 14:01:09', '2019-05-28 12:10:04', null, '0', 'areas\\May2019\\hQZXUB6hsZRU9cNIpsgi.jpg');
INSERT INTO `areas` VALUES ('5', 'ElMarg', '4', '2019-05-14 14:01:25', '2019-10-31 12:37:40', null, '0', 'areas/October2019/oKKwX93aFhnqjuJ6kgm6.jpg');
INSERT INTO `areas` VALUES ('6', 'Faqoos', '5', '2019-05-14 14:01:38', '2019-05-28 12:08:53', null, '0', 'areas\\May2019\\pXd0c6cwFoNE9xmFTRiD.png');
INSERT INTO `areas` VALUES ('7', '5th settlement', '1', '2019-05-14 14:30:50', '2019-10-20 09:00:27', null, '1', 'areas/October2019/8tmH64STiwwFoSb6lWvL.jpg');
INSERT INTO `areas` VALUES ('8', '6th october', '2', '2019-06-03 08:18:16', '2019-10-20 09:02:46', null, '1', 'areas/October2019/yrFzNyvFQtyBxX8XC8ig.jpg');
INSERT INTO `areas` VALUES ('9', 'New Cairo', '1', '2019-06-03 08:18:41', '2019-10-20 08:58:08', null, '1', 'areas/October2019/KKWI218SuTB9oFhdVEwa.jpg');
INSERT INTO `areas` VALUES ('10', 'New Capital', '1', '2019-06-03 08:19:09', '2019-10-20 08:56:07', null, '1', 'areas/October2019/5h6nv8pyLSnXLZQ2Dq82.jpg');
INSERT INTO `areas` VALUES ('11', 'Ain So5na', '8', '2019-06-03 08:19:51', '2019-10-20 08:59:31', null, '1', 'areas/October2019/pU3qVY7oxrPbLBq6KOI8.jpg');
INSERT INTO `areas` VALUES ('12', 'North coast', '3', '2019-06-03 08:20:29', '2019-10-31 12:38:54', null, '1', 'areas/October2019/st20mlTZDFNolLfBbucg.jpeg');
INSERT INTO `areas` VALUES ('13', 'Abou al-Reish', '10', '2019-09-15 15:38:45', '2019-09-15 15:38:45', null, '0', 'areas/September2019/djBl6DplOzX8AZB9Zvj6.png');
INSERT INTO `areas` VALUES ('14', 'Abnub', '11', '2019-09-15 15:40:03', '2019-09-15 15:40:03', null, '0', 'areas/September2019/IVdZjt6JPPSQDVW4RP2G.png');
INSERT INTO `areas` VALUES ('15', 'Luxor City', '12', '2019-09-15 15:40:58', '2019-09-15 15:40:58', null, '0', 'areas/September2019/rMvjF6Mu7foxxZdQaEJY.png');
INSERT INTO `areas` VALUES ('16', 'Fayed', '13', '2019-09-15 15:42:03', '2019-09-15 15:42:03', null, '0', 'areas/September2019/1wSxbOS9qecbtKAAgKUu.png');
INSERT INTO `areas` VALUES ('17', 'Hurghada - Gouna', '14', '2019-09-15 15:42:56', '2019-09-15 15:42:56', null, '0', 'areas/September2019/0nkxxzDA805FlSSjjMjl.png');
INSERT INTO `areas` VALUES ('18', 'Abou Homs', '15', '2019-09-15 15:43:38', '2019-09-15 15:43:38', null, '0', 'areas/September2019/yt0MnQBqvs3WQ0bebGKF.png');
INSERT INTO `areas` VALUES ('19', 'Aga', '16', '2019-09-15 15:44:12', '2019-10-31 12:36:11', null, '0', 'areas/October2019/8WEXqpKHim0kZXjj2QOg.png');
INSERT INTO `areas` VALUES ('20', 'Kafr al-zayat', '18', '2019-09-15 15:45:17', '2019-09-15 15:45:17', null, '0', 'areas/September2019/2C9eih1tIq8CxbKXnwjN.png');
INSERT INTO `areas` VALUES ('21', 'New Fayoum', '19', '2019-09-15 15:45:56', '2019-09-15 15:45:56', null, '0', 'areas/September2019/TRBXJPhrhMyiSE1menrk.png');
INSERT INTO `areas` VALUES ('22', 'Ashmon', '21', '2019-09-15 15:46:38', '2019-09-15 15:46:38', null, '0', 'areas/September2019/1gyVAf7Cwxai9AQXOgNW.png');
INSERT INTO `areas` VALUES ('23', 'Abu Qurqas', '22', '2019-09-15 15:47:56', '2019-09-15 15:47:56', null, '0', 'areas/September2019/bFuECxpHgzJxsD4XzRsH.png');
INSERT INTO `areas` VALUES ('24', 'Kharga', '23', '2019-09-15 15:48:42', '2019-09-15 15:48:42', null, '0', 'areas/September2019/woS19mfM4KhjTpS62LJA.png');
INSERT INTO `areas` VALUES ('25', 'Nasser', '24', '2019-09-15 15:49:20', '2019-09-15 15:49:20', null, '0', 'areas/September2019/NNNnrpIb3i8Sp0O0BYHO.png');
INSERT INTO `areas` VALUES ('26', 'Port District', '25', '2019-09-15 15:50:21', '2019-09-15 15:50:21', null, '0', 'areas/September2019/XuoLrulPK56zGVSPZBMa.png');
INSERT INTO `areas` VALUES ('27', 'Dahab', '26', '2019-09-15 15:50:58', '2019-09-15 15:50:58', null, '0', 'areas/September2019/icoJDjvp1rHp7ZtdSo1T.png');
INSERT INTO `areas` VALUES ('28', 'Kafr Saad', '27', '2019-09-15 15:51:42', '2019-09-15 15:51:42', null, '0', 'areas/September2019/k5Fa7wKShHzlsqKwT5IQ.png');
INSERT INTO `areas` VALUES ('29', 'Dar es-Salam', '28', '2019-09-15 15:52:20', '2019-09-15 15:52:20', null, '0', 'areas/September2019/mAFQzptrNx35fPtxPaG8.png');
INSERT INTO `areas` VALUES ('30', 'Arish', '29', '2019-09-15 15:52:59', '2019-09-15 15:52:59', null, '0', 'areas/September2019/TWH8XIqb6RzszG0b87bX.png');
INSERT INTO `areas` VALUES ('31', 'Abou Tisht', '30', '2019-09-15 15:54:13', '2019-09-15 15:54:13', null, '0', 'areas/September2019/yneYzPUQkvIcRoUWHyZo.png');
INSERT INTO `areas` VALUES ('32', 'Baltim', '31', '2019-09-15 15:55:08', '2019-09-15 15:55:08', null, '0', 'areas/September2019/Yfeo55r3TD3m4IeRSFfs.png');
INSERT INTO `areas` VALUES ('33', 'Salloum', '32', '2019-09-15 15:56:36', '2019-09-15 15:56:36', null, '0', 'areas/September2019/eIXK3xQx8MCaqPFXHCYx.png');

-- ----------------------------
-- Table structure for badges
-- ----------------------------
DROP TABLE IF EXISTS `badges`;
CREATE TABLE `badges` (
  `id` int(10) unsigned NOT NULL AUTO_INCREMENT,
  `name` varchar(255) COLLATE utf8mb4_unicode_ci DEFAULT NULL,
  `icon` varchar(255) COLLATE utf8mb4_unicode_ci DEFAULT NULL,
  `created_at` timestamp NULL DEFAULT NULL,
  `updated_at` timestamp NULL DEFAULT NULL,
  `deleted_at` timestamp NULL DEFAULT NULL,
  `icon_list` varchar(255) COLLATE utf8mb4_unicode_ci DEFAULT NULL,
  PRIMARY KEY (`id`)
) ENGINE=InnoDB AUTO_INCREMENT=6 DEFAULT CHARSET=utf8mb4 COLLATE=utf8mb4_unicode_ci;

-- ----------------------------
-- Records of badges
-- ----------------------------
INSERT INTO `badges` VALUES ('1', 'Fast Reply', 'badges/July2019/Okq4YmiPtGO4SdDdTIVF.png', '2019-07-02 07:46:49', '2019-07-17 10:59:19', null, 'badges/July2019/AX4dTbJjeBViZD97lJ4a.png');
INSERT INTO `badges` VALUES ('2', 'Excellent Service', 'badges/July2019/q7JgHyKwGQIGjn4sRsuS.png', '2019-07-02 07:47:22', '2019-07-17 10:59:45', null, 'badges/July2019/VImI71rMthvbHswKOgO9.png');
INSERT INTO `badges` VALUES ('3', 'Accurate Info', 'badges/July2019/EBrTa05zFPBmYhHSKgmM.png', '2019-07-02 07:47:48', '2019-07-17 11:00:05', null, 'badges/July2019/fNchmO0bC2ZtjUq77mtj.png');
INSERT INTO `badges` VALUES ('4', 'Frequent Lodger', 'badges/July2019/77tTdkXk3BG16k35WnFO.png', '2019-07-02 07:47:59', '2019-07-17 11:00:19', null, null);
INSERT INTO `badges` VALUES ('5', 'Top Rated Lodger', 'badges/July2019/ng2WLPhOPz78Lh6RSgfB.png', '2019-07-02 07:48:11', '2019-07-17 11:00:37', null, null);

-- ----------------------------
-- Table structure for categories
-- ----------------------------
DROP TABLE IF EXISTS `categories`;
CREATE TABLE `categories` (
  `id` int(10) unsigned NOT NULL AUTO_INCREMENT,
  `parent_id` int(10) unsigned DEFAULT NULL,
  `order` int(11) NOT NULL DEFAULT '1',
  `name` varchar(191) COLLATE utf8mb4_unicode_ci NOT NULL,
  `slug` varchar(191) COLLATE utf8mb4_unicode_ci NOT NULL,
  `created_at` timestamp NULL DEFAULT NULL,
  `updated_at` timestamp NULL DEFAULT NULL,
  PRIMARY KEY (`id`),
  UNIQUE KEY `categories_slug_unique` (`slug`),
  KEY `categories_parent_id_foreign` (`parent_id`),
  CONSTRAINT `categories_parent_id_foreign` FOREIGN KEY (`parent_id`) REFERENCES `categories` (`id`) ON DELETE SET NULL ON UPDATE CASCADE
) ENGINE=InnoDB AUTO_INCREMENT=3 DEFAULT CHARSET=utf8mb4 COLLATE=utf8mb4_unicode_ci;

-- ----------------------------
-- Records of categories
-- ----------------------------
INSERT INTO `categories` VALUES ('1', null, '1', 'Category 1', 'category-1', '2019-05-08 10:50:13', '2019-05-08 10:50:13');
INSERT INTO `categories` VALUES ('2', null, '1', 'Category 2', 'category-2', '2019-05-08 10:50:13', '2019-05-08 10:50:13');

-- ----------------------------
-- Table structure for codes
-- ----------------------------
DROP TABLE IF EXISTS `codes`;
CREATE TABLE `codes` (
  `id` int(10) unsigned NOT NULL AUTO_INCREMENT,
  `phone` varchar(255) COLLATE utf8mb4_unicode_ci DEFAULT NULL,
  `code` int(11) DEFAULT NULL,
  `ttl` varchar(255) COLLATE utf8mb4_unicode_ci DEFAULT NULL,
  `created_at` timestamp NULL DEFAULT NULL,
  `updated_at` timestamp NULL DEFAULT NULL,
  `deleted_at` timestamp NULL DEFAULT NULL,
  PRIMARY KEY (`id`)
) ENGINE=InnoDB AUTO_INCREMENT=24 DEFAULT CHARSET=utf8mb4 COLLATE=utf8mb4_unicode_ci;

-- ----------------------------
-- Records of codes
-- ----------------------------
INSERT INTO `codes` VALUES ('1', '+201224191128', '9997', '2019-11-12 12:46:03', '2019-11-12 12:45:03', '2019-11-12 12:45:03', null);
INSERT INTO `codes` VALUES ('2', '+201224191128', '3261', '2019-11-12 12:51:47', '2019-11-12 12:49:47', '2019-11-12 12:49:47', null);
INSERT INTO `codes` VALUES ('3', '+20100005858', '5617', '2019-11-12 14:05:30', '2019-11-12 14:04:30', '2019-11-12 14:04:30', null);
INSERT INTO `codes` VALUES ('4', '+2018524565588', '7288', '2019-11-12 14:06:08', '2019-11-12 14:05:08', '2019-11-12 14:05:08', null);
INSERT INTO `codes` VALUES ('5', '+201825625545', '6680', '2019-11-12 14:36:22', '2019-11-12 14:35:22', '2019-11-12 14:35:22', null);
INSERT INTO `codes` VALUES ('6', '+20125463582875', '4427', '2019-11-12 14:38:03', '2019-11-12 14:37:03', '2019-11-12 14:37:03', null);
INSERT INTO `codes` VALUES ('7', '+20581581515', '4455', '2019-11-13 13:00:52', '2019-11-13 12:59:52', '2019-11-13 12:59:52', null);
INSERT INTO `codes` VALUES ('8', '20106090854', '9529', '2019-11-13 13:01:53', '2019-11-13 13:00:53', '2019-11-13 13:00:53', null);
INSERT INTO `codes` VALUES ('9', '20106090854', '1053', '2019-11-13 13:07:18', '2019-11-13 13:05:18', '2019-11-13 13:05:18', null);
INSERT INTO `codes` VALUES ('10', '20106090854', '2324', '2019-11-13 13:20:53', '2019-11-13 13:17:53', '2019-11-13 13:17:53', null);
INSERT INTO `codes` VALUES ('11', '201224191128', '2368', '2019-11-14 12:37:57', '2019-11-14 12:36:57', '2019-11-14 12:36:57', null);
INSERT INTO `codes` VALUES ('12', '201224191167', '3689', '2019-11-14 12:38:48', '2019-11-14 12:37:48', '2019-11-14 12:37:48', null);
INSERT INTO `codes` VALUES ('13', '20122419116', '3129', '2019-11-14 12:39:08', '2019-11-14 12:38:08', '2019-11-14 12:38:08', null);
INSERT INTO `codes` VALUES ('14', '201224191128', '1204', '2019-11-14 12:43:41', '2019-11-14 12:41:41', '2019-11-14 12:41:41', null);
INSERT INTO `codes` VALUES ('15', '01060857822', '2802', '2019-11-18 13:49:06', '2019-11-18 13:48:06', '2019-11-18 13:48:06', null);
INSERT INTO `codes` VALUES ('16', '12345678910', '9326', '2019-11-18 14:38:29', '2019-11-18 14:37:29', '2019-11-18 14:37:29', null);
INSERT INTO `codes` VALUES ('17', '123456789101111', '5457', '2019-11-18 14:44:44', '2019-11-18 14:43:44', '2019-11-18 14:43:44', null);
INSERT INTO `codes` VALUES ('18', '12345678910111', '9813', '2019-11-18 14:46:21', '2019-11-18 14:45:21', '2019-11-18 14:45:21', null);
INSERT INTO `codes` VALUES ('19', '123456789101111', '8137', '2019-11-18 14:48:36', '2019-11-18 14:46:36', '2019-11-18 14:46:36', null);
INSERT INTO `codes` VALUES ('20', '01060925325', '7640', '2019-11-19 12:27:33', '2019-11-19 12:26:33', '2019-11-19 12:26:33', null);
INSERT INTO `codes` VALUES ('21', null, '5814', '2019-11-20 10:07:28', '2019-11-20 10:06:28', '2019-11-20 10:06:28', null);
INSERT INTO `codes` VALUES ('22', '+20109858800', '5910', '2019-11-20 10:26:17', '2019-11-20 10:25:17', '2019-11-20 10:25:17', null);
INSERT INTO `codes` VALUES ('23', '+2065656464', '9641', '2019-11-21 13:56:42', '2019-11-21 13:55:42', '2019-11-21 13:55:42', null);

-- ----------------------------
-- Table structure for complains
-- ----------------------------
DROP TABLE IF EXISTS `complains`;
CREATE TABLE `complains` (
  `id` int(10) unsigned NOT NULL AUTO_INCREMENT,
  `subject_id` int(11) DEFAULT NULL,
  `ref_code` varchar(255) COLLATE utf8mb4_unicode_ci DEFAULT NULL,
  `feedback` varchar(255) COLLATE utf8mb4_unicode_ci DEFAULT NULL,
  `created_at` timestamp NULL DEFAULT NULL,
  `updated_at` timestamp NULL DEFAULT NULL,
  `deleted_at` timestamp NULL DEFAULT NULL,
  `user_id` int(11) DEFAULT NULL,
  PRIMARY KEY (`id`)
) ENGINE=InnoDB AUTO_INCREMENT=3 DEFAULT CHARSET=utf8mb4 COLLATE=utf8mb4_unicode_ci;

-- ----------------------------
-- Records of complains
-- ----------------------------
INSERT INTO `complains` VALUES ('1', '2', 'd', 'hi', '2019-11-17 13:23:31', '2019-11-17 13:23:31', null, '109');
INSERT INTO `complains` VALUES ('2', '1', null, 'Jszmz', '2019-11-17 13:43:13', '2019-11-17 13:43:13', null, '109');

-- ----------------------------
-- Table structure for compounds
-- ----------------------------
DROP TABLE IF EXISTS `compounds`;
CREATE TABLE `compounds` (
  `id` int(10) unsigned NOT NULL AUTO_INCREMENT,
  `name` varchar(255) COLLATE utf8mb4_unicode_ci DEFAULT NULL,
  `area_id` int(11) DEFAULT NULL,
  `created_at` timestamp NULL DEFAULT NULL,
  `updated_at` timestamp NULL DEFAULT NULL,
  `deleted_at` timestamp NULL DEFAULT NULL,
  PRIMARY KEY (`id`)
) ENGINE=InnoDB AUTO_INCREMENT=12 DEFAULT CHARSET=utf8mb4 COLLATE=utf8mb4_unicode_ci;

-- ----------------------------
-- Records of compounds
-- ----------------------------
INSERT INTO `compounds` VALUES ('1', 'Golf Residences', '7', '2019-05-14 14:31:07', '2019-05-14 14:31:07', null);
INSERT INTO `compounds` VALUES ('2', 'Elzohor', '1', '2019-05-14 14:31:42', '2019-10-31 12:41:24', null);
INSERT INTO `compounds` VALUES ('3', 'ABC', '2', '2019-05-14 14:31:53', '2019-05-14 14:31:53', null);
INSERT INTO `compounds` VALUES ('4', 'DEF', '3', '2019-05-14 14:32:02', '2019-05-14 14:32:02', null);
INSERT INTO `compounds` VALUES ('5', 'GHI', '4', '2019-05-14 14:32:10', '2019-05-14 14:32:10', null);
INSERT INTO `compounds` VALUES ('6', 'Zayedcompound', '8', '2019-06-19 14:20:13', '2019-10-31 12:41:08', null);
INSERT INTO `compounds` VALUES ('7', 'Hossary', '8', '2019-06-19 14:20:32', '2019-10-31 12:40:35', null);
INSERT INTO `compounds` VALUES ('8', 'Zizinia', '9', '2019-06-19 14:20:55', '2019-10-31 12:40:25', null);
INSERT INTO `compounds` VALUES ('9', 'Rehab', '9', '2019-06-19 14:21:06', '2019-10-31 12:40:13', null);
INSERT INTO `compounds` VALUES ('10', 'Celia', '10', '2019-06-19 14:21:30', '2019-10-31 12:40:02', null);
INSERT INTO `compounds` VALUES ('11', 'Embassycompound', '10', '2019-06-19 14:22:30', '2019-10-31 12:39:50', null);

-- ----------------------------
-- Table structure for currencies
-- ----------------------------
DROP TABLE IF EXISTS `currencies`;
CREATE TABLE `currencies` (
  `id` int(10) unsigned NOT NULL AUTO_INCREMENT,
  `name` varchar(255) COLLATE utf8mb4_unicode_ci DEFAULT NULL,
  `rate` float DEFAULT NULL,
  `created_at` timestamp NULL DEFAULT NULL,
  `updated_at` timestamp NULL DEFAULT NULL,
  `deleted_at` timestamp NULL DEFAULT NULL,
  PRIMARY KEY (`id`)
) ENGINE=InnoDB AUTO_INCREMENT=5 DEFAULT CHARSET=utf8mb4 COLLATE=utf8mb4_unicode_ci;

-- ----------------------------
-- Records of currencies
-- ----------------------------
INSERT INTO `currencies` VALUES ('1', 'EGP', '1', '2019-05-14 12:59:14', '2019-06-20 13:04:33', null);
INSERT INTO `currencies` VALUES ('2', 'USD', '15', '2019-05-14 12:59:34', '2019-06-20 13:04:46', null);
INSERT INTO `currencies` VALUES ('3', 'EUR', '-111111', '2019-05-14 12:59:57', '2019-10-17 10:10:02', null);
INSERT INTO `currencies` VALUES ('4', 'ييي', '-112', '2019-10-17 10:13:46', '2019-10-31 16:37:01', '2019-10-31 16:37:01');

-- ----------------------------
-- Table structure for data_rows
-- ----------------------------
DROP TABLE IF EXISTS `data_rows`;
CREATE TABLE `data_rows` (
  `id` int(10) unsigned NOT NULL AUTO_INCREMENT,
  `data_type_id` int(10) unsigned NOT NULL,
  `field` varchar(191) COLLATE utf8mb4_unicode_ci NOT NULL,
  `type` varchar(191) COLLATE utf8mb4_unicode_ci NOT NULL,
  `display_name` varchar(191) COLLATE utf8mb4_unicode_ci NOT NULL,
  `required` tinyint(1) NOT NULL DEFAULT '0',
  `browse` tinyint(1) NOT NULL DEFAULT '1',
  `read` tinyint(1) NOT NULL DEFAULT '1',
  `edit` tinyint(1) NOT NULL DEFAULT '1',
  `add` tinyint(1) NOT NULL DEFAULT '1',
  `delete` tinyint(1) NOT NULL DEFAULT '1',
  `details` text COLLATE utf8mb4_unicode_ci,
  `order` int(11) NOT NULL DEFAULT '1',
  PRIMARY KEY (`id`),
  KEY `data_rows_data_type_id_foreign` (`data_type_id`),
  CONSTRAINT `data_rows_data_type_id_foreign` FOREIGN KEY (`data_type_id`) REFERENCES `data_types` (`id`) ON DELETE CASCADE ON UPDATE CASCADE
) ENGINE=InnoDB AUTO_INCREMENT=315 DEFAULT CHARSET=utf8mb4 COLLATE=utf8mb4_unicode_ci;

-- ----------------------------
-- Records of data_rows
-- ----------------------------
INSERT INTO `data_rows` VALUES ('1', '1', 'id', 'number', 'ID', '1', '0', '0', '0', '0', '0', '{}', '1');
INSERT INTO `data_rows` VALUES ('2', '1', 'name', 'text', 'Name', '1', '1', '1', '1', '1', '1', '{\"validation\":{\"rule\":\"required|max:30\"}}', '2');
INSERT INTO `data_rows` VALUES ('3', '1', 'email', 'text', 'Email', '0', '1', '1', '1', '1', '1', '{\"validation\":{\"rule\":\"required|email|unique:users|max:100\"}}', '3');
INSERT INTO `data_rows` VALUES ('4', '1', 'password', 'password', 'Password', '1', '0', '0', '1', '1', '0', '{\"validation\":{\"rule\":\"max:50\"}}', '4');
INSERT INTO `data_rows` VALUES ('5', '1', 'remember_token', 'text', 'Remember Token', '0', '0', '0', '0', '0', '0', '{}', '5');
INSERT INTO `data_rows` VALUES ('6', '1', 'created_at', 'timestamp', 'Created At', '0', '1', '1', '0', '0', '0', '{}', '6');
INSERT INTO `data_rows` VALUES ('7', '1', 'updated_at', 'timestamp', 'Updated At', '0', '0', '0', '0', '0', '0', '{}', '7');
INSERT INTO `data_rows` VALUES ('8', '1', 'avatar', 'image', 'Avatar', '0', '1', '1', '1', '1', '1', '{\"validation\":{\"rule\":\"mimes:jpeg,jpg,png\"}}', '8');
INSERT INTO `data_rows` VALUES ('9', '1', 'user_belongsto_role_relationship', 'relationship', 'Role', '0', '1', '1', '1', '1', '0', '{\"model\":\"TCG\\\\Voyager\\\\Models\\\\Role\",\"table\":\"roles\",\"type\":\"belongsTo\",\"column\":\"role_id\",\"key\":\"id\",\"label\":\"display_name\",\"pivot_table\":\"roles\",\"pivot\":\"0\",\"taggable\":\"0\"}', '10');
INSERT INTO `data_rows` VALUES ('10', '1', 'user_belongstomany_role_relationship', 'relationship', 'Roles', '0', '1', '1', '1', '1', '0', '{\"model\":\"TCG\\\\Voyager\\\\Models\\\\Role\",\"table\":\"roles\",\"type\":\"belongsToMany\",\"column\":\"id\",\"key\":\"id\",\"label\":\"display_name\",\"pivot_table\":\"user_roles\",\"pivot\":\"1\",\"taggable\":\"0\"}', '11');
INSERT INTO `data_rows` VALUES ('11', '1', 'settings', 'hidden', 'Settings', '0', '0', '0', '0', '0', '0', '{}', '12');
INSERT INTO `data_rows` VALUES ('12', '2', 'id', 'number', 'ID', '1', '0', '0', '0', '0', '0', null, '1');
INSERT INTO `data_rows` VALUES ('13', '2', 'name', 'text', 'Name', '1', '1', '1', '1', '1', '1', null, '2');
INSERT INTO `data_rows` VALUES ('14', '2', 'created_at', 'timestamp', 'Created At', '0', '0', '0', '0', '0', '0', null, '3');
INSERT INTO `data_rows` VALUES ('15', '2', 'updated_at', 'timestamp', 'Updated At', '0', '0', '0', '0', '0', '0', null, '4');
INSERT INTO `data_rows` VALUES ('16', '3', 'id', 'number', 'ID', '1', '0', '0', '0', '0', '0', null, '1');
INSERT INTO `data_rows` VALUES ('17', '3', 'name', 'text', 'Name', '1', '1', '1', '1', '1', '1', null, '2');
INSERT INTO `data_rows` VALUES ('18', '3', 'created_at', 'timestamp', 'Created At', '0', '0', '0', '0', '0', '0', null, '3');
INSERT INTO `data_rows` VALUES ('19', '3', 'updated_at', 'timestamp', 'Updated At', '0', '0', '0', '0', '0', '0', null, '4');
INSERT INTO `data_rows` VALUES ('20', '3', 'display_name', 'text', 'Display Name', '1', '1', '1', '1', '1', '1', null, '5');
INSERT INTO `data_rows` VALUES ('21', '1', 'role_id', 'text', 'Role', '0', '1', '1', '1', '1', '1', '{}', '9');
INSERT INTO `data_rows` VALUES ('22', '4', 'id', 'number', 'ID', '1', '0', '0', '0', '0', '0', null, '1');
INSERT INTO `data_rows` VALUES ('23', '4', 'parent_id', 'select_dropdown', 'Parent', '0', '0', '1', '1', '1', '1', '{\"default\":\"\",\"null\":\"\",\"options\":{\"\":\"-- None --\"},\"relationship\":{\"key\":\"id\",\"label\":\"name\"}}', '2');
INSERT INTO `data_rows` VALUES ('24', '4', 'order', 'text', 'Order', '1', '1', '1', '1', '1', '1', '{\"default\":1}', '3');
INSERT INTO `data_rows` VALUES ('25', '4', 'name', 'text', 'Name', '1', '1', '1', '1', '1', '1', null, '4');
INSERT INTO `data_rows` VALUES ('26', '4', 'slug', 'text', 'Slug', '1', '1', '1', '1', '1', '1', '{\"slugify\":{\"origin\":\"name\"}}', '5');
INSERT INTO `data_rows` VALUES ('27', '4', 'created_at', 'timestamp', 'Created At', '0', '0', '1', '0', '0', '0', null, '6');
INSERT INTO `data_rows` VALUES ('28', '4', 'updated_at', 'timestamp', 'Updated At', '0', '0', '0', '0', '0', '0', null, '7');
INSERT INTO `data_rows` VALUES ('29', '5', 'id', 'number', 'ID', '1', '0', '0', '0', '0', '0', null, '1');
INSERT INTO `data_rows` VALUES ('30', '5', 'author_id', 'text', 'Author', '1', '0', '1', '1', '0', '1', null, '2');
INSERT INTO `data_rows` VALUES ('31', '5', 'category_id', 'text', 'Category', '1', '0', '1', '1', '1', '0', null, '3');
INSERT INTO `data_rows` VALUES ('32', '5', 'title', 'text', 'Title', '1', '1', '1', '1', '1', '1', null, '4');
INSERT INTO `data_rows` VALUES ('33', '5', 'excerpt', 'text_area', 'Excerpt', '1', '0', '1', '1', '1', '1', null, '5');
INSERT INTO `data_rows` VALUES ('34', '5', 'body', 'rich_text_box', 'Body', '1', '0', '1', '1', '1', '1', null, '6');
INSERT INTO `data_rows` VALUES ('35', '5', 'image', 'image', 'Post Image', '0', '1', '1', '1', '1', '1', '{\"resize\":{\"width\":\"1000\",\"height\":\"null\"},\"quality\":\"70%\",\"upsize\":true,\"thumbnails\":[{\"name\":\"medium\",\"scale\":\"50%\"},{\"name\":\"small\",\"scale\":\"25%\"},{\"name\":\"cropped\",\"crop\":{\"width\":\"300\",\"height\":\"250\"}}]}', '7');
INSERT INTO `data_rows` VALUES ('36', '5', 'slug', 'text', 'Slug', '1', '0', '1', '1', '1', '1', '{\"slugify\":{\"origin\":\"title\",\"forceUpdate\":true},\"validation\":{\"rule\":\"unique:posts,slug\"}}', '8');
INSERT INTO `data_rows` VALUES ('37', '5', 'meta_description', 'text_area', 'Meta Description', '1', '0', '1', '1', '1', '1', null, '9');
INSERT INTO `data_rows` VALUES ('38', '5', 'meta_keywords', 'text_area', 'Meta Keywords', '1', '0', '1', '1', '1', '1', null, '10');
INSERT INTO `data_rows` VALUES ('39', '5', 'status', 'select_dropdown', 'Status', '1', '1', '1', '1', '1', '1', '{\"default\":\"DRAFT\",\"options\":{\"PUBLISHED\":\"published\",\"DRAFT\":\"draft\",\"PENDING\":\"pending\"}}', '11');
INSERT INTO `data_rows` VALUES ('40', '5', 'created_at', 'timestamp', 'Created At', '0', '1', '1', '0', '0', '0', null, '12');
INSERT INTO `data_rows` VALUES ('41', '5', 'updated_at', 'timestamp', 'Updated At', '0', '0', '0', '0', '0', '0', null, '13');
INSERT INTO `data_rows` VALUES ('42', '5', 'seo_title', 'text', 'SEO Title', '0', '1', '1', '1', '1', '1', null, '14');
INSERT INTO `data_rows` VALUES ('43', '5', 'featured', 'checkbox', 'Featured', '1', '1', '1', '1', '1', '1', null, '15');
INSERT INTO `data_rows` VALUES ('44', '6', 'id', 'number', 'ID', '1', '0', '0', '0', '0', '0', null, '1');
INSERT INTO `data_rows` VALUES ('45', '6', 'author_id', 'text', 'Author', '1', '0', '0', '0', '0', '0', null, '2');
INSERT INTO `data_rows` VALUES ('46', '6', 'title', 'text', 'Title', '1', '1', '1', '1', '1', '1', null, '3');
INSERT INTO `data_rows` VALUES ('47', '6', 'excerpt', 'text_area', 'Excerpt', '1', '0', '1', '1', '1', '1', null, '4');
INSERT INTO `data_rows` VALUES ('48', '6', 'body', 'rich_text_box', 'Body', '1', '0', '1', '1', '1', '1', null, '5');
INSERT INTO `data_rows` VALUES ('49', '6', 'slug', 'text', 'Slug', '1', '0', '1', '1', '1', '1', '{\"slugify\":{\"origin\":\"title\"},\"validation\":{\"rule\":\"unique:pages,slug\"}}', '6');
INSERT INTO `data_rows` VALUES ('50', '6', 'meta_description', 'text', 'Meta Description', '1', '0', '1', '1', '1', '1', null, '7');
INSERT INTO `data_rows` VALUES ('51', '6', 'meta_keywords', 'text', 'Meta Keywords', '1', '0', '1', '1', '1', '1', null, '8');
INSERT INTO `data_rows` VALUES ('52', '6', 'status', 'select_dropdown', 'Status', '1', '1', '1', '1', '1', '1', '{\"default\":\"INACTIVE\",\"options\":{\"INACTIVE\":\"INACTIVE\",\"ACTIVE\":\"ACTIVE\"}}', '9');
INSERT INTO `data_rows` VALUES ('53', '6', 'created_at', 'timestamp', 'Created At', '1', '1', '1', '0', '0', '0', null, '10');
INSERT INTO `data_rows` VALUES ('54', '6', 'updated_at', 'timestamp', 'Updated At', '1', '0', '0', '0', '0', '0', null, '11');
INSERT INTO `data_rows` VALUES ('55', '6', 'image', 'image', 'Page Image', '0', '1', '1', '1', '1', '1', null, '12');
INSERT INTO `data_rows` VALUES ('56', '1', 'email_verified_at', 'timestamp', 'Email Verified At', '0', '1', '1', '1', '1', '1', '{}', '6');
INSERT INTO `data_rows` VALUES ('57', '1', 'phone', 'text', 'Phone', '0', '1', '1', '1', '1', '1', '{}', '12');
INSERT INTO `data_rows` VALUES ('58', '7', 'id', 'text', 'Id', '1', '0', '0', '0', '0', '0', '{}', '1');
INSERT INTO `data_rows` VALUES ('59', '7', 'name', 'text', 'Name', '0', '1', '1', '1', '1', '1', '{\"validation\":{\"rule\":\"required|max:15|alpha\"}}', '2');
INSERT INTO `data_rows` VALUES ('60', '7', 'icon', 'image', 'Icon', '0', '1', '1', '1', '1', '1', '{}', '3');
INSERT INTO `data_rows` VALUES ('61', '7', 'created_at', 'timestamp', 'Created At', '0', '0', '0', '0', '0', '0', '{}', '4');
INSERT INTO `data_rows` VALUES ('62', '7', 'updated_at', 'timestamp', 'Updated At', '0', '0', '0', '0', '0', '0', '{}', '5');
INSERT INTO `data_rows` VALUES ('63', '7', 'deleted_at', 'timestamp', 'Deleted At', '0', '0', '0', '0', '0', '0', '{}', '6');
INSERT INTO `data_rows` VALUES ('64', '8', 'id', 'text', 'Id', '1', '0', '0', '0', '0', '0', '{}', '1');
INSERT INTO `data_rows` VALUES ('65', '8', 'name', 'text', 'Name', '0', '1', '1', '1', '1', '1', '{\"validation\":{\"rule\":\"required|max:15|alpha\"}}', '2');
INSERT INTO `data_rows` VALUES ('66', '8', 'icon', 'image', 'Icon', '0', '1', '1', '1', '1', '1', '{\"validation\":{\"rule\":\"required\"}}', '3');
INSERT INTO `data_rows` VALUES ('67', '8', 'created_at', 'timestamp', 'Created At', '0', '0', '0', '0', '0', '0', '{}', '4');
INSERT INTO `data_rows` VALUES ('68', '8', 'updated_at', 'timestamp', 'Updated At', '0', '0', '0', '0', '0', '0', '{}', '5');
INSERT INTO `data_rows` VALUES ('69', '8', 'deleted_at', 'timestamp', 'Deleted At', '0', '0', '0', '0', '0', '0', '{}', '6');
INSERT INTO `data_rows` VALUES ('70', '9', 'id', 'text', 'Id', '1', '0', '0', '0', '0', '0', '{}', '1');
INSERT INTO `data_rows` VALUES ('71', '9', 'name', 'text', 'Name', '0', '1', '1', '1', '1', '1', '{\"validation\":{\"rule\":\"required|max:15|alpha\"}}', '2');
INSERT INTO `data_rows` VALUES ('72', '9', 'feature_id', 'number', 'Feature Id', '0', '1', '1', '1', '1', '1', 'null', '3');
INSERT INTO `data_rows` VALUES ('73', '9', 'created_at', 'timestamp', 'Created At', '0', '0', '0', '0', '0', '0', '{}', '4');
INSERT INTO `data_rows` VALUES ('74', '9', 'updated_at', 'timestamp', 'Updated At', '0', '0', '0', '0', '0', '0', '{}', '5');
INSERT INTO `data_rows` VALUES ('75', '9', 'deleted_at', 'timestamp', 'Deleted At', '0', '0', '0', '0', '0', '0', '{}', '6');
INSERT INTO `data_rows` VALUES ('76', '9', 'option_belongsto_feature_relationship', 'relationship', 'features', '0', '1', '1', '1', '1', '1', '{\"model\":\"App\\\\Feature\",\"table\":\"features\",\"type\":\"belongsTo\",\"column\":\"feature_id\",\"key\":\"id\",\"label\":\"name\",\"pivot_table\":\"categories\",\"pivot\":\"0\",\"taggable\":\"0\"}', '7');
INSERT INTO `data_rows` VALUES ('77', '10', 'id', 'text', 'Id', '1', '0', '0', '0', '0', '0', '{}', '1');
INSERT INTO `data_rows` VALUES ('78', '10', 'name', 'text', 'Name', '0', '1', '1', '1', '1', '1', '{\"validation\":{\"rule\":\"required|max:4|alpha\"}}', '2');
INSERT INTO `data_rows` VALUES ('79', '10', 'rate', 'number', 'Rate', '0', '1', '1', '1', '1', '1', '{\"validation\":{\"rule\":\"required\"}}', '3');
INSERT INTO `data_rows` VALUES ('80', '10', 'created_at', 'timestamp', 'Created At', '0', '0', '0', '0', '0', '0', '{}', '4');
INSERT INTO `data_rows` VALUES ('81', '10', 'updated_at', 'timestamp', 'Updated At', '0', '0', '0', '0', '0', '0', '{}', '5');
INSERT INTO `data_rows` VALUES ('82', '10', 'deleted_at', 'timestamp', 'Deleted At', '0', '0', '0', '0', '0', '0', '{}', '6');
INSERT INTO `data_rows` VALUES ('83', '11', 'id', 'text', 'Id', '1', '0', '0', '0', '0', '0', '{}', '1');
INSERT INTO `data_rows` VALUES ('84', '11', 'name', 'text', 'Name', '0', '1', '1', '1', '1', '1', '{\"validation\":{\"rule\":\"required|max:15|alpha\"}}', '2');
INSERT INTO `data_rows` VALUES ('85', '11', 'eq_days', 'number', 'Eq Days', '0', '1', '1', '1', '1', '1', '{\"validation\":{\"rule\":\"required\"}}', '3');
INSERT INTO `data_rows` VALUES ('86', '11', 'created_at', 'timestamp', 'Created At', '0', '0', '0', '0', '0', '0', '{}', '4');
INSERT INTO `data_rows` VALUES ('87', '11', 'updated_at', 'timestamp', 'Updated At', '0', '0', '0', '0', '0', '0', '{}', '5');
INSERT INTO `data_rows` VALUES ('88', '11', 'deleted_at', 'timestamp', 'Deleted At', '0', '0', '0', '0', '0', '0', '{}', '6');
INSERT INTO `data_rows` VALUES ('89', '12', 'id', 'text', 'Id', '1', '0', '0', '0', '0', '0', '{}', '1');
INSERT INTO `data_rows` VALUES ('90', '12', 'name', 'text', 'Name', '0', '1', '1', '1', '1', '1', '{\"validation\":{\"rule\":\"required|max:20\"}}', '2');
INSERT INTO `data_rows` VALUES ('91', '12', 'created_at', 'timestamp', 'Created At', '0', '0', '0', '0', '0', '0', '{}', '3');
INSERT INTO `data_rows` VALUES ('92', '12', 'updated_at', 'timestamp', 'Updated At', '0', '0', '0', '0', '0', '0', '{}', '4');
INSERT INTO `data_rows` VALUES ('93', '12', 'deleted_at', 'timestamp', 'Deleted At', '0', '0', '0', '0', '0', '0', '{}', '5');
INSERT INTO `data_rows` VALUES ('94', '13', 'id', 'text', 'Id', '1', '0', '0', '0', '0', '0', '{}', '1');
INSERT INTO `data_rows` VALUES ('95', '13', 'name', 'text', 'Name', '0', '1', '1', '1', '1', '1', '{\"validation\":{\"rule\":\"required|max:20\"}}', '2');
INSERT INTO `data_rows` VALUES ('96', '13', 'governrate_id', 'number', 'Governrate Id', '0', '1', '1', '1', '1', '1', '{\"validation\":{\"rule\":\"required\"}}', '3');
INSERT INTO `data_rows` VALUES ('97', '13', 'created_at', 'timestamp', 'Created At', '0', '0', '0', '0', '0', '0', '{}', '4');
INSERT INTO `data_rows` VALUES ('98', '13', 'updated_at', 'timestamp', 'Updated At', '0', '0', '0', '0', '0', '0', '{}', '5');
INSERT INTO `data_rows` VALUES ('99', '13', 'deleted_at', 'timestamp', 'Deleted At', '0', '0', '0', '0', '0', '0', '{}', '6');
INSERT INTO `data_rows` VALUES ('100', '13', 'area_belongsto_governrate_relationship', 'relationship', 'governrates', '0', '1', '1', '1', '1', '1', '{\"model\":\"App\\\\Governrate\",\"table\":\"governrates\",\"type\":\"belongsTo\",\"column\":\"governrate_id\",\"key\":\"id\",\"label\":\"name\",\"pivot_table\":\"areas\",\"pivot\":\"0\",\"taggable\":\"0\"}', '7');
INSERT INTO `data_rows` VALUES ('101', '14', 'id', 'text', 'Id', '1', '0', '0', '0', '0', '0', '{}', '1');
INSERT INTO `data_rows` VALUES ('102', '14', 'name', 'text', 'Name', '0', '1', '1', '1', '1', '1', '{\"validation\":{\"rule\":\"required|max:20|alpha\"}}', '2');
INSERT INTO `data_rows` VALUES ('103', '14', 'area_id', 'number', 'Area Id', '0', '1', '1', '1', '1', '1', '{\"validation\":{\"rule\":\"required\"}}', '3');
INSERT INTO `data_rows` VALUES ('104', '14', 'created_at', 'timestamp', 'Created At', '0', '0', '0', '0', '0', '0', '{}', '4');
INSERT INTO `data_rows` VALUES ('105', '14', 'updated_at', 'timestamp', 'Updated At', '0', '0', '0', '0', '0', '0', '{}', '5');
INSERT INTO `data_rows` VALUES ('106', '14', 'deleted_at', 'timestamp', 'Deleted At', '0', '0', '0', '0', '0', '0', '{}', '6');
INSERT INTO `data_rows` VALUES ('107', '14', 'compound_belongsto_area_relationship', 'relationship', 'areas', '0', '1', '1', '1', '1', '1', '{\"model\":\"App\\\\Area\",\"table\":\"areas\",\"type\":\"belongsTo\",\"column\":\"area_id\",\"key\":\"id\",\"label\":\"name\",\"pivot_table\":\"areas\",\"pivot\":\"0\",\"taggable\":\"0\"}', '7');
INSERT INTO `data_rows` VALUES ('108', '15', 'id', 'text', 'Id', '1', '0', '0', '0', '0', '0', '{}', '1');
INSERT INTO `data_rows` VALUES ('109', '15', 'name', 'text', 'Name', '0', '1', '1', '1', '1', '1', '{}', '2');
INSERT INTO `data_rows` VALUES ('110', '15', 'color', 'color', 'Color', '0', '1', '1', '1', '1', '1', '{}', '3');
INSERT INTO `data_rows` VALUES ('111', '15', 'created_at', 'timestamp', 'Created At', '0', '0', '0', '0', '0', '0', '{}', '4');
INSERT INTO `data_rows` VALUES ('112', '15', 'updated_at', 'timestamp', 'Updated At', '0', '0', '0', '0', '0', '0', '{}', '5');
INSERT INTO `data_rows` VALUES ('113', '15', 'deleted_at', 'timestamp', 'Deleted At', '0', '0', '0', '0', '0', '0', '{}', '6');
INSERT INTO `data_rows` VALUES ('114', '16', 'id', 'text', 'Id', '1', '0', '0', '0', '0', '0', '{}', '1');
INSERT INTO `data_rows` VALUES ('115', '16', 'days', 'number', 'Days', '0', '1', '1', '1', '1', '1', '{}', '2');
INSERT INTO `data_rows` VALUES ('116', '16', 'price', 'number', 'Price', '0', '1', '1', '1', '1', '1', '{}', '3');
INSERT INTO `data_rows` VALUES ('117', '16', 'title', 'text', 'Title', '0', '1', '1', '1', '1', '1', '{}', '4');
INSERT INTO `data_rows` VALUES ('118', '16', 'desc', 'text', 'Desc', '0', '1', '1', '1', '1', '1', '{}', '5');
INSERT INTO `data_rows` VALUES ('119', '16', 'is_featured', 'checkbox', 'Is Featured', '0', '1', '1', '1', '1', '1', '{}', '6');
INSERT INTO `data_rows` VALUES ('120', '16', 'created_at', 'timestamp', 'Created At', '0', '0', '0', '0', '0', '0', '{}', '7');
INSERT INTO `data_rows` VALUES ('121', '16', 'updated_at', 'timestamp', 'Updated At', '0', '0', '0', '0', '0', '0', '{}', '8');
INSERT INTO `data_rows` VALUES ('122', '16', 'deleted_at', 'timestamp', 'Deleted At', '0', '0', '0', '0', '0', '0', '{}', '9');
INSERT INTO `data_rows` VALUES ('123', '17', 'id', 'text', 'Id', '1', '0', '0', '0', '0', '0', '{}', '1');
INSERT INTO `data_rows` VALUES ('124', '17', 'process', 'select_dropdown', 'Process', '1', '1', '1', '1', '1', '1', '{\"options\":{\"R\":\"Rent\",\"S\":\"Sale\"},\"validation\":{\"rule\":\"required\"}}', '2');
INSERT INTO `data_rows` VALUES ('125', '17', 'unit_type_id', 'text', 'Unit Type Id', '1', '1', '1', '1', '1', '1', '{\"validation\":{\"rule\":\"required\"}}', '3');
INSERT INTO `data_rows` VALUES ('126', '17', 'bedrooms', 'number', 'Bedrooms', '1', '1', '1', '1', '1', '1', '{\"validation\":{\"rule\":\"required\"}}', '4');
INSERT INTO `data_rows` VALUES ('127', '17', 'bathrooms', 'number', 'Bathrooms', '1', '1', '1', '1', '1', '1', '{\"validation\":{\"rule\":\"required\"}}', '5');
INSERT INTO `data_rows` VALUES ('128', '17', 'size', 'text', 'Size', '1', '1', '1', '1', '1', '1', '{\"validation\":{\"rule\":\"required|numeric\"}}', '6');
INSERT INTO `data_rows` VALUES ('129', '17', 'floor_no', 'text', 'Floor No', '0', '1', '1', '1', '1', '1', 'null', '7');
INSERT INTO `data_rows` VALUES ('131', '17', 'price', 'number', 'Price', '1', '1', '1', '1', '1', '1', '{\"validation\":{\"rule\":\"required\"}}', '9');
INSERT INTO `data_rows` VALUES ('132', '17', 'currency_id', 'text', 'Currency Id', '1', '1', '1', '1', '1', '1', '{\"validation\":{\"rule\":\"required\"}}', '10');
INSERT INTO `data_rows` VALUES ('133', '17', 'period_id', 'text', 'Period Id', '0', '1', '1', '1', '1', '1', '{}', '11');
INSERT INTO `data_rows` VALUES ('134', '17', 'governrate_id', 'text', 'Governrate Id', '1', '1', '1', '1', '1', '1', '{\"validation\":{\"rule\":\"required\"}}', '12');
INSERT INTO `data_rows` VALUES ('135', '17', 'area_id', 'text', 'Area Id', '1', '1', '1', '1', '1', '1', '{\"validation\":{\"rule\":\"required\"}}', '13');
INSERT INTO `data_rows` VALUES ('136', '17', 'compound_id', 'text', 'Compound Id', '0', '1', '1', '1', '1', '1', '{}', '14');
INSERT INTO `data_rows` VALUES ('137', '17', 'title', 'text', 'Title', '1', '1', '1', '1', '1', '1', '{\"validation\":{\"rule\":\"required\"}}', '15');
INSERT INTO `data_rows` VALUES ('138', '17', 'desc', 'text', 'Desc', '0', '0', '1', '1', '1', '1', '{}', '16');
INSERT INTO `data_rows` VALUES ('139', '17', 'img', 'multiple_images', 'Img', '0', '0', '1', '0', '1', '1', '{\"validation\":{\"rule\":\"required\"}}', '17');
INSERT INTO `data_rows` VALUES ('140', '17', 'floor_plan', 'image', 'Floor Plan', '0', '0', '1', '0', '1', '1', '{}', '18');
INSERT INTO `data_rows` VALUES ('141', '17', 'coordinates', 'coordinates', 'Coordinates', '0', '0', '1', '1', '1', '1', '{}', '19');
INSERT INTO `data_rows` VALUES ('142', '17', 'ref_code', 'text', 'Ref Code', '1', '1', '1', '0', '1', '1', '{\"validation\":{\"rule\":\"required|max:6|unique:lodges\"}}', '20');
INSERT INTO `data_rows` VALUES ('143', '17', 'status_id', 'text', 'Status Id', '1', '1', '1', '1', '0', '0', '{}', '21');
INSERT INTO `data_rows` VALUES ('144', '17', 'count_views', 'number', 'Count Views', '0', '0', '0', '0', '0', '0', '{}', '22');
INSERT INTO `data_rows` VALUES ('145', '17', 'count_like', 'number', 'Count Like', '0', '0', '0', '0', '0', '0', '{}', '23');
INSERT INTO `data_rows` VALUES ('146', '17', 'expiry_date', 'timestamp', 'Expiry Date', '0', '0', '0', '0', '0', '0', '{}', '24');
INSERT INTO `data_rows` VALUES ('147', '17', 'notes', 'text', 'Notes', '0', '0', '1', '1', '1', '1', '{}', '25');
INSERT INTO `data_rows` VALUES ('148', '17', 'created_at', 'timestamp', 'Created At', '0', '0', '0', '0', '0', '0', '{}', '26');
INSERT INTO `data_rows` VALUES ('149', '17', 'updated_at', 'timestamp', 'Updated At', '0', '0', '0', '0', '0', '0', '{}', '27');
INSERT INTO `data_rows` VALUES ('150', '17', 'deleted_at', 'timestamp', 'Deleted At', '0', '0', '0', '0', '0', '0', '{}', '28');
INSERT INTO `data_rows` VALUES ('151', '17', 'lodge_belongsto_unittype_relationship', 'relationship', 'unittypes', '0', '1', '1', '1', '1', '1', '{\"model\":\"App\\\\Unittype\",\"table\":\"unittypes\",\"type\":\"belongsTo\",\"column\":\"unit_type_id\",\"key\":\"id\",\"label\":\"name\",\"pivot_table\":\"areas\",\"pivot\":\"0\",\"taggable\":\"0\"}', '29');
INSERT INTO `data_rows` VALUES ('152', '17', 'lodge_belongsto_currency_relationship', 'relationship', 'currencies', '0', '1', '1', '1', '1', '1', '{\"model\":\"App\\\\Currency\",\"table\":\"currencies\",\"type\":\"belongsTo\",\"column\":\"currency_id\",\"key\":\"id\",\"label\":\"name\",\"pivot_table\":\"areas\",\"pivot\":\"0\",\"taggable\":\"0\"}', '30');
INSERT INTO `data_rows` VALUES ('153', '17', 'lodge_belongsto_period_relationship', 'relationship', 'periods', '0', '1', '1', '1', '1', '1', '{\"model\":\"App\\\\Period\",\"table\":\"periods\",\"type\":\"belongsTo\",\"column\":\"period_id\",\"key\":\"id\",\"label\":\"name\",\"pivot_table\":\"areas\",\"pivot\":\"0\",\"taggable\":\"0\"}', '31');
INSERT INTO `data_rows` VALUES ('154', '17', 'lodge_belongsto_governrate_relationship', 'relationship', 'governrates', '0', '1', '1', '1', '1', '1', '{\"model\":\"App\\\\Governrate\",\"table\":\"governrates\",\"type\":\"belongsTo\",\"column\":\"governrate_id\",\"key\":\"id\",\"label\":\"name\",\"pivot_table\":\"areas\",\"pivot\":\"0\",\"taggable\":\"0\"}', '32');
INSERT INTO `data_rows` VALUES ('155', '17', 'lodge_belongsto_area_relationship', 'relationship', 'areas', '0', '1', '1', '1', '1', '1', '{\"model\":\"App\\\\Area\",\"table\":\"areas\",\"type\":\"belongsTo\",\"column\":\"area_id\",\"key\":\"id\",\"label\":\"name\",\"pivot_table\":\"areas\",\"pivot\":\"0\",\"taggable\":\"0\"}', '33');
INSERT INTO `data_rows` VALUES ('156', '17', 'lodge_belongsto_compound_relationship', 'relationship', 'compounds', '0', '1', '1', '1', '1', '1', '{\"model\":\"App\\\\Compound\",\"table\":\"compounds\",\"type\":\"belongsTo\",\"column\":\"compound_id\",\"key\":\"id\",\"label\":\"name\",\"pivot_table\":\"areas\",\"pivot\":\"0\",\"taggable\":\"0\"}', '34');
INSERT INTO `data_rows` VALUES ('157', '17', 'lodge_belongsto_status_relationship', 'relationship', 'statuses', '0', '1', '1', '1', '0', '0', '{\"model\":\"App\\\\Status\",\"table\":\"statuses\",\"type\":\"belongsTo\",\"column\":\"status_id\",\"key\":\"id\",\"label\":\"name\",\"pivot_table\":\"areas\",\"pivot\":\"0\",\"taggable\":\"0\"}', '35');
INSERT INTO `data_rows` VALUES ('158', '18', 'id', 'text', 'Id', '1', '0', '0', '0', '0', '0', '{}', '1');
INSERT INTO `data_rows` VALUES ('159', '18', 'lodge_id', 'text', 'Lodge Id', '1', '1', '1', '1', '1', '1', '{}', '2');
INSERT INTO `data_rows` VALUES ('160', '18', 'option_id', 'text', 'Option Id', '1', '1', '1', '1', '1', '1', '{}', '3');
INSERT INTO `data_rows` VALUES ('161', '18', 'created_at', 'timestamp', 'Created At', '0', '0', '0', '0', '0', '0', '{}', '4');
INSERT INTO `data_rows` VALUES ('162', '18', 'updated_at', 'timestamp', 'Updated At', '0', '0', '0', '0', '0', '0', '{}', '5');
INSERT INTO `data_rows` VALUES ('163', '18', 'deleted_at', 'timestamp', 'Deleted At', '0', '0', '0', '0', '0', '0', '{}', '6');
INSERT INTO `data_rows` VALUES ('164', '18', 'lodgeoption_belongsto_lodge_relationship', 'relationship', 'lodges', '0', '1', '1', '1', '1', '1', '{\"model\":\"App\\\\Lodge\",\"table\":\"lodges\",\"type\":\"belongsTo\",\"column\":\"lodge_id\",\"key\":\"id\",\"label\":\"ref_code\",\"pivot_table\":\"areas\",\"pivot\":\"0\",\"taggable\":\"0\"}', '7');
INSERT INTO `data_rows` VALUES ('165', '18', 'lodgeoption_belongsto_option_relationship', 'relationship', 'options', '0', '1', '1', '1', '1', '1', '{\"model\":\"App\\\\Option\",\"table\":\"options\",\"type\":\"belongsTo\",\"column\":\"option_id\",\"key\":\"id\",\"label\":\"name\",\"pivot_table\":\"areas\",\"pivot\":\"0\",\"taggable\":\"0\"}', '8');
INSERT INTO `data_rows` VALUES ('166', '17', 'lodge_belongsto_user_relationship', 'relationship', 'users', '0', '1', '1', '1', '1', '1', '{\"model\":\"App\\\\User\",\"table\":\"users\",\"type\":\"belongsTo\",\"column\":\"user_id\",\"key\":\"id\",\"label\":\"name\",\"pivot_table\":\"areas\",\"pivot\":\"0\",\"taggable\":\"0\"}', '36');
INSERT INTO `data_rows` VALUES ('167', '17', 'user_id', 'text', 'User Id', '1', '1', '1', '1', '1', '1', '{\"validation\":{\"rule\":\"required\"}}', '28');
INSERT INTO `data_rows` VALUES ('168', '19', 'id', 'text', 'Id', '1', '0', '0', '0', '0', '0', '{}', '1');
INSERT INTO `data_rows` VALUES ('169', '19', 'package_id', 'text', 'Package Id', '0', '1', '1', '1', '1', '1', '{}', '4');
INSERT INTO `data_rows` VALUES ('170', '19', 'lodge_id', 'text', 'Lodge Id', '0', '1', '1', '1', '1', '1', '{}', '2');
INSERT INTO `data_rows` VALUES ('171', '19', 'status_id', 'text', 'Status Id', '0', '1', '1', '1', '1', '1', '{}', '3');
INSERT INTO `data_rows` VALUES ('172', '19', 'start', 'date', 'Start', '0', '1', '1', '1', '1', '1', '{}', '5');
INSERT INTO `data_rows` VALUES ('173', '19', 'end', 'date', 'End', '0', '1', '1', '1', '1', '1', '{}', '6');
INSERT INTO `data_rows` VALUES ('174', '19', 'remaining_days', 'text', 'Remaining Days', '0', '0', '0', '0', '0', '0', '{}', '7');
INSERT INTO `data_rows` VALUES ('175', '19', 'fort_id', 'text', 'Fort Id', '0', '0', '0', '0', '0', '0', '{}', '8');
INSERT INTO `data_rows` VALUES ('176', '19', 'created_at', 'timestamp', 'Created At', '0', '0', '0', '0', '0', '0', '{}', '9');
INSERT INTO `data_rows` VALUES ('177', '19', 'updated_at', 'timestamp', 'Updated At', '0', '0', '0', '0', '0', '0', '{}', '10');
INSERT INTO `data_rows` VALUES ('178', '19', 'deleted_at', 'timestamp', 'Deleted At', '0', '0', '0', '0', '0', '0', '{}', '11');
INSERT INTO `data_rows` VALUES ('179', '19', 'packagetransaction_belongsto_lodge_relationship', 'relationship', 'lodges', '0', '1', '1', '1', '1', '1', '{\"model\":\"App\\\\Lodge\",\"table\":\"lodges\",\"type\":\"belongsTo\",\"column\":\"lodge_id\",\"key\":\"id\",\"label\":\"ref_code\",\"pivot_table\":\"areas\",\"pivot\":\"0\",\"taggable\":\"0\"}', '12');
INSERT INTO `data_rows` VALUES ('180', '19', 'packagetransaction_belongsto_package_relationship', 'relationship', 'packages', '0', '1', '1', '1', '1', '1', '{\"model\":\"App\\\\Package\",\"table\":\"packages\",\"type\":\"belongsTo\",\"column\":\"package_id\",\"key\":\"id\",\"label\":\"title\",\"pivot_table\":\"areas\",\"pivot\":\"0\",\"taggable\":\"0\"}', '14');
INSERT INTO `data_rows` VALUES ('181', '19', 'packagetransaction_belongsto_status_relationship', 'relationship', 'statuses', '0', '1', '1', '1', '1', '1', '{\"model\":\"App\\\\Status\",\"table\":\"statuses\",\"type\":\"belongsTo\",\"column\":\"status_id\",\"key\":\"id\",\"label\":\"name\",\"pivot_table\":\"areas\",\"pivot\":\"0\",\"taggable\":\"0\"}', '15');
INSERT INTO `data_rows` VALUES ('182', '20', 'id', 'text', 'Id', '1', '0', '0', '0', '0', '0', '{}', '1');
INSERT INTO `data_rows` VALUES ('183', '20', 'text', 'text', 'Text', '0', '1', '1', '1', '1', '1', '{\"validation\":{\"rule\":\"required|max:20\"}}', '2');
INSERT INTO `data_rows` VALUES ('184', '20', 'img', 'image', 'Img', '0', '1', '1', '1', '1', '1', '{\"validation\":{\"rule\":\"required\"}}', '3');
INSERT INTO `data_rows` VALUES ('185', '20', 'created_at', 'timestamp', 'Created At', '0', '0', '0', '0', '0', '0', '{}', '4');
INSERT INTO `data_rows` VALUES ('186', '20', 'updated_at', 'timestamp', 'Updated At', '0', '0', '0', '0', '0', '0', '{}', '5');
INSERT INTO `data_rows` VALUES ('187', '20', 'deleted_at', 'timestamp', 'Deleted At', '0', '0', '0', '0', '0', '0', '{}', '6');
INSERT INTO `data_rows` VALUES ('188', '13', 'featured', 'checkbox', 'Featured', '0', '1', '1', '1', '1', '1', '{}', '7');
INSERT INTO `data_rows` VALUES ('189', '13', 'img', 'image', 'Img', '0', '1', '1', '1', '1', '1', '{\"validation\":{\"rule\":\"required\"}}', '8');
INSERT INTO `data_rows` VALUES ('190', '21', 'id', 'text', 'Id', '1', '0', '0', '0', '0', '0', '{}', '1');
INSERT INTO `data_rows` VALUES ('191', '21', 'lodge_id', 'text', 'Lodge Id', '0', '1', '1', '1', '1', '1', '{}', '2');
INSERT INTO `data_rows` VALUES ('192', '21', 'user_id', 'text', 'User Id', '0', '1', '1', '1', '1', '1', '{}', '3');
INSERT INTO `data_rows` VALUES ('193', '21', 'created_at', 'timestamp', 'Created At', '0', '0', '0', '0', '0', '0', '{}', '4');
INSERT INTO `data_rows` VALUES ('194', '21', 'updated_at', 'timestamp', 'Updated At', '0', '0', '0', '0', '0', '0', '{}', '5');
INSERT INTO `data_rows` VALUES ('195', '21', 'deleted_at', 'timestamp', 'Deleted At', '0', '0', '0', '0', '0', '0', '{}', '6');
INSERT INTO `data_rows` VALUES ('196', '21', 'like_belongsto_lodge_relationship', 'relationship', 'lodges', '0', '1', '1', '1', '1', '1', '{\"model\":\"App\\\\Lodge\",\"table\":\"lodges\",\"type\":\"belongsTo\",\"column\":\"lodge_id\",\"key\":\"id\",\"label\":\"ref_code\",\"pivot_table\":\"areas\",\"pivot\":\"0\",\"taggable\":\"0\"}', '7');
INSERT INTO `data_rows` VALUES ('197', '21', 'like_belongsto_user_relationship', 'relationship', 'users', '0', '1', '1', '1', '1', '1', '{\"model\":\"App\\\\User\",\"table\":\"users\",\"type\":\"belongsTo\",\"column\":\"user_id\",\"key\":\"id\",\"label\":\"email\",\"pivot_table\":\"areas\",\"pivot\":\"0\",\"taggable\":\"0\"}', '8');
INSERT INTO `data_rows` VALUES ('198', '1', 'fb_id', 'text', 'Fb Id', '0', '0', '0', '0', '0', '0', '{}', '13');
INSERT INTO `data_rows` VALUES ('199', '22', 'id', 'text', 'Id', '1', '0', '0', '0', '0', '0', '{}', '1');
INSERT INTO `data_rows` VALUES ('200', '22', 'name', 'text', 'Name', '0', '1', '1', '1', '1', '1', '{}', '2');
INSERT INTO `data_rows` VALUES ('201', '22', 'icon', 'image', 'Icon', '0', '1', '1', '1', '1', '1', '{}', '3');
INSERT INTO `data_rows` VALUES ('202', '22', 'created_at', 'timestamp', 'Created At', '0', '0', '0', '0', '0', '0', '{}', '4');
INSERT INTO `data_rows` VALUES ('203', '22', 'updated_at', 'timestamp', 'Updated At', '0', '0', '0', '0', '0', '0', '{}', '5');
INSERT INTO `data_rows` VALUES ('204', '22', 'deleted_at', 'timestamp', 'Deleted At', '0', '0', '0', '0', '0', '0', '{}', '6');
INSERT INTO `data_rows` VALUES ('205', '23', 'id', 'text', 'Id', '1', '0', '0', '0', '0', '0', '{}', '1');
INSERT INTO `data_rows` VALUES ('206', '23', 'user_id', 'text', 'User Id', '0', '1', '1', '1', '1', '1', '{}', '2');
INSERT INTO `data_rows` VALUES ('207', '23', 'badge_id', 'text', 'Badge Id', '0', '1', '1', '1', '1', '1', '{}', '3');
INSERT INTO `data_rows` VALUES ('208', '23', 'rate', 'number', 'Rate', '0', '1', '1', '1', '1', '1', '{}', '4');
INSERT INTO `data_rows` VALUES ('209', '23', 'created_at', 'timestamp', 'Created At', '0', '0', '0', '0', '0', '0', '{}', '5');
INSERT INTO `data_rows` VALUES ('210', '23', 'updated_at', 'timestamp', 'Updated At', '0', '0', '0', '0', '0', '0', '{}', '6');
INSERT INTO `data_rows` VALUES ('211', '23', 'deleted_at', 'timestamp', 'Deleted At', '0', '0', '0', '0', '0', '0', '{}', '7');
INSERT INTO `data_rows` VALUES ('212', '23', 'rate_belongsto_badge_relationship', 'relationship', 'badges', '0', '1', '1', '1', '1', '1', '{\"model\":\"App\\\\Badge\",\"table\":\"badges\",\"type\":\"belongsTo\",\"column\":\"badge_id\",\"key\":\"id\",\"label\":\"name\",\"pivot_table\":\"areas\",\"pivot\":\"0\",\"taggable\":\"0\"}', '8');
INSERT INTO `data_rows` VALUES ('213', '23', 'rate_belongsto_user_relationship', 'relationship', 'users', '0', '1', '1', '1', '1', '1', '{\"model\":\"App\\\\User\",\"table\":\"users\",\"type\":\"belongsTo\",\"column\":\"user_id\",\"key\":\"id\",\"label\":\"name\",\"pivot_table\":\"areas\",\"pivot\":\"0\",\"taggable\":\"0\"}', '9');
INSERT INTO `data_rows` VALUES ('214', '24', 'id', 'text', 'Id', '1', '0', '0', '0', '0', '0', '{}', '1');
INSERT INTO `data_rows` VALUES ('215', '24', 'user_id', 'text', 'User Id', '0', '1', '1', '1', '1', '1', '{}', '2');
INSERT INTO `data_rows` VALUES ('216', '24', 'token', 'text', 'Token', '0', '1', '1', '1', '1', '1', '{}', '3');
INSERT INTO `data_rows` VALUES ('217', '24', 'created_at', 'timestamp', 'Created At', '0', '0', '0', '0', '0', '0', '{}', '4');
INSERT INTO `data_rows` VALUES ('218', '24', 'updated_at', 'timestamp', 'Updated At', '0', '0', '0', '0', '0', '0', '{}', '5');
INSERT INTO `data_rows` VALUES ('219', '24', 'deleted_at', 'timestamp', 'Deleted At', '0', '0', '0', '0', '0', '0', '{}', '6');
INSERT INTO `data_rows` VALUES ('220', '24', 'apntoken_belongsto_user_relationship', 'relationship', 'users', '0', '1', '1', '1', '1', '1', '{\"model\":\"App\\\\User\",\"table\":\"users\",\"type\":\"belongsTo\",\"column\":\"user_id\",\"key\":\"id\",\"label\":\"email\",\"pivot_table\":\"apntokens\",\"pivot\":\"0\",\"taggable\":\"0\"}', '7');
INSERT INTO `data_rows` VALUES ('221', '25', 'id', 'text', 'Id', '1', '0', '0', '0', '0', '0', '{}', '1');
INSERT INTO `data_rows` VALUES ('222', '25', 'name', 'text', 'Name', '0', '1', '1', '1', '1', '1', '{}', '2');
INSERT INTO `data_rows` VALUES ('223', '25', 'created_at', 'timestamp', 'Created At', '0', '0', '0', '0', '0', '0', '{}', '3');
INSERT INTO `data_rows` VALUES ('224', '25', 'updated_at', 'timestamp', 'Updated At', '0', '0', '0', '0', '0', '0', '{}', '4');
INSERT INTO `data_rows` VALUES ('225', '25', 'deleted_at', 'timestamp', 'Deleted At', '0', '0', '0', '0', '0', '0', '{}', '5');
INSERT INTO `data_rows` VALUES ('226', '26', 'id', 'text', 'Id', '1', '0', '0', '0', '0', '0', '{}', '1');
INSERT INTO `data_rows` VALUES ('227', '26', 'sentence', 'text', 'Sentence', '0', '1', '1', '1', '1', '1', '{\"validation\":{\"rule\":\"required\"}}', '2');
INSERT INTO `data_rows` VALUES ('228', '26', 'created_at', 'timestamp', 'Created At', '0', '0', '0', '0', '0', '0', '{}', '3');
INSERT INTO `data_rows` VALUES ('229', '26', 'updated_at', 'timestamp', 'Updated At', '0', '0', '0', '0', '0', '0', '{}', '4');
INSERT INTO `data_rows` VALUES ('230', '26', 'deleted_at', 'timestamp', 'Deleted At', '0', '0', '0', '0', '0', '0', '{}', '5');
INSERT INTO `data_rows` VALUES ('231', '27', 'id', 'text', 'Id', '1', '0', '0', '0', '0', '0', '{}', '1');
INSERT INTO `data_rows` VALUES ('232', '27', 'name', 'text', 'Name', '0', '1', '1', '1', '1', '1', '{\"validation\":{\"rule\":\"required\"}}', '2');
INSERT INTO `data_rows` VALUES ('233', '27', 'created_at', 'timestamp', 'Created At', '0', '0', '0', '0', '0', '0', '{}', '3');
INSERT INTO `data_rows` VALUES ('234', '27', 'updated_at', 'timestamp', 'Updated At', '0', '0', '0', '0', '0', '0', '{}', '4');
INSERT INTO `data_rows` VALUES ('235', '27', 'deleted_at', 'timestamp', 'Deleted At', '0', '0', '0', '0', '0', '0', '{}', '5');
INSERT INTO `data_rows` VALUES ('236', '17', 'iframe', 'text', 'Iframe', '0', '0', '1', '0', '0', '1', '{}', '29');
INSERT INTO `data_rows` VALUES ('237', '19', 'note', 'text', 'Note', '0', '0', '1', '0', '0', '0', '{}', '13');
INSERT INTO `data_rows` VALUES ('238', '28', 'id', 'text', 'Id', '1', '0', '0', '0', '0', '0', '{}', '1');
INSERT INTO `data_rows` VALUES ('239', '28', 'title', 'text', 'Title', '0', '1', '1', '1', '1', '1', '{\"validation\":{\"rule\":\"required|max:100\"}}', '2');
INSERT INTO `data_rows` VALUES ('240', '28', 'content', 'text', 'Content', '0', '1', '1', '1', '1', '1', '{\"validation\":{\"rule\":\"required|max:100\"}}', '3');
INSERT INTO `data_rows` VALUES ('241', '28', 'topic', 'select_dropdown', 'Topic', '0', '1', '1', '1', '1', '1', '{\"default\":\"News\",\"options\":{\"News\":\"News\"}}', '4');
INSERT INTO `data_rows` VALUES ('242', '28', 'created_at', 'timestamp', 'Created At', '0', '0', '0', '0', '0', '0', '{}', '5');
INSERT INTO `data_rows` VALUES ('243', '28', 'updated_at', 'timestamp', 'Updated At', '0', '0', '0', '0', '0', '0', '{}', '6');
INSERT INTO `data_rows` VALUES ('244', '28', 'deleted_at', 'timestamp', 'Deleted At', '0', '0', '0', '0', '0', '0', '{}', '7');
INSERT INTO `data_rows` VALUES ('245', '29', 'id', 'text', 'Id', '1', '0', '0', '0', '0', '0', '{}', '1');
INSERT INTO `data_rows` VALUES ('246', '29', 'store_id', 'text', 'Store Id', '0', '1', '1', '1', '1', '1', '{}', '2');
INSERT INTO `data_rows` VALUES ('248', '29', 'created_at', 'timestamp', 'Created At', '0', '0', '0', '0', '0', '0', '{}', '4');
INSERT INTO `data_rows` VALUES ('249', '29', 'updated_at', 'timestamp', 'Updated At', '0', '0', '0', '0', '0', '0', '{}', '5');
INSERT INTO `data_rows` VALUES ('250', '29', 'deleted_at', 'timestamp', 'Deleted At', '0', '0', '0', '0', '0', '0', '{}', '6');
INSERT INTO `data_rows` VALUES ('251', '29', 'store_category_belongsto_store_relationship', 'relationship', 'stores', '0', '1', '1', '1', '1', '1', '{\"model\":\"App\\\\Store\",\"table\":\"stores\",\"type\":\"belongsTo\",\"column\":\"store_id\",\"key\":\"id\",\"label\":\"name\",\"pivot_table\":\"apntokens\",\"pivot\":\"0\",\"taggable\":\"0\"}', '7');
INSERT INTO `data_rows` VALUES ('252', '29', 'store_category_belongsto_suppliercategory_relationship', 'relationship', 'suppliercategories', '0', '1', '1', '1', '1', '1', '{\"model\":\"App\\\\Suppliercategory\",\"table\":\"suppliercategories\",\"type\":\"belongsTo\",\"column\":\"cat_id\",\"key\":\"id\",\"label\":\"name\",\"pivot_table\":\"apntokens\",\"pivot\":\"0\",\"taggable\":\"0\"}', '8');
INSERT INTO `data_rows` VALUES ('253', '30', 'id', 'text', 'Id', '1', '0', '0', '0', '0', '0', '{}', '1');
INSERT INTO `data_rows` VALUES ('254', '30', 'title', 'text', 'Title', '0', '1', '1', '1', '1', '1', '{}', '2');
INSERT INTO `data_rows` VALUES ('255', '30', 'img', 'image', 'Img', '0', '1', '1', '1', '1', '1', '{}', '3');
INSERT INTO `data_rows` VALUES ('257', '30', 'desc', 'text_area', 'Desc', '0', '1', '1', '1', '1', '1', '{}', '5');
INSERT INTO `data_rows` VALUES ('258', '30', 'created_at', 'timestamp', 'Created At', '0', '0', '0', '0', '0', '0', '{}', '6');
INSERT INTO `data_rows` VALUES ('259', '30', 'updated_at', 'timestamp', 'Updated At', '0', '0', '0', '0', '0', '0', '{}', '7');
INSERT INTO `data_rows` VALUES ('260', '30', 'deleted_at', 'timestamp', 'Deleted At', '0', '0', '0', '0', '0', '0', '{}', '8');
INSERT INTO `data_rows` VALUES ('261', '30', 'offer_belongsto_store_category_relationship', 'relationship', 'store_categories', '0', '1', '1', '1', '1', '1', '{\"model\":\"App\\\\StoreCategory\",\"table\":\"store_categories\",\"type\":\"belongsTo\",\"column\":\"storecat_id\",\"key\":\"id\",\"label\":\"id\",\"pivot_table\":\"apntokens\",\"pivot\":\"0\",\"taggable\":\"0\"}', '9');
INSERT INTO `data_rows` VALUES ('262', '31', 'id', 'text', 'Id', '1', '0', '0', '0', '0', '0', '{}', '1');
INSERT INTO `data_rows` VALUES ('263', '31', 'name', 'text', 'Name', '1', '1', '1', '1', '1', '1', '{}', '2');
INSERT INTO `data_rows` VALUES ('264', '31', 'original_price', 'text', 'Original Price', '0', '1', '1', '1', '1', '1', '{}', '3');
INSERT INTO `data_rows` VALUES ('265', '31', 'discounted_price', 'text', 'Discounted Price', '0', '1', '1', '1', '1', '1', '{}', '4');
INSERT INTO `data_rows` VALUES ('266', '31', 'img', 'image', 'Img', '0', '1', '1', '1', '1', '1', '{}', '5');
INSERT INTO `data_rows` VALUES ('267', '31', 'offer_id', 'text', 'Offer Id', '0', '1', '1', '1', '1', '1', '{}', '6');
INSERT INTO `data_rows` VALUES ('268', '31', 'created_at', 'timestamp', 'Created At', '0', '0', '0', '0', '0', '0', '{}', '7');
INSERT INTO `data_rows` VALUES ('269', '31', 'updated_at', 'timestamp', 'Updated At', '0', '0', '0', '0', '0', '0', '{}', '8');
INSERT INTO `data_rows` VALUES ('270', '31', 'deleted_at', 'timestamp', 'Deleted At', '0', '0', '0', '0', '0', '0', '{}', '9');
INSERT INTO `data_rows` VALUES ('271', '31', 'product_belongsto_offer_relationship', 'relationship', 'offers', '0', '1', '1', '1', '1', '1', '{\"model\":\"App\\\\Offer\",\"table\":\"offers\",\"type\":\"belongsTo\",\"column\":\"offer_id\",\"key\":\"id\",\"label\":\"title\",\"pivot_table\":\"apntokens\",\"pivot\":\"0\",\"taggable\":\"0\"}', '10');
INSERT INTO `data_rows` VALUES ('272', '32', 'id', 'text', 'Id', '1', '0', '0', '0', '0', '0', '{}', '1');
INSERT INTO `data_rows` VALUES ('273', '32', 'name', 'text', 'Name', '0', '1', '1', '1', '1', '1', '{}', '2');
INSERT INTO `data_rows` VALUES ('274', '32', 'tags', 'text', 'Tags', '0', '1', '1', '1', '1', '1', '{}', '3');
INSERT INTO `data_rows` VALUES ('275', '32', 'logo', 'image', 'Logo', '0', '1', '1', '1', '1', '1', '{}', '4');
INSERT INTO `data_rows` VALUES ('276', '32', 'featured_img', 'image', 'Featured Img', '0', '1', '1', '1', '1', '1', '{}', '5');
INSERT INTO `data_rows` VALUES ('277', '32', 'address', 'text', 'Address', '0', '1', '1', '1', '1', '1', '{}', '6');
INSERT INTO `data_rows` VALUES ('278', '32', 'coordinates', 'coordinates', 'Coordinates', '0', '1', '1', '1', '1', '1', '{}', '7');
INSERT INTO `data_rows` VALUES ('279', '32', 'phone', 'text', 'Phone', '0', '1', '1', '1', '1', '1', '{}', '8');
INSERT INTO `data_rows` VALUES ('280', '32', 'website', 'text', 'Website', '0', '1', '1', '1', '1', '1', '{}', '9');
INSERT INTO `data_rows` VALUES ('281', '32', 'facebook', 'text', 'Facebook', '0', '1', '1', '1', '1', '1', '{}', '10');
INSERT INTO `data_rows` VALUES ('282', '32', 'youtube', 'text', 'Youtube', '0', '1', '1', '1', '1', '1', '{}', '11');
INSERT INTO `data_rows` VALUES ('283', '32', 'instagram', 'text', 'Instagram', '0', '1', '1', '1', '1', '1', '{}', '12');
INSERT INTO `data_rows` VALUES ('284', '32', 'desc', 'text_area', 'Desc', '0', '1', '1', '1', '1', '1', '{}', '13');
INSERT INTO `data_rows` VALUES ('286', '32', 'created_at', 'timestamp', 'Created At', '0', '0', '0', '0', '0', '0', '{}', '15');
INSERT INTO `data_rows` VALUES ('287', '32', 'updated_at', 'timestamp', 'Updated At', '0', '0', '0', '0', '0', '0', '{}', '16');
INSERT INTO `data_rows` VALUES ('288', '32', 'deleted_at', 'timestamp', 'Deleted At', '0', '0', '0', '0', '0', '0', '{}', '17');
INSERT INTO `data_rows` VALUES ('290', '33', 'id', 'text', 'Id', '1', '0', '0', '0', '0', '0', '{}', '1');
INSERT INTO `data_rows` VALUES ('291', '33', 'name', 'text', 'Name', '0', '1', '1', '1', '1', '1', '{}', '2');
INSERT INTO `data_rows` VALUES ('292', '33', 'img', 'image', 'Img', '0', '1', '1', '1', '1', '1', '{}', '3');
INSERT INTO `data_rows` VALUES ('293', '33', 'created_at', 'timestamp', 'Created At', '0', '0', '0', '0', '0', '0', '{}', '4');
INSERT INTO `data_rows` VALUES ('294', '33', 'updated_at', 'timestamp', 'Updated At', '0', '0', '0', '0', '0', '0', '{}', '5');
INSERT INTO `data_rows` VALUES ('295', '33', 'deleted_at', 'timestamp', 'Deleted At', '0', '0', '0', '0', '0', '0', '{}', '6');
INSERT INTO `data_rows` VALUES ('296', '29', 'cat_id', 'text', 'Cat Id', '0', '1', '1', '1', '1', '1', '{}', '3');
INSERT INTO `data_rows` VALUES ('297', '30', 'storecat_id', 'text', 'Storecat Id', '0', '1', '1', '1', '1', '1', '{}', '4');
INSERT INTO `data_rows` VALUES ('298', '30', 'exp_date', 'date', 'Exp Date', '0', '1', '1', '1', '1', '1', '{}', '9');
INSERT INTO `data_rows` VALUES ('299', '30', 'type', 'text', 'Type', '0', '1', '1', '1', '1', '1', '{}', '10');
INSERT INTO `data_rows` VALUES ('300', '34', 'id', 'text', 'Id', '1', '0', '0', '0', '0', '0', '{}', '1');
INSERT INTO `data_rows` VALUES ('301', '34', 'areas', 'text', 'Areas', '0', '1', '1', '1', '1', '1', '{}', '2');
INSERT INTO `data_rows` VALUES ('302', '34', 'desc', 'text_area', 'Desc', '0', '1', '1', '1', '1', '1', '{}', '3');
INSERT INTO `data_rows` VALUES ('303', '34', 'user_id', 'text', 'User Id', '0', '1', '1', '1', '1', '1', '{}', '4');
INSERT INTO `data_rows` VALUES ('304', '34', 'created_at', 'timestamp', 'Created At', '0', '0', '0', '0', '0', '0', '{}', '5');
INSERT INTO `data_rows` VALUES ('305', '34', 'updated_at', 'timestamp', 'Updated At', '0', '0', '0', '0', '0', '0', '{}', '6');
INSERT INTO `data_rows` VALUES ('306', '34', 'deleted_at', 'timestamp', 'Deleted At', '0', '0', '0', '0', '0', '0', '{}', '7');
INSERT INTO `data_rows` VALUES ('307', '34', 'img', 'image', 'Img', '0', '1', '1', '1', '1', '1', '{}', '8');
INSERT INTO `data_rows` VALUES ('308', '34', 'logo', 'image', 'Logo', '0', '1', '1', '1', '1', '1', '{}', '9');
INSERT INTO `data_rows` VALUES ('309', '34', 'developer_belongsto_user_relationship', 'relationship', 'users', '0', '1', '1', '1', '1', '1', '{\"model\":\"App\\\\User\",\"table\":\"users\",\"type\":\"belongsTo\",\"column\":\"user_id\",\"key\":\"id\",\"label\":\"name\",\"pivot_table\":\"apntokens\",\"pivot\":\"0\",\"taggable\":\"0\"}', '10');
INSERT INTO `data_rows` VALUES ('310', '34', 'coordinates', 'coordinates', 'Coordinates', '0', '1', '1', '1', '1', '1', '{}', '10');
INSERT INTO `data_rows` VALUES ('311', '34', 'website', 'text', 'Website', '0', '1', '1', '1', '1', '1', '{}', '11');
INSERT INTO `data_rows` VALUES ('312', '34', 'facebook', 'text', 'Facebook', '0', '1', '1', '1', '1', '1', '{}', '12');
INSERT INTO `data_rows` VALUES ('313', '34', 'instagram', 'text', 'Instagram', '0', '1', '1', '1', '1', '1', '{}', '13');
INSERT INTO `data_rows` VALUES ('314', '34', 'youtube', 'text', 'Youtube', '0', '1', '1', '1', '1', '1', '{}', '14');

-- ----------------------------
-- Table structure for data_types
-- ----------------------------
DROP TABLE IF EXISTS `data_types`;
CREATE TABLE `data_types` (
  `id` int(10) unsigned NOT NULL AUTO_INCREMENT,
  `name` varchar(191) COLLATE utf8mb4_unicode_ci NOT NULL,
  `slug` varchar(191) COLLATE utf8mb4_unicode_ci NOT NULL,
  `display_name_singular` varchar(191) COLLATE utf8mb4_unicode_ci NOT NULL,
  `display_name_plural` varchar(191) COLLATE utf8mb4_unicode_ci NOT NULL,
  `icon` varchar(191) COLLATE utf8mb4_unicode_ci DEFAULT NULL,
  `model_name` varchar(191) COLLATE utf8mb4_unicode_ci DEFAULT NULL,
  `policy_name` varchar(191) COLLATE utf8mb4_unicode_ci DEFAULT NULL,
  `controller` varchar(191) COLLATE utf8mb4_unicode_ci DEFAULT NULL,
  `description` varchar(191) COLLATE utf8mb4_unicode_ci DEFAULT NULL,
  `generate_permissions` tinyint(1) NOT NULL DEFAULT '0',
  `server_side` tinyint(4) NOT NULL DEFAULT '0',
  `details` text COLLATE utf8mb4_unicode_ci,
  `created_at` timestamp NULL DEFAULT NULL,
  `updated_at` timestamp NULL DEFAULT NULL,
  PRIMARY KEY (`id`),
  UNIQUE KEY `data_types_name_unique` (`name`),
  UNIQUE KEY `data_types_slug_unique` (`slug`)
) ENGINE=InnoDB AUTO_INCREMENT=35 DEFAULT CHARSET=utf8mb4 COLLATE=utf8mb4_unicode_ci;

-- ----------------------------
-- Records of data_types
-- ----------------------------
INSERT INTO `data_types` VALUES ('1', 'users', 'users', 'User', 'Users', 'voyager-person', 'TCG\\Voyager\\Models\\User', 'TCG\\Voyager\\Policies\\UserPolicy', 'TCG\\Voyager\\Http\\Controllers\\VoyagerUserController', null, '1', '0', '{\"order_column\":null,\"order_display_column\":null,\"order_direction\":\"desc\",\"default_search_key\":null,\"scope\":null}', '2019-05-08 10:49:57', '2019-09-01 14:19:34');
INSERT INTO `data_types` VALUES ('2', 'menus', 'menus', 'Menu', 'Menus', 'voyager-list', 'TCG\\Voyager\\Models\\Menu', null, '', '', '1', '0', null, '2019-05-08 10:49:57', '2019-05-08 10:49:57');
INSERT INTO `data_types` VALUES ('3', 'roles', 'roles', 'Role', 'Roles', 'voyager-lock', 'TCG\\Voyager\\Models\\Role', null, '', '', '1', '0', null, '2019-05-08 10:49:57', '2019-05-08 10:49:57');
INSERT INTO `data_types` VALUES ('4', 'categories', 'categories', 'Category', 'Categories', 'voyager-categories', 'TCG\\Voyager\\Models\\Category', null, '', '', '1', '0', null, '2019-05-08 10:50:10', '2019-05-08 10:50:10');
INSERT INTO `data_types` VALUES ('5', 'posts', 'posts', 'Post', 'Posts', 'voyager-news', 'TCG\\Voyager\\Models\\Post', 'TCG\\Voyager\\Policies\\PostPolicy', '', '', '1', '0', null, '2019-05-08 10:50:14', '2019-05-08 10:50:14');
INSERT INTO `data_types` VALUES ('6', 'pages', 'pages', 'Page', 'Pages', 'voyager-file-text', 'TCG\\Voyager\\Models\\Page', null, '', '', '1', '0', null, '2019-05-08 10:50:17', '2019-05-08 10:50:17');
INSERT INTO `data_types` VALUES ('7', 'unittypes', 'unittypes', 'Unittype', 'Unittypes', null, 'App\\Unittype', null, 'App\\Http\\Controllers\\UnitTypeController', null, '1', '0', '{\"order_column\":null,\"order_display_column\":null,\"order_direction\":\"asc\",\"default_search_key\":null,\"scope\":null}', '2019-05-14 09:57:18', '2019-09-02 14:32:07');
INSERT INTO `data_types` VALUES ('8', 'features', 'features', 'Feature', 'Features', null, 'App\\Feature', null, 'App\\Http\\Controllers\\FeatureController', null, '1', '0', '{\"order_column\":null,\"order_display_column\":null,\"order_direction\":\"asc\",\"default_search_key\":null,\"scope\":null}', '2019-05-14 11:30:58', '2019-08-05 15:10:32');
INSERT INTO `data_types` VALUES ('9', 'options', 'options', 'Option', 'Options', null, 'App\\Option', null, null, null, '1', '0', '{\"order_column\":null,\"order_display_column\":null,\"order_direction\":\"asc\",\"default_search_key\":null,\"scope\":null}', '2019-05-14 12:05:01', '2019-08-06 10:25:25');
INSERT INTO `data_types` VALUES ('10', 'currencies', 'currencies', 'Currency', 'Currencies', null, 'App\\Currency', null, 'App\\Http\\Controllers\\CurrencyController', null, '1', '0', '{\"order_column\":null,\"order_display_column\":null,\"order_direction\":\"asc\",\"default_search_key\":null,\"scope\":null}', '2019-05-14 12:54:15', '2019-09-02 14:31:08');
INSERT INTO `data_types` VALUES ('11', 'periods', 'periods', 'Period', 'Periods', null, 'App\\Period', null, null, null, '1', '0', '{\"order_column\":null,\"order_display_column\":null,\"order_direction\":\"asc\",\"default_search_key\":null,\"scope\":null}', '2019-05-14 13:18:14', '2019-08-02 14:24:52');
INSERT INTO `data_types` VALUES ('12', 'governrates', 'governrates', 'Governorate', 'Governorates', null, 'App\\Governrate', null, 'App\\Http\\Controllers\\GovernrateController', null, '1', '0', '{\"order_column\":null,\"order_display_column\":null,\"order_direction\":\"asc\",\"default_search_key\":null,\"scope\":null}', '2019-05-14 13:30:51', '2019-09-02 14:31:29');
INSERT INTO `data_types` VALUES ('13', 'areas', 'areas', 'Area', 'Areas', null, 'App\\Area', null, 'App\\Http\\Controllers\\AreaController', null, '1', '0', '{\"order_column\":null,\"order_display_column\":null,\"order_direction\":\"asc\",\"default_search_key\":null,\"scope\":null}', '2019-05-14 13:32:57', '2019-09-02 14:30:35');
INSERT INTO `data_types` VALUES ('14', 'compounds', 'compounds', 'Compound', 'Compounds', null, 'App\\Compound', null, 'App\\Http\\Controllers\\CompoundController', null, '1', '0', '{\"order_column\":null,\"order_display_column\":null,\"order_direction\":\"asc\",\"default_search_key\":null,\"scope\":null}', '2019-05-14 14:29:12', '2019-09-02 14:30:50');
INSERT INTO `data_types` VALUES ('15', 'statuses', 'statuses', 'Status', 'Statuses', null, 'App\\Status', null, null, null, '1', '0', '{\"order_column\":null,\"order_display_column\":null,\"order_direction\":\"asc\",\"default_search_key\":null,\"scope\":null}', '2019-05-16 07:56:31', '2019-05-16 08:04:35');
INSERT INTO `data_types` VALUES ('16', 'packages', 'packages', 'Package', 'Packages', null, 'App\\Package', null, null, null, '1', '0', '{\"order_column\":null,\"order_display_column\":null,\"order_direction\":\"asc\",\"default_search_key\":null,\"scope\":null}', '2019-05-16 08:12:04', '2019-05-16 08:14:34');
INSERT INTO `data_types` VALUES ('17', 'lodges', 'lodges', 'Lodge', 'Lodges', null, 'App\\Lodge', null, 'App\\Http\\Controllers\\LodgeController', null, '1', '0', '{\"order_column\":null,\"order_display_column\":null,\"order_direction\":\"asc\",\"default_search_key\":null,\"scope\":null}', '2019-05-16 08:57:11', '2019-09-27 18:29:08');
INSERT INTO `data_types` VALUES ('18', 'lodgeoptions', 'lodgeoptions', 'Lodgeoption', 'Lodgeoptions', null, 'App\\Lodgeoption', null, null, null, '1', '0', '{\"order_column\":null,\"order_display_column\":null,\"order_direction\":\"asc\",\"default_search_key\":null,\"scope\":null}', '2019-05-16 09:15:16', '2019-05-22 11:08:48');
INSERT INTO `data_types` VALUES ('19', 'packagetransactions', 'packagetransactions', 'Packagetransaction', 'Packagetransactions', null, 'App\\Packagetransaction', null, null, null, '1', '0', '{\"order_column\":null,\"order_display_column\":null,\"order_direction\":\"asc\",\"default_search_key\":null,\"scope\":null}', '2019-05-26 14:11:40', '2019-08-05 13:32:10');
INSERT INTO `data_types` VALUES ('20', 'intros', 'intros', 'Intro', 'Intros', null, 'App\\Intro', null, null, null, '1', '0', '{\"order_column\":null,\"order_display_column\":null,\"order_direction\":\"asc\",\"default_search_key\":null,\"scope\":null}', '2019-05-28 11:25:28', '2019-08-05 12:46:36');
INSERT INTO `data_types` VALUES ('21', 'likes', 'likes', 'Like', 'Likes', null, 'App\\Like', null, null, null, '1', '0', '{\"order_column\":null,\"order_display_column\":null,\"order_direction\":\"asc\",\"default_search_key\":null,\"scope\":null}', '2019-05-29 07:46:21', '2019-05-29 07:51:46');
INSERT INTO `data_types` VALUES ('22', 'badges', 'badges', 'Badge', 'Badges', null, 'App\\Badge', null, null, null, '1', '0', '{\"order_column\":null,\"order_display_column\":null,\"order_direction\":\"asc\",\"default_search_key\":null,\"scope\":null}', '2019-07-02 07:42:19', '2019-07-02 07:47:04');
INSERT INTO `data_types` VALUES ('23', 'rates', 'rates', 'Rate', 'Rates', null, 'App\\Rate', null, null, null, '1', '0', '{\"order_column\":null,\"order_display_column\":null,\"order_direction\":\"asc\",\"default_search_key\":null,\"scope\":null}', '2019-07-02 07:42:54', '2019-07-02 07:56:46');
INSERT INTO `data_types` VALUES ('24', 'apntokens', 'apntokens', 'Apntoken', 'Apntokens', null, 'App\\Apntoken', null, null, null, '1', '0', '{\"order_column\":null,\"order_display_column\":null,\"order_direction\":\"asc\",\"default_search_key\":null,\"scope\":null}', '2019-07-03 14:53:28', '2019-07-03 14:54:20');
INSERT INTO `data_types` VALUES ('25', 'reasons', 'reasons', 'Reason', 'Reasons', null, 'App\\Reason', null, null, null, '1', '0', '{\"order_column\":null,\"order_display_column\":null,\"order_direction\":\"asc\",\"default_search_key\":null}', '2019-07-10 09:31:40', '2019-07-10 09:31:40');
INSERT INTO `data_types` VALUES ('26', 'tips', 'tips', 'Tip', 'Tips', null, 'App\\Tip', null, null, null, '1', '0', '{\"order_column\":null,\"order_display_column\":null,\"order_direction\":\"asc\",\"default_search_key\":null,\"scope\":null}', '2019-07-11 15:41:00', '2019-08-05 13:22:37');
INSERT INTO `data_types` VALUES ('27', 'subjects', 'subjects', 'Subject', 'Subjects', null, 'App\\Subject', null, null, null, '1', '0', '{\"order_column\":null,\"order_display_column\":null,\"order_direction\":\"asc\",\"default_search_key\":null,\"scope\":null}', '2019-07-11 16:05:18', '2019-08-05 13:23:10');
INSERT INTO `data_types` VALUES ('28', 'notifications', 'notifications', 'Notification', 'Notifications', null, 'App\\Notification', null, null, null, '1', '0', '{\"order_column\":null,\"order_display_column\":null,\"order_direction\":\"asc\",\"default_search_key\":null,\"scope\":null}', '2019-09-08 12:00:49', '2019-09-27 18:33:36');
INSERT INTO `data_types` VALUES ('29', 'store_categories', 'store-categories', 'Store Category', 'Store Categories', null, 'App\\StoreCategory', null, null, null, '1', '0', '{\"order_column\":null,\"order_display_column\":null,\"order_direction\":\"asc\",\"default_search_key\":null,\"scope\":null}', '2019-10-29 12:50:22', '2019-11-24 14:31:43');
INSERT INTO `data_types` VALUES ('30', 'offers', 'offers', 'Offer', 'Offers', null, 'App\\Offer', null, null, null, '1', '0', '{\"order_column\":null,\"order_display_column\":null,\"order_direction\":\"asc\",\"default_search_key\":null,\"scope\":null}', '2019-10-29 12:59:11', '2019-11-24 14:32:49');
INSERT INTO `data_types` VALUES ('31', 'products', 'products', 'Product', 'Products', null, 'App\\Product', null, null, null, '1', '0', '{\"order_column\":null,\"order_display_column\":null,\"order_direction\":\"asc\",\"default_search_key\":null,\"scope\":null}', '2019-10-29 13:06:17', '2019-11-24 14:32:35');
INSERT INTO `data_types` VALUES ('32', 'stores', 'stores', 'Store', 'Stores', null, 'App\\Store', null, null, null, '1', '0', '{\"order_column\":null,\"order_display_column\":null,\"order_direction\":\"asc\",\"default_search_key\":null,\"scope\":null}', '2019-10-29 13:51:10', '2019-11-24 14:32:19');
INSERT INTO `data_types` VALUES ('33', 'suppliercategories', 'suppliercategories', 'Suppliercategory', 'Suppliercategories', null, 'App\\Suppliercategory', null, null, null, '1', '0', '{\"order_column\":null,\"order_display_column\":null,\"order_direction\":\"asc\",\"default_search_key\":null,\"scope\":null}', '2019-10-29 16:41:15', '2019-11-24 14:31:52');
INSERT INTO `data_types` VALUES ('34', 'developers', 'developers', 'Developer', 'Developers', null, 'App\\Developer', null, null, null, '1', '0', '{\"order_column\":null,\"order_display_column\":null,\"order_direction\":\"asc\",\"default_search_key\":null,\"scope\":null}', '2019-11-05 11:02:07', '2019-11-24 14:39:34');

-- ----------------------------
-- Table structure for developers
-- ----------------------------
DROP TABLE IF EXISTS `developers`;
CREATE TABLE `developers` (
  `id` int(10) unsigned NOT NULL AUTO_INCREMENT,
  `areas` longtext CHARACTER SET utf8mb4 COLLATE utf8mb4_bin,
  `desc` longtext COLLATE utf8mb4_unicode_ci,
  `user_id` int(11) DEFAULT NULL,
  `created_at` timestamp NULL DEFAULT NULL,
  `updated_at` timestamp NULL DEFAULT NULL,
  `deleted_at` timestamp NULL DEFAULT NULL,
  `img` varchar(255) COLLATE utf8mb4_unicode_ci DEFAULT NULL,
  `logo` varchar(255) COLLATE utf8mb4_unicode_ci DEFAULT NULL,
  `coordinates` point DEFAULT NULL,
  `website` varchar(255) COLLATE utf8mb4_unicode_ci DEFAULT NULL,
  `facebook` varchar(255) COLLATE utf8mb4_unicode_ci DEFAULT NULL,
  `instagram` varchar(255) COLLATE utf8mb4_unicode_ci DEFAULT NULL,
  `youtube` varchar(255) COLLATE utf8mb4_unicode_ci DEFAULT NULL,
  PRIMARY KEY (`id`)
) ENGINE=InnoDB AUTO_INCREMENT=2 DEFAULT CHARSET=utf8mb4 COLLATE=utf8mb4_unicode_ci;

-- ----------------------------
-- Records of developers
-- ----------------------------
INSERT INTO `developers` VALUES ('1', 0x5B224E6173722043697479222C224E657720436169726F222C224E6F72746820436F617374225D, 'Akbar Developer backend (Not Really :D)', '1', '2019-11-05 12:25:03', '2019-11-05 12:25:03', null, 'developers\\November2019\\6wjIet7qz5KDwosCvcBn.jpg', 'developers\\November2019\\XwAxH729d6EXUIUuA2Dt.jpg', GeomFromText('POINT(-117.161084 32.715738)'), 'www.ikea.com', 'https://www.facebook.com/IkeaEgypt/', 'https://www.instagram.com/ikeaegypt/', 'https://www.youtube.com/user/IKEAEGYPT');

-- ----------------------------
-- Table structure for features
-- ----------------------------
DROP TABLE IF EXISTS `features`;
CREATE TABLE `features` (
  `id` int(10) unsigned NOT NULL AUTO_INCREMENT,
  `name` varchar(255) COLLATE utf8mb4_unicode_ci DEFAULT NULL,
  `icon` varchar(255) COLLATE utf8mb4_unicode_ci DEFAULT NULL,
  `created_at` timestamp NULL DEFAULT NULL,
  `updated_at` timestamp NULL DEFAULT NULL,
  `deleted_at` timestamp NULL DEFAULT NULL,
  PRIMARY KEY (`id`)
) ENGINE=InnoDB AUTO_INCREMENT=4 DEFAULT CHARSET=utf8mb4 COLLATE=utf8mb4_unicode_ci;

-- ----------------------------
-- Records of features
-- ----------------------------
INSERT INTO `features` VALUES ('1', 'Furniture', 'features/June2019/KjpiZbYiNNaeG8PwztZj.png', '2019-05-14 11:47:44', '2019-06-20 15:23:15', null);
INSERT INTO `features` VALUES ('2', 'Parking', 'features/July2019/vNI526wnFQYzgp6Fq2WM.png', '2019-05-14 11:48:10', '2019-07-15 11:56:24', null);
INSERT INTO `features` VALUES ('3', 'Private Garden', 'features/June2019/QsCjF5utIWfW7XD9GeDK.png', '2019-05-14 11:55:45', '2019-06-20 15:22:17', null);

-- ----------------------------
-- Table structure for governrates
-- ----------------------------
DROP TABLE IF EXISTS `governrates`;
CREATE TABLE `governrates` (
  `id` int(10) unsigned NOT NULL AUTO_INCREMENT,
  `name` varchar(255) COLLATE utf8mb4_unicode_ci DEFAULT NULL,
  `created_at` timestamp NULL DEFAULT NULL,
  `updated_at` timestamp NULL DEFAULT NULL,
  `deleted_at` timestamp NULL DEFAULT NULL,
  PRIMARY KEY (`id`)
) ENGINE=InnoDB AUTO_INCREMENT=33 DEFAULT CHARSET=utf8mb4 COLLATE=utf8mb4_unicode_ci;

-- ----------------------------
-- Records of governrates
-- ----------------------------
INSERT INTO `governrates` VALUES ('1', 'Cairo', '2019-05-14 13:34:53', '2019-10-31 12:30:50', null);
INSERT INTO `governrates` VALUES ('2', 'Giza', '2019-05-14 13:34:59', '2019-05-14 13:34:59', null);
INSERT INTO `governrates` VALUES ('3', 'Alexandria', '2019-05-14 13:35:08', '2019-08-18 14:06:36', null);
INSERT INTO `governrates` VALUES ('4', 'Qalubiya', '2019-05-14 13:35:17', '2019-05-14 13:35:17', null);
INSERT INTO `governrates` VALUES ('5', 'Sharkeya', '2019-05-14 13:35:43', '2019-05-14 13:35:43', null);
INSERT INTO `governrates` VALUES ('6', 'الغردقه وشرم الشيخ ', '2019-08-18 15:13:23', '2019-09-02 14:32:25', '2019-09-02 14:32:25');
INSERT INTO `governrates` VALUES ('7', '', '2019-08-18 15:13:56', '2019-09-02 14:32:21', '2019-09-02 14:32:21');
INSERT INTO `governrates` VALUES ('8', 'Suiz', '2019-09-08 11:10:50', '2019-09-08 11:10:50', null);
INSERT INTO `governrates` VALUES ('9', 'sena', '2019-09-10 11:40:58', '2019-09-10 11:40:58', null);
INSERT INTO `governrates` VALUES ('10', 'Aswan', '2019-09-12 15:11:14', '2019-09-12 15:11:14', null);
INSERT INTO `governrates` VALUES ('11', 'Asyut', '2019-09-12 15:11:42', '2019-09-12 15:11:42', null);
INSERT INTO `governrates` VALUES ('12', 'Luxor', '2019-09-12 15:24:29', '2019-09-12 15:24:29', null);
INSERT INTO `governrates` VALUES ('13', 'Ismailia', '2019-09-12 15:24:59', '2019-09-12 15:24:59', null);
INSERT INTO `governrates` VALUES ('14', 'Red Sea', '2019-09-12 15:25:56', '2019-09-12 15:25:56', null);
INSERT INTO `governrates` VALUES ('15', 'Beheira', '2019-09-12 15:26:51', '2019-09-12 15:26:51', null);
INSERT INTO `governrates` VALUES ('16', 'Dakahlia', '2019-09-12 15:28:23', '2019-09-12 15:28:23', null);
INSERT INTO `governrates` VALUES ('17', 'Sharqia', '2019-09-12 15:29:52', '2019-09-12 15:29:52', null);
INSERT INTO `governrates` VALUES ('18', 'Gharbia', '2019-09-12 15:30:15', '2019-09-12 15:30:15', null);
INSERT INTO `governrates` VALUES ('19', 'Fayoum', '2019-09-12 15:30:32', '2019-09-12 15:30:32', null);
INSERT INTO `governrates` VALUES ('20', 'Qalyubia', '2019-09-12 15:30:54', '2019-09-12 15:30:54', null);
INSERT INTO `governrates` VALUES ('21', 'Monufia', '2019-09-12 15:32:00', '2019-09-12 15:32:00', null);
INSERT INTO `governrates` VALUES ('22', 'Minya', '2019-09-12 15:34:04', '2019-09-12 15:34:04', null);
INSERT INTO `governrates` VALUES ('23', 'New Valley ', '2019-09-12 15:34:32', '2019-09-12 15:34:32', null);
INSERT INTO `governrates` VALUES ('24', 'Beni Suef ', '2019-09-12 15:34:57', '2019-09-12 15:34:57', null);
INSERT INTO `governrates` VALUES ('25', 'Port Said ', '2019-09-12 15:35:46', '2019-09-12 15:35:46', null);
INSERT INTO `governrates` VALUES ('26', 'South Sinai', '2019-09-12 15:36:12', '2019-09-12 15:36:12', null);
INSERT INTO `governrates` VALUES ('27', 'Damietta', '2019-09-12 15:36:34', '2019-09-12 15:36:34', null);
INSERT INTO `governrates` VALUES ('28', 'Sohag', '2019-09-12 15:36:56', '2019-09-12 15:36:56', null);
INSERT INTO `governrates` VALUES ('29', 'North Sinai', '2019-09-12 15:37:29', '2019-09-12 15:37:29', null);
INSERT INTO `governrates` VALUES ('30', 'Qena', '2019-09-12 15:38:07', '2019-09-12 15:38:07', null);
INSERT INTO `governrates` VALUES ('31', 'Kafr al-Sheikh', '2019-09-12 15:38:38', '2019-09-12 15:38:38', null);
INSERT INTO `governrates` VALUES ('32', 'Matruh', '2019-09-12 15:39:01', '2019-09-12 15:39:01', null);

-- ----------------------------
-- Table structure for intros
-- ----------------------------
DROP TABLE IF EXISTS `intros`;
CREATE TABLE `intros` (
  `id` int(10) unsigned NOT NULL AUTO_INCREMENT,
  `text` varchar(255) COLLATE utf8mb4_unicode_ci DEFAULT NULL,
  `img` varchar(255) COLLATE utf8mb4_unicode_ci DEFAULT NULL,
  `created_at` timestamp NULL DEFAULT NULL,
  `updated_at` timestamp NULL DEFAULT NULL,
  `deleted_at` timestamp NULL DEFAULT NULL,
  PRIMARY KEY (`id`)
) ENGINE=InnoDB AUTO_INCREMENT=5 DEFAULT CHARSET=utf8mb4 COLLATE=utf8mb4_unicode_ci;

-- ----------------------------
-- Records of intros
-- ----------------------------
INSERT INTO `intros` VALUES ('1', 'Welcome to Lodge', 'intros/July2019/lYJRlWiuxgtUdLG2eeB8.jpg', '2019-05-28 11:27:48', '2019-07-15 11:52:47', null);
INSERT INTO `intros` VALUES ('2', 'Find Your Dream House', 'intros/July2019/q762WO9FWdBDa4F5PlSk.jpg', '2019-05-28 11:27:48', '2019-07-15 11:53:12', null);
INSERT INTO `intros` VALUES ('3', 'Live who you are', 'intros/July2019/H4Fwu9aw972OViAOXbjY.jpg', '2019-05-28 11:27:48', '2019-07-15 11:54:26', null);
INSERT INTO `intros` VALUES ('4', 'info', 'intros/October2019/pf1QjDnKkToqbDYZE5Qq.JPG', '2019-10-14 13:34:19', '2019-10-14 14:39:50', null);

-- ----------------------------
-- Table structure for likes
-- ----------------------------
DROP TABLE IF EXISTS `likes`;
CREATE TABLE `likes` (
  `id` int(10) unsigned NOT NULL AUTO_INCREMENT,
  `lodge_id` varchar(255) COLLATE utf8mb4_unicode_ci DEFAULT NULL,
  `user_id` varchar(255) COLLATE utf8mb4_unicode_ci DEFAULT NULL,
  `created_at` timestamp NULL DEFAULT NULL,
  `updated_at` timestamp NULL DEFAULT NULL,
  `deleted_at` timestamp NULL DEFAULT NULL,
  `value` varchar(255) COLLATE utf8mb4_unicode_ci DEFAULT NULL,
  PRIMARY KEY (`id`)
) ENGINE=InnoDB AUTO_INCREMENT=14 DEFAULT CHARSET=utf8mb4 COLLATE=utf8mb4_unicode_ci;

-- ----------------------------
-- Records of likes
-- ----------------------------
INSERT INTO `likes` VALUES ('1', '3', '111', null, null, null, '1');
INSERT INTO `likes` VALUES ('2', '2', '111', null, null, null, '0');
INSERT INTO `likes` VALUES ('3', '1', '111', null, null, null, '0');
INSERT INTO `likes` VALUES ('4', '4', '111', null, null, null, '0');
INSERT INTO `likes` VALUES ('5', '1', '128', null, null, null, '0');
INSERT INTO `likes` VALUES ('6', '4', '113', null, null, null, '1');
INSERT INTO `likes` VALUES ('7', '18', '128', null, null, null, '0');
INSERT INTO `likes` VALUES ('8', '11', '128', null, null, null, '0');
INSERT INTO `likes` VALUES ('9', '4', '128', null, null, null, '0');
INSERT INTO `likes` VALUES ('10', '26', '128', null, null, null, '0');
INSERT INTO `likes` VALUES ('11', '18', '109', null, null, null, '0');
INSERT INTO `likes` VALUES ('12', '3', '128', null, null, null, '0');
INSERT INTO `likes` VALUES ('13', '13', '119', null, null, null, '0');

-- ----------------------------
-- Table structure for lodgeoptions
-- ----------------------------
DROP TABLE IF EXISTS `lodgeoptions`;
CREATE TABLE `lodgeoptions` (
  `id` int(10) unsigned NOT NULL AUTO_INCREMENT,
  `lodge_id` int(11) NOT NULL,
  `option_id` int(11) NOT NULL,
  `created_at` timestamp NULL DEFAULT NULL,
  `updated_at` timestamp NULL DEFAULT NULL,
  `deleted_at` timestamp NULL DEFAULT NULL,
  PRIMARY KEY (`id`)
) ENGINE=InnoDB AUTO_INCREMENT=52 DEFAULT CHARSET=utf8mb4 COLLATE=utf8mb4_unicode_ci;

-- ----------------------------
-- Records of lodgeoptions
-- ----------------------------
INSERT INTO `lodgeoptions` VALUES ('4', '1', '3', null, null, null);
INSERT INTO `lodgeoptions` VALUES ('5', '1', '1', null, null, null);
INSERT INTO `lodgeoptions` VALUES ('6', '1', '5', null, null, null);
INSERT INTO `lodgeoptions` VALUES ('10', '4', '3', null, null, null);
INSERT INTO `lodgeoptions` VALUES ('11', '4', '2', null, null, null);
INSERT INTO `lodgeoptions` VALUES ('12', '4', '6', null, null, null);
INSERT INTO `lodgeoptions` VALUES ('19', '9', '1', null, null, null);
INSERT INTO `lodgeoptions` VALUES ('20', '9', '6', null, null, null);
INSERT INTO `lodgeoptions` VALUES ('21', '10', '1', null, null, null);
INSERT INTO `lodgeoptions` VALUES ('22', '10', '5', null, null, null);
INSERT INTO `lodgeoptions` VALUES ('23', '12', '3', null, null, null);
INSERT INTO `lodgeoptions` VALUES ('26', '15', '3', null, null, null);
INSERT INTO `lodgeoptions` VALUES ('27', '15', '2', null, null, null);
INSERT INTO `lodgeoptions` VALUES ('28', '15', '5', null, null, null);
INSERT INTO `lodgeoptions` VALUES ('29', '20', '3', null, null, null);
INSERT INTO `lodgeoptions` VALUES ('30', '20', '1', null, null, null);
INSERT INTO `lodgeoptions` VALUES ('31', '20', '5', null, null, null);
INSERT INTO `lodgeoptions` VALUES ('38', '8', '3', null, null, null);
INSERT INTO `lodgeoptions` VALUES ('39', '8', '2', null, null, null);
INSERT INTO `lodgeoptions` VALUES ('40', '8', '5', null, null, null);
INSERT INTO `lodgeoptions` VALUES ('42', '22', '2', null, null, null);
INSERT INTO `lodgeoptions` VALUES ('45', '25', '1', null, null, null);
INSERT INTO `lodgeoptions` VALUES ('46', '25', '5', null, null, null);
INSERT INTO `lodgeoptions` VALUES ('47', '28', '3', null, null, null);
INSERT INTO `lodgeoptions` VALUES ('49', '32', '3', null, null, null);
INSERT INTO `lodgeoptions` VALUES ('50', '14', '3', null, null, null);
INSERT INTO `lodgeoptions` VALUES ('51', '13', '3', null, null, null);

-- ----------------------------
-- Table structure for lodges
-- ----------------------------
DROP TABLE IF EXISTS `lodges`;
CREATE TABLE `lodges` (
  `id` int(10) unsigned NOT NULL AUTO_INCREMENT,
  `process` varchar(255) COLLATE utf8mb4_unicode_ci NOT NULL,
  `unit_type_id` varchar(255) COLLATE utf8mb4_unicode_ci NOT NULL,
  `bedrooms` int(255) DEFAULT NULL,
  `bathrooms` int(255) DEFAULT NULL,
  `size` int(255) DEFAULT NULL,
  `floor_no` int(255) DEFAULT '0',
  `price` float NOT NULL,
  `currency_id` varchar(255) COLLATE utf8mb4_unicode_ci NOT NULL,
  `period_id` varchar(255) COLLATE utf8mb4_unicode_ci DEFAULT NULL,
  `governrate_id` varchar(255) COLLATE utf8mb4_unicode_ci NOT NULL,
  `area_id` varchar(255) COLLATE utf8mb4_unicode_ci NOT NULL,
  `compound_id` varchar(255) COLLATE utf8mb4_unicode_ci DEFAULT NULL,
  `title` varchar(255) COLLATE utf8mb4_unicode_ci NOT NULL,
  `desc` varchar(255) COLLATE utf8mb4_unicode_ci DEFAULT NULL,
  `img` mediumtext COLLATE utf8mb4_unicode_ci,
  `floor_plan` varchar(255) COLLATE utf8mb4_unicode_ci DEFAULT NULL,
  `coordinates` geometry DEFAULT NULL,
  `ref_code` varchar(255) COLLATE utf8mb4_unicode_ci NOT NULL,
  `status_id` varchar(255) COLLATE utf8mb4_unicode_ci NOT NULL,
  `count_views` int(11) DEFAULT '0',
  `count_like` int(11) DEFAULT '0',
  `expiry_date` timestamp NULL DEFAULT NULL,
  `notes` varchar(255) COLLATE utf8mb4_unicode_ci DEFAULT NULL,
  `created_at` timestamp NULL DEFAULT NULL,
  `updated_at` timestamp NULL DEFAULT NULL,
  `deleted_at` timestamp NULL DEFAULT NULL,
  `user_id` int(11) NOT NULL,
  `iframe` varchar(520) COLLATE utf8mb4_unicode_ci DEFAULT NULL,
  PRIMARY KEY (`id`)
) ENGINE=InnoDB AUTO_INCREMENT=44 DEFAULT CHARSET=utf8mb4 COLLATE=utf8mb4_unicode_ci;

-- ----------------------------
-- Records of lodges
-- ----------------------------
INSERT INTO `lodges` VALUES ('1', 'S', '1', '5', '3', '300', null, '1850000', '1', null, '1', '7', null, 'villa for sale', 'Test Edit Lodge', '[\"109\\/aTXAY8\\/gallery\\/0-G1573549127.png\",\"109\\/aTXAY8\\/gallery\\/1-G1573549127.png\",\"109\\/aTXAY8\\/gallery\\/2-G1573549129.png\",\"109\\/aTXAY8\\/gallery\\/3-G1573549128.png\",\"109\\/aTXAY8\\/gallery\\/4-G1573549127.png\",\"109\\/aTXAY8\\/gallery\\/5-G1573549127.png\",\"109\\/aTXAY8\\/gallery\\/6-G1573549127.png\",\"109\\/aTXAY8\\/gallery\\/7-G1573549128.png\",\"109\\/aTXAY8\\/gallery\\/8-G1573549128.png\",\"109\\/aTXAY8\\/gallery\\/9-G1573549129.png\"]', null, GeomFromText('POINT(30.042664 31.468218)'), 'aTXAY8', '1', '39', '0', null, null, '2019-11-12 10:58:49', '2019-11-18 12:32:09', null, '109', '<iframe\n          width=100%\n          height=100%\n          frameborder=0\n          scrolling=yes\n          marginheight=0\n          marginwidth=0\n          src=https://maps.google.com/maps?q=30.042664,31.468218&hl=es;z=1&amp;output=embed></iframe>');
INSERT INTO `lodges` VALUES ('2', 'S', '1', '22', '22', '22', '22', '1000', '1', null, '3', '4', '5', 'test@1', null, '[\"128\\/zcMND4\\/gallery\\/0-G1573550633.png\",\"128\\/zcMND4\\/gallery\\/1-G1573550628.png\",\"128\\/zcMND4\\/gallery\\/2-G1573550628.png\",\"128\\/zcMND4\\/gallery\\/3-G1573550630.png\",\"128\\/zcMND4\\/gallery\\/4-G1573550625.png\",\"128\\/zcMND4\\/gallery\\/5-G1573550638.png\",\"128\\/zcMND4\\/gallery\\/6-G1573550639.png\",\"128\\/zcMND4\\/gallery\\/7-G1573550637.png\",\"128\\/zcMND4\\/gallery\\/8-G1573550638.png\",\"128\\/zcMND4\\/gallery\\/9-G1573550643.png\"]', null, GeomFromText('POINT(31.4682178 30.0426645)'), 'zcMND4', '5', '66', '0', null, null, '2019-11-12 11:24:04', '2019-11-19 17:21:20', null, '128', '<iframe\n          width=100%\n          height=100%\n          frameborder=0\n          scrolling=yes\n          marginheight=0\n          marginwidth=0\n          src=https://maps.google.com/maps?q=31.4682178,30.0426645&hl=es;z=1&amp;output=embed></iframe>');
INSERT INTO `lodges` VALUES ('3', 'S', '1', '22', '22', '22', '1', '1000', '1', null, '3', '4', '5', 'test@2', null, '[\"128\\/39r0Lo\\/gallery\\/0-G1573550755.png\",\"128\\/39r0Lo\\/gallery\\/1-G1573550756.png\",\"128\\/39r0Lo\\/gallery\\/10-G1573550776.png\",\"128\\/39r0Lo\\/gallery\\/11-G1573550790.png\",\"128\\/39r0Lo\\/gallery\\/12-G1573550777.png\",\"128\\/39r0Lo\\/gallery\\/13-G1573550780.png\",\"128\\/39r0Lo\\/gallery\\/14-G1573550781.png\",\"128\\/39r0Lo\\/gallery\\/15-G1573550782.png\",\"128\\/39r0Lo\\/gallery\\/2-G1573550761.png\",\"128\\/39r0Lo\\/gallery\\/3-G1573550756.png\",\"128\\/39r0Lo\\/gallery\\/4-G1573550752.png\",\"128\\/39r0Lo\\/gallery\\/5-G1573550762.png\",\"128\\/39r0Lo\\/gallery\\/6-G1573550771.png\",\"128\\/39r0Lo\\/gallery\\/7-G1573550769.png\",\"128\\/39r0Lo\\/gallery\\/8-G1573550766.png\",\"128\\/39r0Lo\\/gallery\\/9-G1573550775.png\"]', null, GeomFromText('POINT(31.4682178 30.0426645)'), '39r0Lo', '2', '96', '1', null, null, '2019-11-12 11:26:31', '2019-11-24 10:55:20', null, '128', '<iframe\n          width=100%\n          height=100%\n          frameborder=0\n          scrolling=yes\n          marginheight=0\n          marginwidth=0\n          src=https://maps.google.com/maps?q=31.4682178,30.0426645&hl=es;z=1&amp;output=embed></iframe>');
INSERT INTO `lodges` VALUES ('4', 'R', '7', '1', '1', '90', null, '28', '1', '1', '2', '3', '4', 'Small studio on the nile', null, '[\"109\\/2en9Qq\\/gallery\\/0-G1573553843.png\",\"109\\/2en9Qq\\/gallery\\/1-G1573553843.png\",\"109\\/2en9Qq\\/gallery\\/2-G1573553843.png\",\"109\\/2en9Qq\\/gallery\\/3-G1573553843.png\",\"109\\/2en9Qq\\/gallery\\/4-G1573553843.png\"]', '[\"109\\/2en9Qq\\/floor\\/0-F1573553844.png\"]', GeomFromText('POINT(31.468218 30.042664)'), '2en9Qq', '2', '65', '1', null, null, '2019-11-12 12:17:25', '2019-11-19 17:10:50', null, '109', '<iframe\n          width=100%\n          height=100%\n          frameborder=0\n          scrolling=yes\n          marginheight=0\n          marginwidth=0\n          src=https://maps.google.com/maps?q=31.468218,30.042664&hl=es;z=1&amp;output=embed></iframe>');
INSERT INTO `lodges` VALUES ('5', 'R', '8', '22', '19', '500', null, '100000', '1', null, '3', '4', '5', 'test@3', null, '[\"128\\/bfCyH1\\/gallery\\/0-G1573555897.png\",\"128\\/bfCyH1\\/gallery\\/1-G1573555897.png\",\"128\\/bfCyH1\\/gallery\\/2-G1573555897.png\",\"128\\/bfCyH1\\/gallery\\/3-G1573555898.png\",\"128\\/bfCyH1\\/gallery\\/4-G1573555898.png\",\"128\\/bfCyH1\\/gallery\\/5-G1573555898.png\",\"128\\/bfCyH1\\/gallery\\/6-G1573555898.png\",\"128\\/bfCyH1\\/gallery\\/7-G1573555898.png\",\"128\\/bfCyH1\\/gallery\\/8-G1573555899.png\",\"128\\/bfCyH1\\/gallery\\/9-G1573555899.png\"]', null, GeomFromText('POINT(31.468218 30.042664)'), 'bfCyH1', '2', '13', '0', null, null, '2019-11-12 12:51:40', '2019-11-20 16:25:08', null, '128', '<iframe\n          width=100%\n          height=100%\n          frameborder=0\n          scrolling=yes\n          marginheight=0\n          marginwidth=0\n          src=https://maps.google.com/maps?q=31.468218,30.042664&hl=es;z=1&amp;output=embed></iframe>');
INSERT INTO `lodges` VALUES ('6', 'S', '8', '22', '22', '500', null, '1000000', '1', null, '3', '4', '5', 'test@4', null, '[\"128\\/ItVrYR\\/gallery\\/0-G1573558357.png\",\"128\\/ItVrYR\\/gallery\\/1-G1573558360.png\",\"128\\/ItVrYR\\/gallery\\/2-G1573558374.png\",\"128\\/ItVrYR\\/gallery\\/3-G1573558367.png\",\"128\\/ItVrYR\\/gallery\\/4-G1573558374.png\",\"128\\/ItVrYR\\/gallery\\/5-G1573558360.png\",\"128\\/ItVrYR\\/gallery\\/6-G1573558363.png\",\"128\\/ItVrYR\\/gallery\\/7-G1573558374.png\",\"128\\/ItVrYR\\/gallery\\/8-G1573558370.png\",\"128\\/ItVrYR\\/gallery\\/9-G1573558373.png\"]', null, GeomFromText('POINT(31.4682178 30.0426645)'), 'ItVrYR', '2', '1', '0', null, null, '2019-11-12 13:33:05', '2019-11-20 16:26:35', null, '128', '<iframe\n          width=100%\n          height=100%\n          frameborder=0\n          scrolling=yes\n          marginheight=0\n          marginwidth=0\n          src=https://maps.google.com/maps?q=31.4682178,30.0426645&hl=es;z=1&amp;output=embed></iframe>');
INSERT INTO `lodges` VALUES ('7', 'R', '8', null, null, '200', null, '3000', '1', '3', '31', '32', null, 'land in baltem for rent', null, '[\"109\\/a6NgxC\\/gallery\\/0-G1573559120.png\"]', null, GeomFromText('POINT(30.042664 31.468218)'), 'a6NgxC', '1', '0', '0', null, null, '2019-11-12 13:45:21', '2019-11-12 13:45:21', null, '109', '<iframe\n          width=100%\n          height=100%\n          frameborder=0\n          scrolling=yes\n          marginheight=0\n          marginwidth=0\n          src=https://maps.google.com/maps?q=30.042664,31.468218&hl=es;z=1&amp;output=embed></iframe>');
INSERT INTO `lodges` VALUES ('8', 'S', '2', '2', '2', '200', '1', '6000000', '1', '3', '1', '2', null, 'Test', null, '[\"111\\/DCFP9d\\/gallery\\/5c0fe5ba77a16512fd3d206e-750-5631573995490.jpg\"]', null, GeomFromText('POINT(31.4682178 30.0426645)'), 'DCFP9d', '2', '132', '0', null, null, '2019-11-12 14:00:54', '2019-11-17 16:01:54', null, '111', '<iframe\n          width=100%\n          height=100%\n          frameborder=0\n          scrolling=yes\n          marginheight=0\n          marginwidth=0\n          src=https://maps.google.com/maps?q=31.4682178,30.0426645&hl=es;z=1&amp;output=embed></iframe>');
INSERT INTO `lodges` VALUES ('9', 'S', '2', '4', '3', '260', '2', '800000', '1', null, '1', '1', '2', 'Test', 'Test place', '[\"110\\/cxH2zf\\/gallery\\/2-G1573572088.png\",\"110\\/cxH2zf\\/gallery\\/5-G1573572103.png\",\"110\\/cxH2zf\\/gallery\\/6-G1573572107.png\",\"110\\/cxH2zf\\/gallery\\/7-G1573572108.png\",\"110\\/cxH2zf\\/gallery\\/8-G1573572107.png\"]', '[\"110\\/cxH2zf\\/floor\\/F1573572088.png\"]', GeomFromText('POINT(30.0426645 31.4682178)'), 'cxH2zf', '1', '0', '0', null, null, '2019-11-12 17:21:48', '2019-11-12 17:21:49', null, '110', '<iframe\n          width=100%\n          height=100%\n          frameborder=0\n          scrolling=yes\n          marginheight=0\n          marginwidth=0\n          src=https://maps.google.com/maps?q=30.042664500000000771251507103443145751953125,31.468217800000001460603016312234103679656982421875&hl=es;z=1&amp;output=embed></iframe>');
INSERT INTO `lodges` VALUES ('10', 'S', '2', '4', '3', '250', '1', '2000000', '1', null, '1', '7', '1', 'Test', 'Test place for alaa', '[\"110\\/BXHt2b\\/gallery\\/14-G1573572223.png\",\"110\\/BXHt2b\\/gallery\\/15-G1573572227.png\",\"110\\/BXHt2b\\/gallery\\/16-G1573572223.png\",\"110\\/BXHt2b\\/gallery\\/17-G1573572226.png\",\"110\\/BXHt2b\\/gallery\\/18-G1573572230.png\",\"110\\/BXHt2b\\/gallery\\/19-G1573572225.png\",\"110\\/BXHt2b\\/gallery\\/20-G1573572225.png\",\"110\\/BXHt2b\\/gallery\\/21-G1573572226.png\",\"110\\/BXHt2b\\/gallery\\/22-G1573572232.png\",\"110\\/BXHt2b\\/gallery\\/23-G1573572231.png\",\"110\\/BXHt2b\\/gallery\\/24-G1573572227.png\",\"110\\/BXHt2b\\/gallery\\/25-G1573572232.png\",\"110\\/BXHt2b\\/gallery\\/26-G1573572232.png\",\"110\\/BXHt2b\\/gallery\\/27-G1573572232.png\",\"110\\/BXHt2b\\/gallery\\/28-G1573572232.png\",\"110\\/BXHt2b\\/gallery\\/29-G1573572233.png\"]', null, GeomFromText('POINT(30.0426645 31.4682178)'), 'BXHt2b', '1', '0', '0', null, null, '2019-11-12 17:23:53', '2019-11-12 17:23:54', null, '110', '<iframe\n          width=100%\n          height=100%\n          frameborder=0\n          scrolling=yes\n          marginheight=0\n          marginwidth=0\n          src=https://maps.google.com/maps?q=30.042664500000000771251507103443145751953125,31.468217800000001460603016312234103679656982421875&hl=es;z=1&amp;output=embed></iframe>');
INSERT INTO `lodges` VALUES ('11', 'S', '2', '4', '2', '200', '2', '290000', '1', null, '1', '9', '8', 'Flat for sale 1', 'description for the lodge .............', '[\"109\\/5k45Cg\\/gallery\\/0-G1573638628.png\"]', null, GeomFromText('POINT(31.4682178 30.0426645)'), '5k45Cg', '2', '41', '0', null, null, '2019-11-13 11:50:28', '2019-11-19 17:10:52', null, '109', '<iframe\n          width=100%\n          height=100%\n          frameborder=0\n          scrolling=yes\n          marginheight=0\n          marginwidth=0\n          src=https://maps.google.com/maps?q=31.4682178,30.0426645&hl=es;z=1&amp;output=embed></iframe>');
INSERT INTO `lodges` VALUES ('12', 'S', '1', '22', '22', '22', '22', '10000', '1', null, '3', '4', '5', 'test@5', null, '[\"128\\/FePWTj\\/gallery\\/10-G1573648700.png\",\"128\\/FePWTj\\/gallery\\/11-G1573648701.png\",\"128\\/FePWTj\\/gallery\\/12-G1573648700.png\",\"128\\/FePWTj\\/gallery\\/13-G1573648697.png\",\"128\\/FePWTj\\/gallery\\/14-G1573648704.png\",\"128\\/FePWTj\\/gallery\\/15-G1573648711.png\",\"128\\/FePWTj\\/gallery\\/16-G1573648714.png\",\"128\\/FePWTj\\/gallery\\/17-G1573648710.png\",\"128\\/FePWTj\\/gallery\\/18-G1573648715.png\",\"128\\/FePWTj\\/gallery\\/19-G1573648714.png\",\"128\\/FePWTj\\/gallery\\/20-G1573648720.png\",\"128\\/FePWTj\\/gallery\\/21-G1573648720.png\",\"128\\/FePWTj\\/gallery\\/22-G1573648728.png\",\"128\\/FePWTj\\/gallery\\/23-G1573648719.png\",\"128\\/FePWTj\\/gallery\\/24-G1573648730.png\",\"128\\/FePWTj\\/gallery\\/25-G1573648729.png\",\"128\\/FePWTj\\/gallery\\/26-G1573648731.png\",\"128\\/FePWTj\\/gallery\\/27-G1573648730.png\",\"128\\/FePWTj\\/gallery\\/28-G1573648739.png\",\"128\\/FePWTj\\/gallery\\/29-G1573648740.png\",\"128\\/FePWTj\\/gallery\\/30-G1573648742.png\",\"128\\/FePWTj\\/gallery\\/31-G1573648739.png\",\"128\\/FePWTj\\/gallery\\/32-G1573648744.png\",\"128\\/FePWTj\\/gallery\\/33-G1573648742.png\",\"128\\/FePWTj\\/gallery\\/34-G1573648753.png\",\"128\\/FePWTj\\/gallery\\/35-G1573648753.png\",\"128\\/FePWTj\\/gallery\\/36-G1573648753.png\",\"128\\/FePWTj\\/gallery\\/38-G1573648752.png\"]', null, GeomFromText('POINT(30.0426645 31.4682178)'), 'FePWTj', '1', '1', '0', null, null, '2019-11-13 14:39:14', '2019-11-13 14:39:16', null, '128', '<iframe\n          width=100%\n          height=100%\n          frameborder=0\n          scrolling=yes\n          marginheight=0\n          marginwidth=0\n          src=https://maps.google.com/maps?q=30.042664500000000771251507103443145751953125,31.468217800000001460603016312234103679656982421875&hl=es;z=1&amp;output=embed></iframe>');
INSERT INTO `lodges` VALUES ('13', 'S', '1', '22', '22', '22', null, '1000', '1', null, '3', '4', '5', 'test@6', null, '[\"128\\/PjekJB\\/gallery\\/0-G1573649509.png\",\"128\\/PjekJB\\/gallery\\/1-G1573649506.png\",\"128\\/PjekJB\\/gallery\\/10-G1573649523.png\",\"128\\/PjekJB\\/gallery\\/12-G1573649529.png\",\"128\\/PjekJB\\/gallery\\/13-G1573649527.png\",\"128\\/PjekJB\\/gallery\\/14-G1573649529.png\",\"128\\/PjekJB\\/gallery\\/15-G1573649536.png\",\"128\\/PjekJB\\/gallery\\/16-G1573649536.png\",\"128\\/PjekJB\\/gallery\\/17-G1573649538.png\",\"128\\/PjekJB\\/gallery\\/2-G1573649517.png\",\"128\\/PjekJB\\/gallery\\/3-G1573649503.png\",\"128\\/PjekJB\\/gallery\\/4-G1573649508.png\",\"128\\/PjekJB\\/gallery\\/5-G1573649512.png\",\"128\\/PjekJB\\/gallery\\/6-G1573649513.png\",\"128\\/PjekJB\\/gallery\\/7-G1573649520.png\",\"128\\/PjekJB\\/gallery\\/8-G1573649520.png\",\"128\\/PjekJB\\/gallery\\/9-G1573649523.png\"]', null, GeomFromText('POINT(31.4682178 30.0426645)'), 'PjekJB', '2', '4', '0', null, null, '2019-11-13 14:52:18', '2019-11-21 13:59:24', null, '128', '<iframe\n          width=100%\n          height=100%\n          frameborder=0\n          scrolling=yes\n          marginheight=0\n          marginwidth=0\n          src=https://maps.google.com/maps?q=31.4682178,30.0426645&hl=es;z=1&amp;output=embed></iframe>');
INSERT INTO `lodges` VALUES ('14', 'S', '1', '22', '22', '22', null, '1000', '1', null, '3', '4', null, 'test@7', null, '[\"128\\/7ZuQ1c\\/gallery\\/0-G1573651047.png\",\"128\\/7ZuQ1c\\/gallery\\/1-G1573651046.png\",\"128\\/7ZuQ1c\\/gallery\\/10-G1573651073.png\",\"128\\/7ZuQ1c\\/gallery\\/11-G1573651068.png\",\"128\\/7ZuQ1c\\/gallery\\/12-G1573651072.png\",\"128\\/7ZuQ1c\\/gallery\\/13-G1573651072.png\",\"128\\/7ZuQ1c\\/gallery\\/14-G1573651081.png\",\"128\\/7ZuQ1c\\/gallery\\/15-G1573651084.png\",\"128\\/7ZuQ1c\\/gallery\\/16-G1573651082.png\",\"128\\/7ZuQ1c\\/gallery\\/17-G1573651090.png\",\"128\\/7ZuQ1c\\/gallery\\/18-G1573651087.png\",\"128\\/7ZuQ1c\\/gallery\\/19-G1573651098.png\",\"128\\/7ZuQ1c\\/gallery\\/2-G1573651053.png\",\"128\\/7ZuQ1c\\/gallery\\/20-G1573651101.png\",\"128\\/7ZuQ1c\\/gallery\\/21-G1573651100.png\",\"128\\/7ZuQ1c\\/gallery\\/22-G1573651095.png\",\"128\\/7ZuQ1c\\/gallery\\/23-G1573651092.png\",\"128\\/7ZuQ1c\\/gallery\\/24-G1573651103.png\",\"128\\/7ZuQ1c\\/gallery\\/25-G1573651106.png\",\"128\\/7ZuQ1c\\/gallery\\/3-G1573651043.png\",\"128\\/7ZuQ1c\\/gallery\\/4-G1573651044.png\",\"128\\/7ZuQ1c\\/gallery\\/5-G1573651055.png\",\"128\\/7ZuQ1c\\/gallery\\/6-G1573651058.png\",\"128\\/7ZuQ1c\\/gallery\\/7-G1573651066.png\",\"128\\/7ZuQ1c\\/gallery\\/8-G1573651059.png\",\"128\\/7ZuQ1c\\/gallery\\/9-G1573651072.png\"]', null, GeomFromText('POINT(31.4682178 30.0426645)'), '7ZuQ1c', '2', '6', '0', null, null, '2019-11-13 15:18:28', '2019-11-20 16:27:25', null, '128', '<iframe\n          width=100%\n          height=100%\n          frameborder=0\n          scrolling=yes\n          marginheight=0\n          marginwidth=0\n          src=https://maps.google.com/maps?q=31.4682178,30.0426645&hl=es;z=1&amp;output=embed></iframe>');
INSERT INTO `lodges` VALUES ('18', 'S', '9', '5', '3', '300', null, '728000', '1', null, '10', '13', null, 'Aswaaaan', null, '[\"109\\/jJ135G\\/gallery\\/10-G1573659320.png\",\"109\\/jJ135G\\/gallery\\/11-G1573659320.png\",\"109\\/jJ135G\\/gallery\\/12-G1573659326.png\",\"109\\/jJ135G\\/gallery\\/13-G1573659321.png\",\"109\\/jJ135G\\/gallery\\/14-G1573659322.png\",\"109\\/jJ135G\\/gallery\\/15-G1573659323.png\",\"109\\/jJ135G\\/gallery\\/18-G1573659326.png\"]', null, GeomFromText('POINT(31.4682178 30.0426645)'), 'jJ135G', '2', '41', '0', null, null, '2019-11-13 17:35:26', '2019-11-19 17:24:38', null, '109', '<iframe\n          width=100%\n          height=100%\n          frameborder=0\n          scrolling=yes\n          marginheight=0\n          marginwidth=0\n          src=https://maps.google.com/maps?q=31.4682178,30.0426645&hl=es;z=1&amp;output=embed></iframe>');
INSERT INTO `lodges` VALUES ('19', 'S', '8', null, null, '400', null, '26000000', '1', null, '1', '7', '1', 'Test', 'Test Desc.', '[\"110\\/IhVvSK\\/gallery\\/0-G1573728858.png\",\"110\\/IhVvSK\\/gallery\\/1-G1573728859.png\",\"110\\/IhVvSK\\/gallery\\/2-G1573728859.png\",\"110\\/IhVvSK\\/gallery\\/3-G1573728859.png\",\"110\\/IhVvSK\\/gallery\\/4-G1573728859.png\",\"110\\/IhVvSK\\/gallery\\/5-G1573728859.png\",\"110\\/IhVvSK\\/gallery\\/6-G1573728860.png\",\"110\\/IhVvSK\\/gallery\\/7-G1573728860.png\",\"110\\/IhVvSK\\/gallery\\/8-G1573728860.png\",\"110\\/IhVvSK\\/gallery\\/9-G1573728860.png\"]', '[\"110\\/IhVvSK\\/floor\\/F1573728860.png\"]', GeomFromText('POINT(30.0426645 31.4682178)'), 'IhVvSK', '1', '0', '0', null, null, '2019-11-14 12:54:21', '2019-11-14 12:54:21', null, '110', '<iframe\n          width=100%\n          height=100%\n          frameborder=0\n          scrolling=yes\n          marginheight=0\n          marginwidth=0\n          src=https://maps.google.com/maps?q=30.042664500000000771251507103443145751953125,31.468217800000001460603016312234103679656982421875&hl=es;z=1&amp;output=embed></iframe>');
INSERT INTO `lodges` VALUES ('20', 'R', '2', '4', '3', '250', '1', '300', '2', '3', '1', '7', '1', 'Test', 'Test Desc.', '[\"110\\/J0nlIK\\/gallery\\/0-G1573729358.png\",\"110\\/J0nlIK\\/gallery\\/1-G1573729359.png\",\"110\\/J0nlIK\\/gallery\\/2-G1573729360.png\",\"110\\/J0nlIK\\/gallery\\/3-G1573729360.png\"]', '[\"110\\/J0nlIK\\/floor\\/F1573729360.png\"]', GeomFromText('POINT(30.0426645 31.4682178)'), 'J0nlIK', '1', '0', '0', null, null, '2019-11-14 13:02:41', '2019-11-14 13:02:41', null, '110', '<iframe\n          width=100%\n          height=100%\n          frameborder=0\n          scrolling=yes\n          marginheight=0\n          marginwidth=0\n          src=https://maps.google.com/maps?q=30.042664500000000771251507103443145751953125,31.468217800000001460603016312234103679656982421875&hl=es;z=1&amp;output=embed></iframe>');
INSERT INTO `lodges` VALUES ('26', 'R', '9', '3', '1', '200', null, '20', '3', '3', '2', '8', null, 'twinhouse for rent', null, '[\"109\\/MO1b3p\\/gallery\\/0-G1574065718.png\",\"109\\/MO1b3p\\/gallery\\/1-G1574065718.png\"]', null, GeomFromText('POINT(31.468218 30.042664)'), 'MO1b3p', '2', '20', '0', null, null, '2019-11-18 10:28:39', '2019-11-19 17:10:55', null, '109', '<iframe\n          width=100%\n          height=100%\n          frameborder=0\n          scrolling=yes\n          marginheight=0\n          marginwidth=0\n          src=https://maps.google.com/maps?q=31.468218,30.042664&hl=es;z=1&amp;output=embed></iframe>');
INSERT INTO `lodges` VALUES ('27', 'S', '1', '55', '55', '55', '55', '11000', '1', null, '3', '4', '5', 'test@8', null, '[\"128\\/ZQ073S\\/gallery\\/0-G1574066305.png\",\"128\\/ZQ073S\\/gallery\\/1-G1574066306.png\",\"128\\/ZQ073S\\/gallery\\/2-G1574066306.png\",\"128\\/ZQ073S\\/gallery\\/3-G1574066308.png\",\"128\\/ZQ073S\\/gallery\\/4-G1574066308.png\",\"128\\/ZQ073S\\/gallery\\/5-G1574066308.png\",\"128\\/ZQ073S\\/gallery\\/6-G1574066307.png\",\"128\\/ZQ073S\\/gallery\\/7-G1574066310.png\",\"128\\/ZQ073S\\/gallery\\/8-G1574066309.png\",\"128\\/ZQ073S\\/gallery\\/9-G1574066309.png\"]', null, GeomFromText('POINT(30.042664 31.468218)'), 'ZQ073S', '1', '0', '0', null, null, '2019-11-18 10:38:31', '2019-11-18 10:38:31', null, '128', '<iframe\n          width=100%\n          height=100%\n          frameborder=0\n          scrolling=yes\n          marginheight=0\n          marginwidth=0\n          src=https://maps.google.com/maps?q=30.042664,31.468218&hl=es;z=1&amp;output=embed></iframe>');
INSERT INTO `lodges` VALUES ('28', 'S', '2', '5', '6', '122', '3', '1122', '1', '3', '10', '13', null, '55f', 't', '[\"109\\/S35ZCz\\/gallery\\/ain1574085786.jpg\"]', '[\"109\\/S35ZCz\\/floor\\/floorplanimg1574085787.png\"]', GeomFromText('POINT(30.0426645 31.4682178)'), 'S35ZCz', '1', '0', '0', null, null, '2019-11-18 16:03:08', '2019-11-18 16:03:09', null, '109', '<iframe\n          width=100%\n          height=100%\n          frameborder=0\n          scrolling=yes\n          marginheight=0\n          marginwidth=0\n          src=https://maps.google.com/maps?q=30.0426645,31.4682178&hl=es;z=1&amp;output=embed></iframe>');
INSERT INTO `lodges` VALUES ('29', 'S', '1', '12', '5', '123', '4', '1234', '1', '3', '3', '12', '10', 'd', 'cgf', '[\"109\\/r5b30o\\/gallery\\/ain1574088090.jpg\"]', null, GeomFromText('POINT(30.0426645 31.4682178)'), 'r5b30o', '1', '0', '0', null, null, '2019-11-18 16:41:31', '2019-11-18 16:41:31', null, '109', '<iframe\n          width=100%\n          height=100%\n          frameborder=0\n          scrolling=yes\n          marginheight=0\n          marginwidth=0\n          src=https://maps.google.com/maps?q=30.0426645,31.4682178&hl=es;z=1&amp;output=embed></iframe>');
INSERT INTO `lodges` VALUES ('30', 'S', '2', '11', '2', '200', '1', '12340', '1', '3', '10', '13', '10', 'R', null, '[\"109\\/C1aY4W\\/gallery\\/image1574088526.jpg\"]', null, GeomFromText('POINT(30.0426645 31.4682178)'), 'C1aY4W', '1', '0', '0', null, null, '2019-11-18 16:48:48', '2019-11-18 16:48:48', null, '109', '<iframe\n          width=100%\n          height=100%\n          frameborder=0\n          scrolling=yes\n          marginheight=0\n          marginwidth=0\n          src=https://maps.google.com/maps?q=30.0426645,31.4682178&hl=es;z=1&amp;output=embed></iframe>');
INSERT INTO `lodges` VALUES ('31', 'S', '3', '6', '4', '488', null, '589999', '1', '3', '11', '14', null, 'Nggfjxj', null, '[\"109\\/VXN4L9\\/gallery\\/3D2255F7-E7AB-4F26-9BA0-F1011EC29A931574088950.jpeg\"]', null, GeomFromText('POINT(30.0426645 31.4682178)'), 'VXN4L9', '1', '0', '0', null, null, '2019-11-18 16:55:52', '2019-11-18 16:55:52', null, '109', '<iframe\n          width=100%\n          height=100%\n          frameborder=0\n          scrolling=yes\n          marginheight=0\n          marginwidth=0\n          src=https://maps.google.com/maps?q=30.0426645,31.4682178&hl=es;z=1&amp;output=embed></iframe>');
INSERT INTO `lodges` VALUES ('32', 'R', '2', '33', '33', '33', null, '8888', '1', '3', '3', '4', '5', 'test@11', null, '[\"128\\/C3NQoF\\/gallery\\/0-G1574247479.png\",\"128\\/C3NQoF\\/gallery\\/1-G1574247481.png\",\"128\\/C3NQoF\\/gallery\\/2-G1574247487.png\",\"128\\/C3NQoF\\/gallery\\/3-G1574247491.png\",\"128\\/C3NQoF\\/gallery\\/4-G1574247483.png\",\"128\\/C3NQoF\\/gallery\\/5-G1574247487.png\",\"128\\/C3NQoF\\/gallery\\/6-G1574247492.png\",\"128\\/C3NQoF\\/gallery\\/7-G1574247485.png\",\"128\\/C3NQoF\\/gallery\\/8-G1574247489.png\",\"128\\/C3NQoF\\/gallery\\/9-G1574247491.png\"]', '[\"128\\/C3NQoF\\/floor\\/F1574247496.png\"]', GeomFromText('POINT(31.4682178 30.0426645)'), 'C3NQoF', '2', '7', '0', null, null, '2019-11-20 12:58:17', '2019-11-20 16:25:44', null, '128', '<iframe\n          width=100%\n          height=100%\n          frameborder=0\n          scrolling=yes\n          marginheight=0\n          marginwidth=0\n          src=https://maps.google.com/maps?q=31.4682178,30.0426645&hl=es;z=1&amp;output=embed></iframe>');
INSERT INTO `lodges` VALUES ('34', 'R', '8', null, null, '5000', null, '100000', '1', '3', '3', '4', '5', 'test@13', null, '[\"128\\/Fm8VbP\\/gallery\\/0-G1574332608.png\",\"128\\/Fm8VbP\\/gallery\\/1-G1574332608.png\",\"128\\/Fm8VbP\\/gallery\\/2-G1574332608.png\",\"128\\/Fm8VbP\\/gallery\\/3-G1574332622.png\",\"128\\/Fm8VbP\\/gallery\\/4-G1574332620.png\",\"128\\/Fm8VbP\\/gallery\\/5-G1574332630.png\",\"128\\/Fm8VbP\\/gallery\\/6-G1574332627.png\",\"128\\/Fm8VbP\\/gallery\\/7-G1574332635.png\",\"128\\/Fm8VbP\\/gallery\\/8-G1574332626.png\",\"128\\/Fm8VbP\\/gallery\\/9-G1574332634.png\"]', null, GeomFromText('POINT(30.0426645 31.4682178)'), 'Fm8VbP', '1', '0', '0', null, null, '2019-11-21 12:37:15', '2019-11-21 12:37:16', null, '128', '<iframe\n          width=100%\n          height=100%\n          frameborder=0\n          scrolling=yes\n          marginheight=0\n          marginwidth=0\n          src=https://maps.google.com/maps?q=30.042664500000000771251507103443145751953125,31.468217800000001460603016312234103679656982421875&hl=es;z=1&amp;output=embed></iframe>');
INSERT INTO `lodges` VALUES ('35', 'R', '8', null, null, '22222', null, '10000', '1', '3', '3', '4', '5', 'test@14', null, '[\"128\\/oo1YnU\\/gallery\\/0-G1574332743.png\",\"128\\/oo1YnU\\/gallery\\/1-G1574332748.png\",\"128\\/oo1YnU\\/gallery\\/2-G1574332753.png\",\"128\\/oo1YnU\\/gallery\\/3-G1574332743.png\",\"128\\/oo1YnU\\/gallery\\/4-G1574332744.png\",\"128\\/oo1YnU\\/gallery\\/5-G1574332764.png\",\"128\\/oo1YnU\\/gallery\\/6-G1574332758.png\",\"128\\/oo1YnU\\/gallery\\/7-G1574332757.png\",\"128\\/oo1YnU\\/gallery\\/8-G1574332761.png\",\"128\\/oo1YnU\\/gallery\\/9-G1574332759.png\"]', null, GeomFromText('POINT(30.0426645 31.4682178)'), 'oo1YnU', '1', '0', '0', null, null, '2019-11-21 12:39:25', '2019-11-21 12:39:26', null, '128', '<iframe\n          width=100%\n          height=100%\n          frameborder=0\n          scrolling=yes\n          marginheight=0\n          marginwidth=0\n          src=https://maps.google.com/maps?q=30.042664500000000771251507103443145751953125,31.468217800000001460603016312234103679656982421875&hl=es;z=1&amp;output=embed></iframe>');
INSERT INTO `lodges` VALUES ('36', 'S', '1', '22', '22', '200', null, '10000', '1', null, '3', '4', '5', 'test@15', null, '[\"128\\/VGCMsj\\/gallery\\/0-G1574334005.png\",\"128\\/VGCMsj\\/gallery\\/1-G1574334009.png\",\"128\\/VGCMsj\\/gallery\\/2-G1574334015.png\",\"128\\/VGCMsj\\/gallery\\/3-G1574334009.png\",\"128\\/VGCMsj\\/gallery\\/4-G1574334014.png\",\"128\\/VGCMsj\\/gallery\\/5-G1574334023.png\",\"128\\/VGCMsj\\/gallery\\/6-G1574334016.png\",\"128\\/VGCMsj\\/gallery\\/7-G1574334021.png\",\"128\\/VGCMsj\\/gallery\\/8-G1574334025.png\",\"128\\/VGCMsj\\/gallery\\/9-G1574334025.png\"]', null, GeomFromText('POINT(30.0426645 31.4682178)'), 'VGCMsj', '1', '0', '0', null, null, '2019-11-21 13:00:26', '2019-11-21 13:00:26', null, '128', '<iframe\n          width=100%\n          height=100%\n          frameborder=0\n          scrolling=yes\n          marginheight=0\n          marginwidth=0\n          src=https://maps.google.com/maps?q=30.042664500000000771251507103443145751953125,31.468217800000001460603016312234103679656982421875&hl=es;z=1&amp;output=embed></iframe>');
INSERT INTO `lodges` VALUES ('37', 'S', '1', '22', '22', '55555', null, '1000', '1', null, '3', '4', '5', 'test@16', null, '[\"128\\/j0f4ap\\/gallery\\/0-G1574334121.png\",\"128\\/j0f4ap\\/gallery\\/1-G1574334124.png\",\"128\\/j0f4ap\\/gallery\\/2-G1574334123.png\",\"128\\/j0f4ap\\/gallery\\/3-G1574334116.png\",\"128\\/j0f4ap\\/gallery\\/4-G1574334122.png\",\"128\\/j0f4ap\\/gallery\\/5-G1574334126.png\",\"128\\/j0f4ap\\/gallery\\/6-G1574334129.png\"]', null, GeomFromText('POINT(30.0426645 31.4682178)'), 'j0f4ap', '1', '0', '0', null, null, '2019-11-21 13:02:10', '2019-11-21 13:02:10', null, '128', '<iframe\n          width=100%\n          height=100%\n          frameborder=0\n          scrolling=yes\n          marginheight=0\n          marginwidth=0\n          src=https://maps.google.com/maps?q=30.042664500000000771251507103443145751953125,31.468217800000001460603016312234103679656982421875&hl=es;z=1&amp;output=embed></iframe>');
INSERT INTO `lodges` VALUES ('38', 'S', '1', '55', '55', '55555', null, '10000', '1', null, '10', '13', null, 'test@17', null, '[\"128\\/qKCyWj\\/gallery\\/0-G1574334195.png\",\"128\\/qKCyWj\\/gallery\\/1-G1574334197.png\",\"128\\/qKCyWj\\/gallery\\/2-G1574334200.png\"]', '[\"128\\/qKCyWj\\/floor\\/F1574334196.png\"]', GeomFromText('POINT(30.0426645 31.4682178)'), 'qKCyWj', '1', '0', '0', null, null, '2019-11-21 13:03:21', '2019-11-21 13:03:21', null, '128', '<iframe\n          width=100%\n          height=100%\n          frameborder=0\n          scrolling=yes\n          marginheight=0\n          marginwidth=0\n          src=https://maps.google.com/maps?q=30.042664500000000771251507103443145751953125,31.468217800000001460603016312234103679656982421875&hl=es;z=1&amp;output=embed></iframe>');
INSERT INTO `lodges` VALUES ('40', 'S', '2', '22', '22', '22', null, '10000', '1', '3', '3', '4', null, 'Test@16', null, '[\"128\\/tKbGsw\\/gallery\\/172591CA-04E7-4AA9-B848-D985FCBB23841574592287.jpeg\",\"128\\/tKbGsw\\/gallery\\/28108BB0-29D5-4DFB-BFAD-41DAB3DF9D821574592247.jpeg\",\"128\\/tKbGsw\\/gallery\\/327D31D8-8607-457F-99FB-BF9029E3EB061574592202.jpeg\",\"128\\/tKbGsw\\/gallery\\/3DAC04A5-9BF6-498F-84C5-184E852571EB1574592282.jpeg\",\"128\\/tKbGsw\\/gallery\\/7CE190BB-FEB1-4E5F-8F93-AB05557F52671574592205.jpeg\",\"128\\/tKbGsw\\/gallery\\/7F085DD6-60C9-47BB-AE75-F0085422A3E21574592230.jpeg\",\"128\\/tKbGsw\\/gallery\\/C1A43EF2-D309-45EC-AD81-92F148787E661574592210.jpeg\",\"128\\/tKbGsw\\/gallery\\/C2FC0175-29D4-4CAF-9E8A-660767A127FF1574592214.jpeg\",\"128\\/tKbGsw\\/gallery\\/C532C9F0-CE76-42AA-A4AF-A2EBF15D11441574592276.jpeg\",\"128\\/tKbGsw\\/gallery\\/D4AC09FF-9D07-4220-BBA3-449905177A1F1574592218.jpeg\"]', null, GeomFromText('POINT(30.0426645 31.4682178)'), 'tKbGsw', '1', '0', '0', null, null, '2019-11-24 12:44:50', '2019-11-24 12:44:50', null, '128', '<iframe\n          width=100%\n          height=100%\n          frameborder=0\n          scrolling=yes\n          marginheight=0\n          marginwidth=0\n          src=https://maps.google.com/maps?q=30.0426645,31.4682178&hl=es;z=1&amp;output=embed></iframe>');
INSERT INTO `lodges` VALUES ('41', 'S', '2', '22', '22', '555', null, '100000', '1', '3', '3', '4', null, 'test@20', null, '[\"128\\/vCsnXq\\/gallery\\/IMG_0110[1]1574594552.JPG\",\"128\\/vCsnXq\\/gallery\\/IMG_0110[1]1574594557.JPG\"]', null, GeomFromText('POINT(30.0426645 31.4682178)'), 'vCsnXq', '1', '0', '0', null, null, '2019-11-24 13:22:39', '2019-11-24 13:22:39', null, '128', '<iframe\n          width=100%\n          height=100%\n          frameborder=0\n          scrolling=yes\n          marginheight=0\n          marginwidth=0\n          src=https://maps.google.com/maps?q=30.0426645,31.4682178&hl=es;z=1&amp;output=embed></iframe>');
INSERT INTO `lodges` VALUES ('43', 'S', '8', null, null, '2000', null, '100', '1', '3', '10', '7', null, 'Test@50', null, '[\"128\\/h6mQQE\\/gallery\\/488C29E5-0434-4388-BB37-3C469445AF0F1574601931.jpeg\",\"128\\/h6mQQE\\/gallery\\/628C2EAB-354D-441C-8172-429384D911991574601939.jpeg\",\"128\\/h6mQQE\\/gallery\\/DFFF8E9D-014F-4537-BBC4-529A7E28C2171574601905.jpeg\"]', null, GeomFromText('POINT(30.0426645 31.4682178)'), 'h6mQQE', '1', '0', '0', null, null, '2019-11-24 15:25:40', '2019-11-24 15:25:40', null, '128', '<iframe\n          width=100%\n          height=100%\n          frameborder=0\n          scrolling=yes\n          marginheight=0\n          marginwidth=0\n          src=https://maps.google.com/maps?q=30.0426645,31.4682178&hl=es;z=1&amp;output=embed></iframe>');

-- ----------------------------
-- Table structure for menu_items
-- ----------------------------
DROP TABLE IF EXISTS `menu_items`;
CREATE TABLE `menu_items` (
  `id` int(10) unsigned NOT NULL AUTO_INCREMENT,
  `menu_id` int(10) unsigned DEFAULT NULL,
  `title` varchar(191) COLLATE utf8mb4_unicode_ci NOT NULL,
  `url` varchar(191) COLLATE utf8mb4_unicode_ci NOT NULL,
  `target` varchar(191) COLLATE utf8mb4_unicode_ci NOT NULL DEFAULT '_self',
  `icon_class` varchar(191) COLLATE utf8mb4_unicode_ci DEFAULT NULL,
  `color` varchar(191) COLLATE utf8mb4_unicode_ci DEFAULT NULL,
  `parent_id` int(11) DEFAULT NULL,
  `order` int(11) NOT NULL,
  `created_at` timestamp NULL DEFAULT NULL,
  `updated_at` timestamp NULL DEFAULT NULL,
  `route` varchar(191) COLLATE utf8mb4_unicode_ci DEFAULT NULL,
  `parameters` text COLLATE utf8mb4_unicode_ci,
  PRIMARY KEY (`id`),
  KEY `menu_items_menu_id_foreign` (`menu_id`),
  CONSTRAINT `menu_items_menu_id_foreign` FOREIGN KEY (`menu_id`) REFERENCES `menus` (`id`) ON DELETE CASCADE
) ENGINE=InnoDB AUTO_INCREMENT=45 DEFAULT CHARSET=utf8mb4 COLLATE=utf8mb4_unicode_ci;

-- ----------------------------
-- Records of menu_items
-- ----------------------------
INSERT INTO `menu_items` VALUES ('1', '1', 'Dashboard', '', '_self', 'voyager-boat', null, null, '1', '2019-05-08 10:49:59', '2019-05-08 10:49:59', 'voyager.dashboard', null);
INSERT INTO `menu_items` VALUES ('2', '1', 'Media', '', '_self', 'voyager-images', null, null, '4', '2019-05-08 10:50:00', '2019-08-05 13:35:14', 'voyager.media.index', null);
INSERT INTO `menu_items` VALUES ('3', '1', 'Users', '', '_self', 'voyager-person', null, null, '3', '2019-05-08 10:50:00', '2019-05-08 10:50:00', 'voyager.users.index', null);
INSERT INTO `menu_items` VALUES ('4', '1', 'Roles', '', '_self', 'voyager-lock', null, null, '2', '2019-05-08 10:50:00', '2019-05-08 10:50:00', 'voyager.roles.index', null);
INSERT INTO `menu_items` VALUES ('5', '1', 'Tools', '', '_self', 'voyager-tools', null, null, '8', '2019-05-08 10:50:00', '2019-08-05 13:35:15', null, null);
INSERT INTO `menu_items` VALUES ('6', '1', 'Menu Builder', '', '_self', 'voyager-list', null, '5', '1', '2019-05-08 10:50:00', '2019-08-05 13:35:15', 'voyager.menus.index', null);
INSERT INTO `menu_items` VALUES ('7', '1', 'Database', '', '_self', 'voyager-data', null, '5', '2', '2019-05-08 10:50:00', '2019-08-05 13:35:15', 'voyager.database.index', null);
INSERT INTO `menu_items` VALUES ('8', '1', 'Compass', '', '_self', 'voyager-compass', null, '5', '3', '2019-05-08 10:50:00', '2019-08-05 13:35:15', 'voyager.compass.index', null);
INSERT INTO `menu_items` VALUES ('9', '1', 'BREAD', '', '_self', 'voyager-bread', null, '5', '4', '2019-05-08 10:50:00', '2019-08-05 13:35:15', 'voyager.bread.index', null);
INSERT INTO `menu_items` VALUES ('10', '1', 'Settings', '', '_self', 'voyager-settings', null, null, '9', '2019-05-08 10:50:00', '2019-08-05 13:35:15', 'voyager.settings.index', null);
INSERT INTO `menu_items` VALUES ('11', '1', 'Categories', '', '_self', 'voyager-categories', null, null, '7', '2019-05-08 10:50:12', '2019-08-05 13:35:15', 'voyager.categories.index', null);
INSERT INTO `menu_items` VALUES ('12', '1', 'Posts', '', '_self', 'voyager-news', null, null, '5', '2019-05-08 10:50:16', '2019-08-05 13:35:15', 'voyager.posts.index', null);
INSERT INTO `menu_items` VALUES ('13', '1', 'Pages', '', '_self', 'voyager-file-text', null, null, '6', '2019-05-08 10:50:18', '2019-08-05 13:35:15', 'voyager.pages.index', null);
INSERT INTO `menu_items` VALUES ('14', '1', 'Hooks', '', '_self', 'voyager-hook', null, '5', '5', '2019-05-08 10:50:23', '2019-08-05 13:35:15', 'voyager.hooks', null);
INSERT INTO `menu_items` VALUES ('15', '1', 'Unittypes', '', '_self', 'voyager-home', '#000000', '36', '4', '2019-05-14 09:57:19', '2019-08-05 14:34:29', 'voyager.unittypes.index', 'null');
INSERT INTO `menu_items` VALUES ('16', '1', 'Features', '', '_self', 'voyager-list', '#000000', '36', '5', '2019-05-14 11:30:58', '2019-08-18 10:22:22', 'voyager.features.index', 'null');
INSERT INTO `menu_items` VALUES ('17', '1', 'Options', '', '_self', null, null, '36', '6', '2019-05-14 12:05:02', '2019-08-05 13:38:56', 'voyager.options.index', null);
INSERT INTO `menu_items` VALUES ('18', '1', 'Currencies', '', '_self', 'voyager-dollar', '#000000', '36', '7', '2019-05-14 12:54:15', '2019-10-17 10:59:48', 'voyager.currencies.index', 'null');
INSERT INTO `menu_items` VALUES ('19', '1', 'Periods', '', '_self', null, null, '36', '12', '2019-05-14 13:18:14', '2019-10-27 11:51:21', 'voyager.periods.index', null);
INSERT INTO `menu_items` VALUES ('20', '1', 'Governrates', '', '_self', 'voyager-location', '#000000', '36', '1', '2019-05-14 13:30:51', '2019-08-05 14:33:03', 'voyager.governrates.index', 'null');
INSERT INTO `menu_items` VALUES ('21', '1', 'Areas', '', '_self', 'voyager-location', '#000000', '36', '2', '2019-05-14 13:32:58', '2019-08-05 14:33:46', 'voyager.areas.index', 'null');
INSERT INTO `menu_items` VALUES ('22', '1', 'Compounds', '', '_self', 'voyager-location', '#000000', '36', '3', '2019-05-14 14:29:13', '2019-08-05 14:33:56', 'voyager.compounds.index', 'null');
INSERT INTO `menu_items` VALUES ('23', '1', 'Statuses', '', '_self', null, null, '36', '11', '2019-05-16 07:56:32', '2019-10-27 11:51:21', 'voyager.statuses.index', null);
INSERT INTO `menu_items` VALUES ('24', '1', 'Packages', '', '_self', 'voyager-paypal', '#000000', null, '11', '2019-05-16 08:12:04', '2019-11-07 10:20:53', 'voyager.packages.index', 'null');
INSERT INTO `menu_items` VALUES ('25', '1', 'Lodges', '', '_self', 'voyager-home', '#000000', null, '12', '2019-05-16 08:57:12', '2019-10-27 11:51:21', 'voyager.lodges.index', 'null');
INSERT INTO `menu_items` VALUES ('26', '1', 'Lodgeoptions', '', '_self', 'voyager-sun', '#000000', null, '14', '2019-05-16 09:15:17', '2019-11-07 10:32:47', 'voyager.lodgeoptions.index', 'null');
INSERT INTO `menu_items` VALUES ('27', '1', 'Packagetransactions', '', '_self', 'voyager-documentation', '#000000', null, '13', '2019-05-26 14:11:41', '2019-10-27 11:51:21', 'voyager.packagetransactions.index', 'null');
INSERT INTO `menu_items` VALUES ('28', '1', 'Intros', '', '_self', 'voyager-play', '#000000', null, '15', '2019-05-28 11:25:28', '2019-10-27 11:51:21', 'voyager.intros.index', 'null');
INSERT INTO `menu_items` VALUES ('29', '1', 'Likes', '', '_self', 'voyager-heart', '#000000', null, '16', '2019-05-29 07:46:22', '2019-11-07 10:33:53', 'voyager.likes.index', 'null');
INSERT INTO `menu_items` VALUES ('30', '1', 'Badges', '', '_self', 'voyager-gift', '#000000', null, '17', '2019-07-02 07:42:20', '2019-11-07 10:41:31', 'voyager.badges.index', 'null');
INSERT INTO `menu_items` VALUES ('31', '1', 'Rates', '', '_self', 'voyager-star-half', '#000000', null, '18', '2019-07-02 07:42:54', '2019-11-07 10:44:37', 'voyager.rates.index', 'null');
INSERT INTO `menu_items` VALUES ('32', '1', 'Apntokens', '', '_self', null, null, null, '19', '2019-07-03 14:53:29', '2019-10-27 11:51:21', 'voyager.apntokens.index', null);
INSERT INTO `menu_items` VALUES ('33', '1', 'Reasons', '', '_self', null, null, '36', '10', '2019-07-10 09:31:40', '2019-08-05 13:39:08', 'voyager.reasons.index', null);
INSERT INTO `menu_items` VALUES ('34', '1', 'Tips', '', '_self', 'voyager-dot-3', '#000000', '36', '9', '2019-07-11 15:41:01', '2019-08-18 10:24:37', 'voyager.tips.index', 'null');
INSERT INTO `menu_items` VALUES ('35', '1', 'Subjects', '', '_self', 'voyager-bookmark', '#000000', '36', '8', '2019-07-11 16:05:18', '2019-08-18 10:23:48', 'voyager.subjects.index', 'null');
INSERT INTO `menu_items` VALUES ('36', '1', 'App Configurations', '', '_self', 'voyager-categories', '#000000', null, '10', '2019-08-05 13:36:46', '2019-10-17 11:00:25', null, '');
INSERT INTO `menu_items` VALUES ('37', '1', 'Notifications', '', '_self', 'voyager-sound', '#000000', null, '20', '2019-09-08 12:00:49', '2019-11-07 10:46:04', 'voyager.notifications.index', 'null');

-- ----------------------------
-- Table structure for menus
-- ----------------------------
DROP TABLE IF EXISTS `menus`;
CREATE TABLE `menus` (
  `id` int(10) unsigned NOT NULL AUTO_INCREMENT,
  `name` varchar(191) COLLATE utf8mb4_unicode_ci NOT NULL,
  `created_at` timestamp NULL DEFAULT NULL,
  `updated_at` timestamp NULL DEFAULT NULL,
  PRIMARY KEY (`id`),
  UNIQUE KEY `menus_name_unique` (`name`)
) ENGINE=InnoDB AUTO_INCREMENT=2 DEFAULT CHARSET=utf8mb4 COLLATE=utf8mb4_unicode_ci;

-- ----------------------------
-- Records of menus
-- ----------------------------
INSERT INTO `menus` VALUES ('1', 'admin', '2019-05-08 10:49:59', '2019-05-08 10:49:59');

-- ----------------------------
-- Table structure for migrations
-- ----------------------------
DROP TABLE IF EXISTS `migrations`;
CREATE TABLE `migrations` (
  `id` int(10) unsigned NOT NULL AUTO_INCREMENT,
  `migration` varchar(191) COLLATE utf8mb4_unicode_ci NOT NULL,
  `batch` int(11) NOT NULL,
  PRIMARY KEY (`id`)
) ENGINE=InnoDB AUTO_INCREMENT=32 DEFAULT CHARSET=utf8mb4 COLLATE=utf8mb4_unicode_ci;

-- ----------------------------
-- Records of migrations
-- ----------------------------
INSERT INTO `migrations` VALUES ('1', '2014_10_12_000000_create_users_table', '1');
INSERT INTO `migrations` VALUES ('2', '2014_10_12_100000_create_password_resets_table', '1');
INSERT INTO `migrations` VALUES ('3', '2016_06_01_000001_create_oauth_auth_codes_table', '1');
INSERT INTO `migrations` VALUES ('4', '2016_06_01_000002_create_oauth_access_tokens_table', '1');
INSERT INTO `migrations` VALUES ('5', '2016_06_01_000003_create_oauth_refresh_tokens_table', '1');
INSERT INTO `migrations` VALUES ('6', '2016_06_01_000004_create_oauth_clients_table', '1');
INSERT INTO `migrations` VALUES ('7', '2016_06_01_000005_create_oauth_personal_access_clients_table', '1');
INSERT INTO `migrations` VALUES ('8', '2016_01_01_000000_add_voyager_user_fields', '2');
INSERT INTO `migrations` VALUES ('9', '2016_01_01_000000_create_data_types_table', '2');
INSERT INTO `migrations` VALUES ('10', '2016_05_19_173453_create_menu_table', '2');
INSERT INTO `migrations` VALUES ('11', '2016_10_21_190000_create_roles_table', '2');
INSERT INTO `migrations` VALUES ('12', '2016_10_21_190000_create_settings_table', '2');
INSERT INTO `migrations` VALUES ('13', '2016_11_30_135954_create_permission_table', '2');
INSERT INTO `migrations` VALUES ('14', '2016_11_30_141208_create_permission_role_table', '2');
INSERT INTO `migrations` VALUES ('15', '2016_12_26_201236_data_types__add__server_side', '2');
INSERT INTO `migrations` VALUES ('16', '2017_01_13_000000_add_route_to_menu_items_table', '2');
INSERT INTO `migrations` VALUES ('17', '2017_01_14_005015_create_translations_table', '2');
INSERT INTO `migrations` VALUES ('18', '2017_01_15_000000_make_table_name_nullable_in_permissions_table', '2');
INSERT INTO `migrations` VALUES ('19', '2017_03_06_000000_add_controller_to_data_types_table', '2');
INSERT INTO `migrations` VALUES ('20', '2017_04_21_000000_add_order_to_data_rows_table', '2');
INSERT INTO `migrations` VALUES ('21', '2017_07_05_210000_add_policyname_to_data_types_table', '2');
INSERT INTO `migrations` VALUES ('22', '2017_08_05_000000_add_group_to_settings_table', '2');
INSERT INTO `migrations` VALUES ('23', '2017_11_26_013050_add_user_role_relationship', '2');
INSERT INTO `migrations` VALUES ('24', '2017_11_26_015000_create_user_roles_table', '2');
INSERT INTO `migrations` VALUES ('25', '2018_03_11_000000_add_user_settings', '2');
INSERT INTO `migrations` VALUES ('26', '2018_03_14_000000_add_details_to_data_types_table', '2');
INSERT INTO `migrations` VALUES ('27', '2018_03_16_000000_make_settings_value_nullable', '2');
INSERT INTO `migrations` VALUES ('28', '2016_01_01_000000_create_pages_table', '3');
INSERT INTO `migrations` VALUES ('29', '2016_01_01_000000_create_posts_table', '3');
INSERT INTO `migrations` VALUES ('30', '2016_02_15_204651_create_categories_table', '3');
INSERT INTO `migrations` VALUES ('31', '2017_04_11_000000_alter_post_nullable_fields_table', '3');

-- ----------------------------
-- Table structure for notifications
-- ----------------------------
DROP TABLE IF EXISTS `notifications`;
CREATE TABLE `notifications` (
  `id` int(10) unsigned NOT NULL AUTO_INCREMENT,
  `title` varchar(255) COLLATE utf8mb4_unicode_ci DEFAULT NULL,
  `content` varchar(255) COLLATE utf8mb4_unicode_ci DEFAULT NULL,
  `topic` varchar(255) COLLATE utf8mb4_unicode_ci DEFAULT NULL,
  `created_at` timestamp NULL DEFAULT NULL,
  `updated_at` timestamp NULL DEFAULT NULL,
  `deleted_at` timestamp NULL DEFAULT NULL,
  PRIMARY KEY (`id`)
) ENGINE=InnoDB AUTO_INCREMENT=2 DEFAULT CHARSET=utf8mb4 COLLATE=utf8mb4_unicode_ci;

-- ----------------------------
-- Records of notifications
-- ----------------------------
INSERT INTO `notifications` VALUES ('1', 'Lodge', 'Test', 'News', '2019-10-29 13:23:25', '2019-10-29 13:23:25', null);

-- ----------------------------
-- Table structure for oauth_access_tokens
-- ----------------------------
DROP TABLE IF EXISTS `oauth_access_tokens`;
CREATE TABLE `oauth_access_tokens` (
  `id` varchar(100) COLLATE utf8mb4_unicode_ci NOT NULL,
  `user_id` int(11) DEFAULT NULL,
  `client_id` int(10) unsigned NOT NULL,
  `name` varchar(191) COLLATE utf8mb4_unicode_ci DEFAULT NULL,
  `scopes` text COLLATE utf8mb4_unicode_ci,
  `revoked` tinyint(1) NOT NULL,
  `created_at` timestamp NULL DEFAULT NULL,
  `updated_at` timestamp NULL DEFAULT NULL,
  `expires_at` datetime DEFAULT NULL,
  PRIMARY KEY (`id`),
  KEY `oauth_access_tokens_user_id_index` (`user_id`)
) ENGINE=InnoDB DEFAULT CHARSET=utf8mb4 COLLATE=utf8mb4_unicode_ci;

-- ----------------------------
-- Records of oauth_access_tokens
-- ----------------------------
INSERT INTO `oauth_access_tokens` VALUES ('0000091812420d65897dda44541f689829be9488915e432d34b65c22716bc098ef09f64ddf691de2', null, '1', 'MyApp', '[]', '0', '2019-06-24 11:43:46', '2019-06-24 11:43:46', '2020-06-24 11:43:46');
INSERT INTO `oauth_access_tokens` VALUES ('000f224f47cd456fa2dc4e6d9a9674aa15bdf33a57e4cc530a00bb416ac8c8953ec87d1cacbbc09f', '29', '1', 'MyApp', '[]', '0', '2019-08-20 12:39:58', '2019-08-20 12:39:58', '2020-08-20 12:39:58');
INSERT INTO `oauth_access_tokens` VALUES ('0061da883ad219b710aaaeaf8c73796c87a5967c8023a6080c8f67f20dc3cc48eea581cefdcf4b17', '102', '1', 'MyApp', '[]', '0', '2019-09-26 00:23:51', '2019-09-26 00:23:51', '2020-09-26 00:23:51');
INSERT INTO `oauth_access_tokens` VALUES ('0068b28c6124129413deeb54a5a286568122b632507a676ad41f6627f4c162f1b726e1f27c4dabd9', '15', '1', 'MyApp', '[]', '0', '2019-08-19 13:29:50', '2019-08-19 13:29:50', '2020-08-19 13:29:50');
INSERT INTO `oauth_access_tokens` VALUES ('00de685db4efd33b6ab1db31171b9acf4b1a88def53b2c9d9d2f7484481f26b2200250be5fe3896c', '50', '1', 'MyApp', '[]', '0', '2019-08-26 13:21:35', '2019-08-26 13:21:35', '2020-08-26 13:21:35');
INSERT INTO `oauth_access_tokens` VALUES ('00f7a714a0db2ae90ecc0967f638a8f40f5c6ae31c8477d28aef1b26c26d5426ce2a49ed058c7695', '19', '1', 'MyApp', '[]', '0', '2019-08-19 13:26:23', '2019-08-19 13:26:23', '2020-08-19 13:26:23');
INSERT INTO `oauth_access_tokens` VALUES ('0118be9a98e8a8a9a51a1ab27fb3ee804000bb2da43521e401fef7ffeb8cea9dd239294338fd10e3', '19', '1', 'MyApp', '[]', '0', '2019-08-26 15:51:57', '2019-08-26 15:51:57', '2020-08-26 15:51:57');
INSERT INTO `oauth_access_tokens` VALUES ('01328c041b1ad66ed91e5693efca0d366e60c307b98c38dec740ffacf49b4c154f63164927041788', '5', '1', 'MyApp', '[]', '0', '2019-07-14 13:13:46', '2019-07-14 13:13:46', '2020-07-14 13:13:46');
INSERT INTO `oauth_access_tokens` VALUES ('01b850b097a6fcc79c28fc65e249a257836a7f44ea4bf15e7b324fa78a6441ed8a8763bb8c874434', '15', '1', 'MyApp', '[]', '0', '2019-09-01 10:11:55', '2019-09-01 10:11:55', '2020-09-01 10:11:55');
INSERT INTO `oauth_access_tokens` VALUES ('021ad6827944cd688e7af995996af0458a4d354248338d6a94fe8907c9247528017fe8e8e35b6c22', '19', '1', 'MyApp', '[]', '0', '2019-10-08 10:52:18', '2019-10-08 10:52:18', '2020-10-08 10:52:18');
INSERT INTO `oauth_access_tokens` VALUES ('0278a86c2b2994d3935611c5c3e51f76b3ea0172286f7c31d7b41623c01d4aff8fd92f60367bc261', '108', '1', 'MyApp', '[]', '0', '2019-10-23 14:01:28', '2019-10-23 14:01:28', '2020-10-23 14:01:28');
INSERT INTO `oauth_access_tokens` VALUES ('02e029045e0256f1640ede93d5e17bd02977c36aa0b4e4e1b0334accb5dbebabe5727d4bbf25a145', '15', '1', 'MyApp', '[]', '0', '2019-09-25 13:22:34', '2019-09-25 13:22:34', '2020-09-25 13:22:34');
INSERT INTO `oauth_access_tokens` VALUES ('02f85fbeb9764d100db3e87363a1fb8108734bb35a743c76d039be9b64a0465ba53eec150e3dee4c', '19', '1', 'MyApp', '[]', '0', '2019-09-30 12:07:08', '2019-09-30 12:07:08', '2020-09-30 12:07:08');
INSERT INTO `oauth_access_tokens` VALUES ('0324788e8901f9f6c404a9b96c5bf897c076c0989236c01140b9cc057e28cbb32fec4d3e3827bdad', '19', '1', 'MyApp', '[]', '0', '2019-10-02 11:21:37', '2019-10-02 11:21:37', '2020-10-02 11:21:37');
INSERT INTO `oauth_access_tokens` VALUES ('032b1cf63d9be4d2619317011c1a9197f8f3260b98dcd7f5bbe30b1e708fb6fcdc30768a1e424069', null, '1', 'MyApp', '[]', '0', '2019-06-24 09:26:12', '2019-06-24 09:26:12', '2020-06-24 09:26:12');
INSERT INTO `oauth_access_tokens` VALUES ('03636f39d7a585ec7b06b58eb127f8342b40f756043df0a2c8f5b16a643dd61731b77115c48d4ea5', '15', '1', 'MyApp', '[]', '0', '2019-08-19 13:58:20', '2019-08-19 13:58:20', '2020-08-19 13:58:20');
INSERT INTO `oauth_access_tokens` VALUES ('038bae3659dfd92bfac29f86ab3f6c7b6c90fea0f35f3210aeca9bacec1d74776d1571686bd0dc22', '19', '1', 'MyApp', '[]', '0', '2019-09-05 11:44:32', '2019-09-05 11:44:32', '2020-09-05 11:44:32');
INSERT INTO `oauth_access_tokens` VALUES ('03b61323ec88370d38f648dd23548cc6e9014581cccaac4b6aa6dfc141db212e72ff0dcb5ccba062', '55', '1', 'MyApp', '[]', '0', '2019-08-25 15:15:27', '2019-08-25 15:15:27', '2020-08-25 15:15:27');
INSERT INTO `oauth_access_tokens` VALUES ('03c7a79b78c8eb498b1c9df448f7296dc58ebf30dd472f6219d55fa31f2f619df4187047e0c686c2', '15', '1', 'MyApp', '[]', '0', '2019-08-19 14:07:59', '2019-08-19 14:07:59', '2020-08-19 14:07:59');
INSERT INTO `oauth_access_tokens` VALUES ('03d3300439ee3c1ec2fa827e94950e7027d2dd91660bce08470aa55b7326ec1d821b3cc4f5e919b2', '19', '1', 'MyApp', '[]', '0', '2019-08-19 13:25:37', '2019-08-19 13:25:37', '2020-08-19 13:25:37');
INSERT INTO `oauth_access_tokens` VALUES ('04ab1ff0d25ca8bbcc40b1cb60541685205e575d3fed216996e156e487eb9994c0eadf84dab23a0b', '19', '1', 'MyApp', '[]', '0', '2019-08-22 10:47:53', '2019-08-22 10:47:53', '2020-08-22 10:47:53');
INSERT INTO `oauth_access_tokens` VALUES ('052c65a7df8c05d6a032b2978023849ebdcd3f2e37510dcd16ba5d47b611a59f9c883d490ce79f79', '19', '1', 'MyApp', '[]', '0', '2019-09-23 14:20:16', '2019-09-23 14:20:16', '2020-09-23 14:20:16');
INSERT INTO `oauth_access_tokens` VALUES ('05450c1d3370205fe2bada4cd11a494a94e66e86f3beb02e7769d6efb71ac743e630a0e20c2ff48a', '5', '1', 'MyApp', '[]', '0', '2019-06-24 10:47:13', '2019-06-24 10:47:13', '2020-06-24 10:47:13');
INSERT INTO `oauth_access_tokens` VALUES ('058388c4b0e452bc3c5d634eeaa916c3d8a67e765fb0a0e0024bcdc561d2703552c2882bc796be25', '19', '1', 'MyApp', '[]', '0', '2019-08-26 16:36:51', '2019-08-26 16:36:51', '2020-08-26 16:36:51');
INSERT INTO `oauth_access_tokens` VALUES ('05e854e8f5a50ff35bd60d0b1af51e8bad55edffd5f02aea3604d73b6320a5e6385b43090ce8196b', '19', '1', 'MyApp', '[]', '0', '2019-08-26 11:37:23', '2019-08-26 11:37:23', '2020-08-26 11:37:23');
INSERT INTO `oauth_access_tokens` VALUES ('0665211b58d10ad5ce0761068aed475378d483fe47e863bd069a50bbc3b98d1f023860d2a8242319', '19', '1', 'MyApp', '[]', '0', '2019-08-19 13:28:18', '2019-08-19 13:28:18', '2020-08-19 13:28:18');
INSERT INTO `oauth_access_tokens` VALUES ('0697b5c5d02e86b03b659c8788aa621434a644d1e54840b30adc1ed6a12f94970daf699d71dfffd1', '15', '1', 'MyApp', '[]', '0', '2019-09-04 12:53:37', '2019-09-04 12:53:37', '2020-09-04 12:53:37');
INSERT INTO `oauth_access_tokens` VALUES ('069f9e87a39696867c409fa444d6ca9fe327eb0c02b282833df0dac9909ce5b41abcaefc5842dd18', '12', '1', 'MyApp', '[]', '0', '2019-06-11 09:47:58', '2019-06-11 09:47:58', '2020-06-11 09:47:58');
INSERT INTO `oauth_access_tokens` VALUES ('06a0a0c3e596923f5b2d8399dadf357b0d31c0b324f6240146c49b4721cf01d03b937a82ea355aef', '102', '1', 'MyApp', '[]', '0', '2019-10-22 13:38:46', '2019-10-22 13:38:46', '2020-10-22 13:38:46');
INSERT INTO `oauth_access_tokens` VALUES ('06b242cc9f08b4da98552a2dc277781e878c26628b5a7bb9ca0e069e8ab8a84e284f30d024ca0f98', '15', '1', 'MyApp', '[]', '0', '2019-08-19 13:57:30', '2019-08-19 13:57:30', '2020-08-19 13:57:30');
INSERT INTO `oauth_access_tokens` VALUES ('072c197c50f9f6a7fdf48567c41d7f24917fc90fe68ef8b73446c7da08d0b955b9d0df9337998b7e', '19', '1', 'MyApp', '[]', '0', '2019-09-25 13:24:18', '2019-09-25 13:24:18', '2020-09-25 13:24:18');
INSERT INTO `oauth_access_tokens` VALUES ('072e31960053cd7caca312e9f776b6aa2f3d6a92b7e08f0a42272e4d8bd8bee122bbfee842c1184d', '15', '1', 'MyApp', '[]', '0', '2019-09-05 10:02:11', '2019-09-05 10:02:11', '2020-09-05 10:02:11');
INSERT INTO `oauth_access_tokens` VALUES ('077584b47f6afb838684b88f85a71b334ab2d65d99076f6b2ef0a6b77cfcb71a6156b1b556f5c317', '19', '1', 'MyApp', '[]', '0', '2019-08-26 13:34:08', '2019-08-26 13:34:08', '2020-08-26 13:34:08');
INSERT INTO `oauth_access_tokens` VALUES ('082477162c35bc30806c4dc99856cab8600fbe3cb8b55bf35d0e00bd21f973c2222d3d450e0996c2', '128', '1', 'MyApp', '[]', '0', '2019-11-13 13:18:06', '2019-11-13 13:18:06', '2020-11-13 13:18:06');
INSERT INTO `oauth_access_tokens` VALUES ('0870e6d514a51153b01fe48a076ba2076ce1e96d409775a024dfb9429275195384c7a8729d277839', '10', '1', 'MyApp', '[]', '0', '2019-05-30 10:53:14', '2019-05-30 10:53:14', '2020-05-30 10:53:14');
INSERT INTO `oauth_access_tokens` VALUES ('088175670a9a052244c3c3ac8056966aabdbff8233d9f3c830fa8fe490d0ffaa786d85bf831668c5', '19', '1', 'MyApp', '[]', '0', '2019-06-20 09:12:13', '2019-06-20 09:12:13', '2020-06-20 09:12:13');
INSERT INTO `oauth_access_tokens` VALUES ('08b35637505237260c03e495f7eae8403ecce3c557c705211336b3f1d2f1fccb460b5f41c24241eb', '98', '1', 'MyApp', '[]', '0', '2019-09-25 10:04:21', '2019-09-25 10:04:21', '2020-09-25 10:04:21');
INSERT INTO `oauth_access_tokens` VALUES ('08c6ef35ce5eff1ee6dc58d11f57cb73b09199604ebace4be3cfd18a83484f322658614a1542a5db', '15', '1', 'MyApp', '[]', '0', '2019-06-25 09:22:01', '2019-06-25 09:22:01', '2020-06-25 09:22:01');
INSERT INTO `oauth_access_tokens` VALUES ('08d5c859e3666a3d6ce5328f69f921d9925b60bedf09784178b70bbf33b04d3928ff8b026e657131', null, '1', 'MyApp', '[]', '0', '2019-06-24 12:10:00', '2019-06-24 12:10:00', '2020-06-24 12:10:00');
INSERT INTO `oauth_access_tokens` VALUES ('0902ae7bcfd703608b5d298314dad0084b913845d6b2d616d6668b344d42a731035121d2f1ece361', '112', '1', 'MyApp', '[]', '0', '2019-11-04 11:37:22', '2019-11-04 11:37:22', '2020-11-04 11:37:22');
INSERT INTO `oauth_access_tokens` VALUES ('092876f6c2e7036eaee59d48b09ecaa0fef0f83da95214f98c3c48fb9b21696f3639c2a2166f4510', '94', '1', 'MyApp', '[]', '0', '2019-09-25 09:20:11', '2019-09-25 09:20:11', '2020-09-25 09:20:11');
INSERT INTO `oauth_access_tokens` VALUES ('09764a65609f720902369b4a10343d71e02d326c891b6e8bc2ee917dc8dadc39d6811454a8bb86d9', '70', '1', 'MyApp', '[]', '0', '2019-09-24 15:26:02', '2019-09-24 15:26:02', '2020-09-24 15:26:02');
INSERT INTO `oauth_access_tokens` VALUES ('09f7d0ae49a27cd9fb1d1d072e332f4746a844e4ce9df5b4d1338525e69234d53817d8613044dcf3', '15', '1', 'MyApp', '[]', '0', '2019-08-19 13:56:48', '2019-08-19 13:56:48', '2020-08-19 13:56:48');
INSERT INTO `oauth_access_tokens` VALUES ('0a2521fc4a7b731473e52b24730bdb6974229955c90cc32062ed7fa3067fa38c6ba79b23374cdae9', '124', '1', 'MyApp', '[]', '0', '2019-10-30 15:50:08', '2019-10-30 15:50:08', '2020-10-30 15:50:08');
INSERT INTO `oauth_access_tokens` VALUES ('0aae2e9760c93cf01d3835c8568d52750b2dcd973ec565f8697c1c710110fafeb0fc113a372800c1', '70', '1', 'MyApp', '[]', '0', '2019-09-24 15:24:24', '2019-09-24 15:24:24', '2020-09-24 15:24:24');
INSERT INTO `oauth_access_tokens` VALUES ('0af5e4ebe22797d4db77eb0053c133d0d814dd74755f567f03dbf90b4b91fc203972492ae8086185', '65', '1', 'MyApp', '[]', '0', '2019-09-24 10:04:07', '2019-09-24 10:04:07', '2020-09-24 10:04:07');
INSERT INTO `oauth_access_tokens` VALUES ('0b02580e5b976f542b3edf8cb93dce76a94bfee1edf263237f337b50376184e2056923a4ecc75e32', '19', '1', 'MyApp', '[]', '0', '2019-08-19 13:24:31', '2019-08-19 13:24:31', '2020-08-19 13:24:31');
INSERT INTO `oauth_access_tokens` VALUES ('0b4617e69b056afb9712e4dc5d1df2e5279a10ad1feb2c6ca4e0dae1a1bd5993bac19d835659f8c6', '50', '1', 'MyApp', '[]', '0', '2019-08-25 14:14:33', '2019-08-25 14:14:33', '2020-08-25 14:14:33');
INSERT INTO `oauth_access_tokens` VALUES ('0b6598cd96c6973caf64acf39d8d6486635214c4d3ddeeaffdde1412d7e73476eadfcf105d55b5ff', '109', '1', 'MyApp', '[]', '0', '2019-10-30 12:17:04', '2019-10-30 12:17:04', '2020-10-30 12:17:04');
INSERT INTO `oauth_access_tokens` VALUES ('0b822cde8f996bf86ea035e2b8f50a9efc117f0e3a0efd6607638de1fc4e0fa20d954f911a0539b5', '111', '1', 'MyApp', '[]', '0', '2019-11-21 15:20:07', '2019-11-21 15:20:07', '2020-11-21 15:20:07');
INSERT INTO `oauth_access_tokens` VALUES ('0b941527efcab7bdb4f03093cfe3435c38c85a1e44e74e134c8324338e6161094ba72c432b1f4cf6', '98', '1', 'MyApp', '[]', '0', '2019-09-25 10:04:20', '2019-09-25 10:04:20', '2020-09-25 10:04:20');
INSERT INTO `oauth_access_tokens` VALUES ('0bf109c4dfd3b55d981d29cc8c2320bfc7f1e1d31244b42f0b374966a649e63a9d75cb21efa9056d', '15', '1', 'MyApp', '[]', '0', '2019-09-05 12:33:44', '2019-09-05 12:33:44', '2020-09-05 12:33:44');
INSERT INTO `oauth_access_tokens` VALUES ('0bf2e4e74f53d52ea621c21c0260da1d2ac1f35570231785f3e33734057ff694aaac487402f07fa3', '29', '1', 'MyApp', '[]', '0', '2019-08-27 10:34:04', '2019-08-27 10:34:04', '2020-08-27 10:34:04');
INSERT INTO `oauth_access_tokens` VALUES ('0c45becb8a572113aa504bf29a1fa99504bce0e9ee697509a5cf1be98c9497b7c1500f82d16ddfc0', '15', '1', 'MyApp', '[]', '0', '2019-09-04 14:05:53', '2019-09-04 14:05:53', '2020-09-04 14:05:53');
INSERT INTO `oauth_access_tokens` VALUES ('0cab5a418a21d3e91ad3ed5b8118a0d8766ed5fc4f192709e2937fbc27cca3ad12bb420da3df8068', '68', '1', 'MyApp', '[]', '0', '2019-09-24 15:18:17', '2019-09-24 15:18:17', '2020-09-24 15:18:17');
INSERT INTO `oauth_access_tokens` VALUES ('0cbd085a66d25b1da1f2ae0181fbc382765a307963045bee1f4788a83e2334656013a5fff1d8097a', '121', '1', 'MyApp', '[]', '0', '2019-11-05 16:37:53', '2019-11-05 16:37:53', '2020-11-05 16:37:53');
INSERT INTO `oauth_access_tokens` VALUES ('0ce759acf887a38443e75fa1515d465df50906058b9732de974b253da76435ff14b0ae6d1061a814', '5', '1', 'MyApp', '[]', '0', '2019-06-19 09:55:21', '2019-06-19 09:55:21', '2020-06-19 09:55:21');
INSERT INTO `oauth_access_tokens` VALUES ('0d14a6a0917d0eee704d06deeb1fa932cbaa1ed8b8497d1b8dafb03b54804cc62f21bf89b4945b7b', '110', '1', 'MyApp', '[]', '0', '2019-11-12 13:02:13', '2019-11-12 13:02:13', '2020-11-12 13:02:13');
INSERT INTO `oauth_access_tokens` VALUES ('0d927c29047c06f0261e59a982c3ff77c410f2c47b5565fb065cb32485b64af554d154403aec8d2d', '5', '1', 'MyApp', '[]', '0', '2019-06-25 09:20:48', '2019-06-25 09:20:48', '2020-06-25 09:20:48');
INSERT INTO `oauth_access_tokens` VALUES ('0d96679a8d8592880f62069c7093ee9eb8bdc6c166a092e41a78f0537977e5ccf459fcb8965d028a', '19', '1', 'MyApp', '[]', '0', '2019-08-28 13:53:56', '2019-08-28 13:53:56', '2020-08-28 13:53:56');
INSERT INTO `oauth_access_tokens` VALUES ('0de32d719b53a85cdb725a2255499a612841a8dff2ddfcc85c07295f76a116c326b36fd9fc828d03', '15', '1', 'MyApp', '[]', '0', '2019-06-24 10:16:05', '2019-06-24 10:16:05', '2020-06-24 10:16:05');
INSERT INTO `oauth_access_tokens` VALUES ('0ebd1f0c7930512dc99f2308245317b9bed36280f53ce930fccab43c0fdd0e66f40f42fa37b3d6f5', '29', '1', 'MyApp', '[]', '0', '2019-08-20 10:44:50', '2019-08-20 10:44:50', '2020-08-20 10:44:50');
INSERT INTO `oauth_access_tokens` VALUES ('0efb9ed3c5b6bcc86b4fb347d0d20c0b36b305df4b72b81691bbae5f113338abcf6476b1253bb823', '15', '1', 'MyApp', '[]', '0', '2019-09-17 15:28:13', '2019-09-17 15:28:13', '2020-09-17 15:28:13');
INSERT INTO `oauth_access_tokens` VALUES ('0fbae8a4862cb3e96f72a52120da5b9f43e05aba526dd3ab30bb52415baa27bb505c83572810c45b', '50', '1', 'MyApp', '[]', '0', '2019-08-24 19:43:28', '2019-08-24 19:43:28', '2020-08-24 19:43:28');
INSERT INTO `oauth_access_tokens` VALUES ('0fc8cdf1cce2ad19c26010f7b3828c20fd10aaf31b1747fb6e29326046429b103528cfae1e12768b', '29', '1', 'MyApp', '[]', '0', '2019-08-18 09:00:37', '2019-08-18 09:00:37', '2020-08-18 09:00:37');
INSERT INTO `oauth_access_tokens` VALUES ('0fce7f7ebcf4491c97329fef98fa5a51969299cf7116b967453b9ed0140a6b0997536662007dfbaa', '96', '1', 'MyApp', '[]', '0', '2019-09-25 09:40:58', '2019-09-25 09:40:58', '2020-09-25 09:40:58');
INSERT INTO `oauth_access_tokens` VALUES ('0fe54bd85f94406e869e8d2f74493fbfd13719fafa82965a0d5d52b5325df82d41e9c1a3c0407299', '29', '1', 'MyApp', '[]', '0', '2019-08-29 12:57:13', '2019-08-29 12:57:13', '2020-08-29 12:57:13');
INSERT INTO `oauth_access_tokens` VALUES ('100ee2fc803a8966b88d1256c0262345455a549c2e5ee24bbcd60aeddf47e91298e7fffc52cd763f', '15', '1', 'MyApp', '[]', '0', '2019-09-04 12:31:48', '2019-09-04 12:31:48', '2020-09-04 12:31:48');
INSERT INTO `oauth_access_tokens` VALUES ('107e56585376e64f39cb9098074f6e660649b9cf53b3071d62e26a79baef12154bb2370e038edd8e', '41', '1', 'MyApp', '[]', '0', '2019-08-08 15:17:19', '2019-08-08 15:17:19', '2020-08-08 15:17:19');
INSERT INTO `oauth_access_tokens` VALUES ('10a51724805649928166c307e585f0e9797f8f771e6d6b77d231961712675b524e5110e0133edd3c', '15', '1', 'MyApp', '[]', '0', '2019-08-19 13:29:49', '2019-08-19 13:29:49', '2020-08-19 13:29:49');
INSERT INTO `oauth_access_tokens` VALUES ('10da2ba992b7619e04afc46257bceb1a7e19baa4cfc7dc4a3b86d2603a9ed85eab24327339372d00', '107', '1', 'MyApp', '[]', '0', '2019-10-22 14:51:37', '2019-10-22 14:51:37', '2020-10-22 14:51:37');
INSERT INTO `oauth_access_tokens` VALUES ('10f293f5a30a0bb4e30bc419a56f3cec0076140a6db3f01a68751c493abe991a273bc27e93616cfb', '109', '1', 'MyApp', '[]', '0', '2019-11-11 11:58:01', '2019-11-11 11:58:01', '2020-11-11 11:58:01');
INSERT INTO `oauth_access_tokens` VALUES ('110b1db67391134f6f33c2acd930a15a586ab1eef89bb86ba79b3574bf5436198c13049cbe98bdd3', '112', '1', 'MyApp', '[]', '0', '2019-10-31 16:02:53', '2019-10-31 16:02:53', '2020-10-31 16:02:53');
INSERT INTO `oauth_access_tokens` VALUES ('11c273bcbabfe1493331538de70694e0207191aab968bd3449ec40cba447ee21d7711a764bcb284f', '19', '1', 'MyApp', '[]', '0', '2019-10-08 10:22:54', '2019-10-08 10:22:54', '2020-10-08 10:22:54');
INSERT INTO `oauth_access_tokens` VALUES ('11f2c1ed6fdbc63914191ac6281d2724bf0a893de2d7ffbc95df1e324b021f1586a7267c9ebf98ea', '29', '1', 'MyApp', '[]', '0', '2019-08-26 12:20:45', '2019-08-26 12:20:45', '2020-08-26 12:20:45');
INSERT INTO `oauth_access_tokens` VALUES ('12def19063683f9fdb586eee06780ac4ebad2ed899f5106c6887dda27a0ce4635f675ba3e24f7198', '112', '1', 'MyApp', '[]', '0', '2019-10-27 16:07:33', '2019-10-27 16:07:33', '2020-10-27 16:07:33');
INSERT INTO `oauth_access_tokens` VALUES ('12e94ba91f6026085e62d134a20c177ef54c261ce5b0871d773b69974e45509802fa5e88feaa073f', '15', '1', 'MyApp', '[]', '0', '2019-08-19 13:56:51', '2019-08-19 13:56:51', '2020-08-19 13:56:51');
INSERT INTO `oauth_access_tokens` VALUES ('13721e4ad39e74834a7ae9c1f657a4aeaa908814189ffd6de53a7f14df2a66ba158bc8dcc447fd6f', '109', '1', 'MyApp', '[]', '0', '2019-10-30 22:21:37', '2019-10-30 22:21:37', '2020-10-30 22:21:37');
INSERT INTO `oauth_access_tokens` VALUES ('1409c5628d738b2080848abf0fe5358ea91eefd4ec655d910406209b93acac62d11e7ddd3b56e7ac', '15', '1', 'MyApp', '[]', '0', '2019-09-05 10:07:12', '2019-09-05 10:07:12', '2020-09-05 10:07:12');
INSERT INTO `oauth_access_tokens` VALUES ('145da691347b80dca368b1fa5dd84158c6ff88f8cc4b77c55941d838b1ce9e664712fb1968991baf', '109', '1', 'MyApp', '[]', '0', '2019-11-05 13:41:08', '2019-11-05 13:41:08', '2020-11-05 13:41:08');
INSERT INTO `oauth_access_tokens` VALUES ('1465c66945c3e92574dcfa9551c0450758e889cc426882d3e908af8251a463e93ddf976aa1acd751', '18', '1', 'MyApp', '[]', '0', '2019-06-18 08:51:53', '2019-06-18 08:51:53', '2020-06-18 08:51:53');
INSERT INTO `oauth_access_tokens` VALUES ('148962e296bd5ffa24413280d2a53fe4225faa5c82cd8b482b65641a78b933633316c659e68ed1f5', '64', '1', 'MyApp', '[]', '0', '2019-09-25 08:24:37', '2019-09-25 08:24:37', '2020-09-25 08:24:37');
INSERT INTO `oauth_access_tokens` VALUES ('149d7d38512d56aa548b96e4e2bc785f2ba0945d584fcf3490f585a1e25e7cce60e4648cb5e069a2', '15', '1', 'MyApp', '[]', '0', '2019-09-25 13:21:17', '2019-09-25 13:21:17', '2020-09-25 13:21:17');
INSERT INTO `oauth_access_tokens` VALUES ('14ae2c236cee8e90a8541ccbdf0b1c924d6097de24837cf241f6718b340ed631fb6daab171bddffd', '29', '1', 'MyApp', '[]', '0', '2019-09-18 14:27:46', '2019-09-18 14:27:46', '2020-09-18 14:27:46');
INSERT INTO `oauth_access_tokens` VALUES ('14b21f43b1497f4d9802688204e87347893906e47d949a584c4ebedb7d1d21507a38eda3bd159f2b', '19', '1', 'MyApp', '[]', '0', '2019-09-25 13:21:05', '2019-09-25 13:21:05', '2020-09-25 13:21:05');
INSERT INTO `oauth_access_tokens` VALUES ('14b458273bf4ff4b82dca126524f92e61e25d8fb42b3cdc47e3f5eb3262b2e821abbac4ac3a5f584', '19', '1', 'MyApp', '[]', '0', '2019-09-12 10:53:08', '2019-09-12 10:53:08', '2020-09-12 10:53:08');
INSERT INTO `oauth_access_tokens` VALUES ('14ca6491c98c40d872129c66f6043d7154f0df1b4b1c61e6cb2c3befed9f2fd35d4d9d915c1706b4', '15', '1', 'MyApp', '[]', '0', '2019-08-21 13:24:01', '2019-08-21 13:24:01', '2020-08-21 13:24:01');
INSERT INTO `oauth_access_tokens` VALUES ('1508415537eaecc57f9c8f1d11541b5ef6463d9c7e702c3114e815737f7e562f2dd1afa8e2ff748d', '15', '1', 'MyApp', '[]', '0', '2019-06-24 08:49:19', '2019-06-24 08:49:19', '2020-06-24 08:49:19');
INSERT INTO `oauth_access_tokens` VALUES ('151d77af402243feba8314f21d1b18d52c682b0774b1e1201de04cb59028a76496e8e7568b148c68', '29', '1', 'MyApp', '[]', '0', '2019-10-10 10:55:46', '2019-10-10 10:55:46', '2020-10-10 10:55:46');
INSERT INTO `oauth_access_tokens` VALUES ('15363fbd0c7c81969fb63753e95c40291de770c099861d53a37f6c6a23f49036377e977c128a1d97', null, '1', 'MyApp', '[]', '0', '2019-07-14 13:24:02', '2019-07-14 13:24:02', '2020-07-14 13:24:02');
INSERT INTO `oauth_access_tokens` VALUES ('153702a399f445983a3e44a677cc873fc2330c332219a7dfef8e299719ca753c233214542eab7d90', '19', '1', 'MyApp', '[]', '0', '2019-09-30 15:06:16', '2019-09-30 15:06:16', '2020-09-30 15:06:16');
INSERT INTO `oauth_access_tokens` VALUES ('153f2d3cf218d3cf832874b7f55bf0d723c5cc5a2245b38d19fa062a810e3d96eaa7b7c372156b6e', '19', '1', 'MyApp', '[]', '0', '2019-10-03 11:02:39', '2019-10-03 11:02:39', '2020-10-03 11:02:39');
INSERT INTO `oauth_access_tokens` VALUES ('156502830f1e2c9cd14bc6dc138062be5106cc7b010276f5f087102ca6cd739b0ee24a5e92a4e328', '19', '1', 'MyApp', '[]', '0', '2019-09-11 13:31:38', '2019-09-11 13:31:38', '2020-09-11 13:31:38');
INSERT INTO `oauth_access_tokens` VALUES ('1585d9e945a8cc3104838cff34d17d5150eb0a976a29daf705e448fe7a6d76083c417fe00ecefde9', '112', '1', 'MyApp', '[]', '0', '2019-10-31 16:24:40', '2019-10-31 16:24:40', '2020-10-31 16:24:40');
INSERT INTO `oauth_access_tokens` VALUES ('159f65b9ecc53afd9a2cba0f3a5834c2d6505c4b5126a9615c1e8ff3fb622ba50e59a9a0b5ba7dbc', '112', '1', 'MyApp', '[]', '0', '2019-10-24 10:17:54', '2019-10-24 10:17:54', '2020-10-24 10:17:54');
INSERT INTO `oauth_access_tokens` VALUES ('15a4747faf90476fd94449714a84ae2782b6043d182171ba0f699aef10b6163e4f13bc9e11530bed', '32', '1', 'MyApp', '[]', '0', '2019-08-26 14:52:15', '2019-08-26 14:52:15', '2020-08-26 14:52:15');
INSERT INTO `oauth_access_tokens` VALUES ('161380c5e720dcf79a4c73e39988e15490550528b3255203c86b1753f58e9e8db559e2406d5f09bf', '128', '1', 'MyApp', '[]', '0', '2019-11-18 12:34:35', '2019-11-18 12:34:35', '2020-11-18 12:34:35');
INSERT INTO `oauth_access_tokens` VALUES ('16169c217d0d422200b8f1eab3708913bc4e2f9fd2b870ff32fefddbd7344a1cd8a2c17345963730', '108', '1', 'MyApp', '[]', '0', '2019-10-23 14:37:20', '2019-10-23 14:37:20', '2020-10-23 14:37:20');
INSERT INTO `oauth_access_tokens` VALUES ('1640ae40b93bae446257c6b79a9706eb9dc4eba313c6a7dc255ce92b769f63bf780007e2c05d308b', '109', '1', 'MyApp', '[]', '0', '2019-10-24 12:29:47', '2019-10-24 12:29:47', '2020-10-24 12:29:47');
INSERT INTO `oauth_access_tokens` VALUES ('1647529b02bb72d3a84de8df7d78c88cce922dc429230f1748be6d2b377d5dc7abb684d9f07a7464', '12', '1', 'MyApp', '[]', '0', '2019-06-23 15:57:04', '2019-06-23 15:57:04', '2020-06-23 15:57:04');
INSERT INTO `oauth_access_tokens` VALUES ('1670296ddd57c6e808c6bc14ff007d5d93d6bc08a26581bea7822299cc3b9e74bce025368f705c4a', '109', '1', 'MyApp', '[]', '0', '2019-10-24 13:23:30', '2019-10-24 13:23:30', '2020-10-24 13:23:30');
INSERT INTO `oauth_access_tokens` VALUES ('167b26a089f85b5fc9451e0dff7f66804fd151bf784cb9be988ae819326f5e3af79adba9a8f23fce', null, '1', 'MyApp', '[]', '0', '2019-06-18 14:55:19', '2019-06-18 14:55:19', '2020-06-18 14:55:19');
INSERT INTO `oauth_access_tokens` VALUES ('169937ee6ee41504fd3040cd0e8b61058e7035fd4411c1e95f523bdd469972a533c16b05451f3abf', '61', '1', 'MyApp', '[]', '0', '2019-09-18 12:31:43', '2019-09-18 12:31:43', '2020-09-18 12:31:43');
INSERT INTO `oauth_access_tokens` VALUES ('16b6a91dfbcd8110f94985252dd07eb06d2b42136994ce9e5af528207f8466255e8fb7defb70b2fb', '15', '1', 'MyApp', '[]', '0', '2019-09-04 10:36:37', '2019-09-04 10:36:37', '2020-09-04 10:36:37');
INSERT INTO `oauth_access_tokens` VALUES ('16d48e0d89b7d2bff89ba5470aa573bddd109191e4a59527294a8d1f2a071b54d3589131fc8177d7', '29', '1', 'MyApp', '[]', '0', '2019-09-23 13:29:22', '2019-09-23 13:29:22', '2020-09-23 13:29:22');
INSERT INTO `oauth_access_tokens` VALUES ('16d5ebcb731676730185b3c413689f77e9ffc1ea3497771b500bf8eb23ae5bcf8339c586fb46083e', '111', '1', 'MyApp', '[]', '0', '2019-10-28 18:23:07', '2019-10-28 18:23:07', '2020-10-28 18:23:07');
INSERT INTO `oauth_access_tokens` VALUES ('16e2b58887999748c665393b193e2759ce5f3521b2fd35270db93530fb988276ce0a3302d52055f2', '19', '1', 'MyApp', '[]', '0', '2019-08-26 13:34:36', '2019-08-26 13:34:36', '2020-08-26 13:34:36');
INSERT INTO `oauth_access_tokens` VALUES ('16e6aff0bccd7339963cd3d26f503b35a11775188d4451722c6d44b33309adeb5d7c78404ef5faed', '29', '1', 'MyApp', '[]', '0', '2019-10-22 09:16:57', '2019-10-22 09:16:57', '2020-10-22 09:16:57');
INSERT INTO `oauth_access_tokens` VALUES ('16eaa63546946007eaf829199a56cb589440a38730e47b757e53b979735e347d867d0dbdaf0835b8', '19', '1', 'MyApp', '[]', '0', '2019-09-01 13:35:18', '2019-09-01 13:35:18', '2020-09-01 13:35:18');
INSERT INTO `oauth_access_tokens` VALUES ('1759b942d8dfe3c7b281602ade32c1bc6683716517e4da7830ddc2eee547d294ae8a29c2fb9a4387', '19', '1', 'MyApp', '[]', '0', '2019-08-08 17:03:06', '2019-08-08 17:03:06', '2020-08-08 17:03:06');
INSERT INTO `oauth_access_tokens` VALUES ('17603210a484ddb0e41562e1eb984d14e558155744f218a839fbb4b15f398180f560521bfe9ee337', '109', '1', 'MyApp', '[]', '0', '2019-11-05 14:55:47', '2019-11-05 14:55:47', '2020-11-05 14:55:47');
INSERT INTO `oauth_access_tokens` VALUES ('1767329210d1aae12ebb958110118fa0dab6178681f9a9e7861108a45ca78600f9ef08a931234f44', '15', '1', 'MyApp', '[]', '0', '2019-09-26 15:05:08', '2019-09-26 15:05:08', '2020-09-26 15:05:08');
INSERT INTO `oauth_access_tokens` VALUES ('17a8acb40eb81c7c1321b581d77ed46461d2535df962d131caf0f735ca725f2b62ca4f77d7906f3b', null, '1', 'MyApp', '[]', '0', '2019-06-18 14:54:47', '2019-06-18 14:54:47', '2020-06-18 14:54:47');
INSERT INTO `oauth_access_tokens` VALUES ('17adaa8b844a48aba7705263d81f8ea86104e1502ec290eaf839be705663b59a1135e4cbf1721e6e', '19', '1', 'MyApp', '[]', '0', '2019-10-02 08:58:55', '2019-10-02 08:58:55', '2020-10-02 08:58:55');
INSERT INTO `oauth_access_tokens` VALUES ('17ae932172abbfee03c4d81433bdee44e61f37e16d40bae8d6f5a25a70f08646dabb9e810286de44', '112', '1', 'MyApp', '[]', '0', '2019-10-31 16:06:40', '2019-10-31 16:06:40', '2020-10-31 16:06:40');
INSERT INTO `oauth_access_tokens` VALUES ('17b440abf02c8e4361e610955ce8e73b567e2c7b1fae3404f820681f76e33c62702ff11ad968e9f6', '128', '1', 'MyApp', '[]', '0', '2019-11-24 09:40:35', '2019-11-24 09:40:35', '2020-11-24 09:40:35');
INSERT INTO `oauth_access_tokens` VALUES ('17bbb26e683542289cd8f09338950e94592f61007e9b88ab63946a69bb1bb4f99a71a89baaa55cb2', '19', '1', 'MyApp', '[]', '0', '2019-09-25 13:21:05', '2019-09-25 13:21:05', '2020-09-25 13:21:05');
INSERT INTO `oauth_access_tokens` VALUES ('184ba570aa67ec26113403f804f04a2537531866c7ceb4701751471ed54c62c41008f78806a4eda6', '56', '1', 'MyApp', '[]', '0', '2019-08-26 16:44:39', '2019-08-26 16:44:39', '2020-08-26 16:44:39');
INSERT INTO `oauth_access_tokens` VALUES ('18615b1cf8227e10840ce4039d9bad91356e4fb5103c46f4853a71611dcb7973a92ab7bba7bb2ce8', '19', '1', 'MyApp', '[]', '0', '2019-10-01 15:11:21', '2019-10-01 15:11:21', '2020-10-01 15:11:21');
INSERT INTO `oauth_access_tokens` VALUES ('18e3197e38e0b53fc5567d84cfa315f7aac01dd8af38499d501534038a4d71251950cdf6e5506bc8', '109', '1', 'MyApp', '[]', '0', '2019-10-30 16:52:05', '2019-10-30 16:52:05', '2020-10-30 16:52:05');
INSERT INTO `oauth_access_tokens` VALUES ('18e3798d09a85bcdcf20521ba4d94a36a87bd081689e67a5e0743d17abdc757bc0c7738dd26736ba', '19', '1', 'MyApp', '[]', '0', '2019-10-08 10:04:25', '2019-10-08 10:04:25', '2020-10-08 10:04:25');
INSERT INTO `oauth_access_tokens` VALUES ('192a2ff4c936be093ac3b7d7808735918e2f0cc1136808ab8ccd8d7aa05b305d043bceb80d644294', '109', '1', 'MyApp', '[]', '0', '2019-10-30 10:45:47', '2019-10-30 10:45:47', '2020-10-30 10:45:47');
INSERT INTO `oauth_access_tokens` VALUES ('192f0f6d8b4d0ec61bd77bbbd77d053a4b26fc06c58c2e4d546e98ab0173dc063648f3a5255c87cf', '30', '1', 'MyApp', '[]', '0', '2019-10-21 08:29:43', '2019-10-21 08:29:43', '2020-10-21 08:29:43');
INSERT INTO `oauth_access_tokens` VALUES ('19cd927fb18d37512143680f066607115e9917e0d09123b6c309e5a74c9f4728cd06a8eec4dddb24', '19', '1', 'MyApp', '[]', '0', '2019-10-22 12:05:33', '2019-10-22 12:05:33', '2020-10-22 12:05:33');
INSERT INTO `oauth_access_tokens` VALUES ('19db2562d450c982749bd31e6a2c6c2c02b0571621a60e3be5ef9f4794123f14767b82223bdaf6ad', '102', '1', 'MyApp', '[]', '0', '2019-10-22 09:34:51', '2019-10-22 09:34:51', '2020-10-22 09:34:51');
INSERT INTO `oauth_access_tokens` VALUES ('19f19d63ae504719b5570534fc2023e1b22781e433489ed86a554c00aba5f34b38036b8d7984a60a', '50', '1', 'MyApp', '[]', '0', '2019-08-25 14:26:36', '2019-08-25 14:26:36', '2020-08-25 14:26:36');
INSERT INTO `oauth_access_tokens` VALUES ('19f68c91de3ac180aa91e652bb9f6f98bdeef5dfe6cd1e0cbd12021e444e48f2e253178b1aba64eb', '12', '1', 'MyApp', '[]', '0', '2019-06-20 10:50:31', '2019-06-20 10:50:31', '2020-06-20 10:50:31');
INSERT INTO `oauth_access_tokens` VALUES ('1ae9cf2705bcd5914573e0b5ff737bd3a12b0b6f6f399f1d7a942261edaafbfff0d56e85242dc0fe', '15', '1', 'MyApp', '[]', '0', '2019-10-20 09:17:44', '2019-10-20 09:17:44', '2020-10-20 09:17:44');
INSERT INTO `oauth_access_tokens` VALUES ('1b17e01969555012cea4f3de2a8d29772c0702c0166a3a295ffb7a3e491cd75c69a850fe45c4556e', '109', '1', 'MyApp', '[]', '0', '2019-10-29 15:03:52', '2019-10-29 15:03:52', '2020-10-29 15:03:52');
INSERT INTO `oauth_access_tokens` VALUES ('1b1b04f27ac92bd6947ac870fb2c4589d78c7392d7ea06e8c478a02045dd269730ae33b5f704ce21', '15', '1', 'MyApp', '[]', '0', '2019-08-19 13:29:56', '2019-08-19 13:29:56', '2020-08-19 13:29:56');
INSERT INTO `oauth_access_tokens` VALUES ('1b4e405585c61582d3dd2b1d670d65aa5a3c5ba8301df3492722dc440a530ea1033665dd76fad52d', '46', '1', 'MyApp', '[]', '0', '2019-08-08 16:40:01', '2019-08-08 16:40:01', '2020-08-08 16:40:01');
INSERT INTO `oauth_access_tokens` VALUES ('1b5118b83a6dc3ba72fbef1d16cfd6ab70d70e615e1bc241f19c48655cbe98410c2cab5ad5d79a4d', '19', '1', 'MyApp', '[]', '0', '2019-10-08 10:33:18', '2019-10-08 10:33:18', '2020-10-08 10:33:18');
INSERT INTO `oauth_access_tokens` VALUES ('1b63cd26eecf2c8dc4eadb33910b9e3ea1d163d845171e05c0df1256c7084ad7f6afd9b934a0d922', '19', '1', 'MyApp', '[]', '0', '2019-08-26 15:29:40', '2019-08-26 15:29:40', '2020-08-26 15:29:40');
INSERT INTO `oauth_access_tokens` VALUES ('1b74b95b316cdfa8592f9214e3fb86b4f8906c6bdcce461572dd7636889877bdce352b4b4489350c', '29', '1', 'MyApp', '[]', '0', '2019-10-23 10:45:23', '2019-10-23 10:45:23', '2020-10-23 10:45:23');
INSERT INTO `oauth_access_tokens` VALUES ('1b82a34bca04816bd3141d53d5cd28bcacd6e3ee79af0db433ed07a3c738800b8fe0515459ec4cc5', '15', '1', 'MyApp', '[]', '0', '2019-09-25 09:58:23', '2019-09-25 09:58:23', '2020-09-25 09:58:23');
INSERT INTO `oauth_access_tokens` VALUES ('1bb10984008088096dae3676e2a88e17a033c2310e7b4d86d8472179805505e6a544e4981e20479d', '112', '1', 'MyApp', '[]', '0', '2019-10-27 16:03:17', '2019-10-27 16:03:17', '2020-10-27 16:03:17');
INSERT INTO `oauth_access_tokens` VALUES ('1beb8fd6e7fd1bce77716550b7b7eb94637c09067d1208f53b7e87dcbcd4f02d0dd9c176241f7189', '19', '1', 'MyApp', '[]', '0', '2019-08-19 13:21:51', '2019-08-19 13:21:51', '2020-08-19 13:21:51');
INSERT INTO `oauth_access_tokens` VALUES ('1bfb775e016b3d952ab3389ebfa77fd2a08f861bf20135e5c93d377e5558fde99856e6e967228a34', '32', '1', 'MyApp', '[]', '0', '2019-10-07 12:51:46', '2019-10-07 12:51:46', '2020-10-07 12:51:46');
INSERT INTO `oauth_access_tokens` VALUES ('1c1d1b8851810b27dc0816aa3a07c59f3d17018994422a65779e1a5f1cf2115c2420b2684d7785cc', '110', '1', 'MyApp', '[]', '0', '2019-11-12 17:33:54', '2019-11-12 17:33:54', '2020-11-12 17:33:54');
INSERT INTO `oauth_access_tokens` VALUES ('1c65d9659775399fd76db9b7898d0c08b5bf445c73735aefd01c045f9507d691b474ed0b01bef6e0', '29', '1', 'MyApp', '[]', '0', '2019-10-07 14:49:25', '2019-10-07 14:49:25', '2020-10-07 14:49:25');
INSERT INTO `oauth_access_tokens` VALUES ('1c6fc0d42fa66141e86b39c6361145c2bc1118b0cacbd791ae1640fd6dc1947950372eaffb665058', '29', '1', 'MyApp', '[]', '0', '2019-08-20 11:05:55', '2019-08-20 11:05:55', '2020-08-20 11:05:55');
INSERT INTO `oauth_access_tokens` VALUES ('1c99a0c22eec0636446e14821115507873f7c3eca01a0da23c0c779397ae16b839b7e2cb2615ace7', '50', '1', 'MyApp', '[]', '0', '2019-08-20 13:31:06', '2019-08-20 13:31:06', '2020-08-20 13:31:06');
INSERT INTO `oauth_access_tokens` VALUES ('1ceb88cf3c69732cfa81098075e61a2100498fbdfb2a8c839987732ebc6602f2ee49a3839844e91a', '19', '1', 'MyApp', '[]', '0', '2019-08-26 08:13:25', '2019-08-26 08:13:25', '2020-08-26 08:13:25');
INSERT INTO `oauth_access_tokens` VALUES ('1d12ec674c086c8d74230b22becd8fab8cddd24ce33f1743a5be7decaf02b917a8ea644bda4f3739', '109', '1', 'MyApp', '[]', '0', '2019-11-03 10:04:58', '2019-11-03 10:04:58', '2020-11-03 10:04:58');
INSERT INTO `oauth_access_tokens` VALUES ('1d8e1868faf9e32a9ff9787dc74032c9dadce1a1e8e56d32537d32a9de87854ba223904c8feb4d67', '15', '1', 'MyApp', '[]', '0', '2019-08-19 14:08:50', '2019-08-19 14:08:50', '2020-08-19 14:08:50');
INSERT INTO `oauth_access_tokens` VALUES ('1da1c47426e5c9cd188c076177c8171b9559484f5d3df1588f6b72e19b2234745154b9353512fb6a', '19', '1', 'MyApp', '[]', '0', '2019-10-07 09:34:20', '2019-10-07 09:34:20', '2020-10-07 09:34:20');
INSERT INTO `oauth_access_tokens` VALUES ('1ddb0ab4dce49a3f1b9918007f7cb6a9fd0ca2e9116b0eee0b52018c9b1e77fc6e1848fdc31c0186', '5', '1', 'MyApp', '[]', '0', '2019-05-09 11:16:54', '2019-05-09 11:16:54', '2020-05-09 11:16:54');
INSERT INTO `oauth_access_tokens` VALUES ('1de28e278225b86985b32a52b94e7e01c777526776f66dd09f1aea23a131b42c6e6e0a9bf445c247', '120', '1', 'MyApp', '[]', '0', '2019-10-29 14:39:13', '2019-10-29 14:39:13', '2020-10-29 14:39:13');
INSERT INTO `oauth_access_tokens` VALUES ('1e1e82c37f4e4af17661a4d50df8dd8dd9e0c2c9c0c8aefe1215190f4b47d31155e96cf4352aafe4', '29', '1', 'MyApp', '[]', '0', '2019-08-27 09:49:46', '2019-08-27 09:49:46', '2020-08-27 09:49:46');
INSERT INTO `oauth_access_tokens` VALUES ('1e9c6a50d3c076a711943b3312e036d6e34b1a9e50c2e2bad9a183ae9ec6cddbeb1396eebf67720b', '19', '1', 'MyApp', '[]', '0', '2019-08-26 13:32:37', '2019-08-26 13:32:37', '2020-08-26 13:32:37');
INSERT INTO `oauth_access_tokens` VALUES ('1f40a45e2b886c03f7ccc123bb3a88a2c2fbf4c41e499e9d4a3833ae0152b58c3bebb08dd1f32828', '19', '1', 'MyApp', '[]', '0', '2019-09-29 15:41:56', '2019-09-29 15:41:56', '2020-09-29 15:41:56');
INSERT INTO `oauth_access_tokens` VALUES ('1f5825e9d5d51ecbb550a7607ded221b7ceedee16008cf5801bf73bc2c8dfdfbc94d5cc4cfc74a53', '64', '1', 'MyApp', '[]', '0', '2019-09-25 08:25:52', '2019-09-25 08:25:52', '2020-09-25 08:25:52');
INSERT INTO `oauth_access_tokens` VALUES ('1f89c29fdb2786ae5207b49766e714fa2c381f1ce5f5fe1dfa56eebdf3fbaa550e0a81abb9152a25', '19', '1', 'MyApp', '[]', '0', '2019-08-19 09:46:40', '2019-08-19 09:46:40', '2020-08-19 09:46:40');
INSERT INTO `oauth_access_tokens` VALUES ('1f9c1a1b301bc5ed7b4ce2684e533140871fc95084ec1be1d480452163239162cedd65505fc410bf', '5', '1', 'MyApp', '[]', '0', '2019-07-28 10:56:19', '2019-07-28 10:56:19', '2020-07-28 10:56:19');
INSERT INTO `oauth_access_tokens` VALUES ('1fdbb0b67e769ea6ca993f3daf0510378e89bebe91ac504454b65b469fba1a7a6ce0f5cd820d4972', '19', '1', 'MyApp', '[]', '0', '2019-09-25 13:19:18', '2019-09-25 13:19:18', '2020-09-25 13:19:18');
INSERT INTO `oauth_access_tokens` VALUES ('1fe94bdfc85b61ece3b0b98916189f0d99bb9d0040f1ec57543230bafbea1ab3b4340684f190f390', '111', '1', 'MyApp', '[]', '0', '2019-11-12 12:51:31', '2019-11-12 12:51:31', '2020-11-12 12:51:31');
INSERT INTO `oauth_access_tokens` VALUES ('202b66031de4e480df0947a64c72d71aa0faf4f349b86963f142bcb45ef387919aec297c2e603667', '109', '1', 'MyApp', '[]', '0', '2019-10-28 10:28:43', '2019-10-28 10:28:43', '2020-10-28 10:28:43');
INSERT INTO `oauth_access_tokens` VALUES ('2039f99ab17ec6d8b31ca9652f85e47423d2b8cdca3612925de767781a690b87efd937d26f71be4a', '19', '1', 'MyApp', '[]', '0', '2019-09-25 13:21:31', '2019-09-25 13:21:31', '2020-09-25 13:21:31');
INSERT INTO `oauth_access_tokens` VALUES ('2057bf7d8791f416f3aba55e2c5246670a9de46032e7d9741e234e9fdc7b974e099caa45c3ae1102', null, '1', 'MyApp', '[]', '0', '2019-06-24 11:43:05', '2019-06-24 11:43:05', '2020-06-24 11:43:05');
INSERT INTO `oauth_access_tokens` VALUES ('205efe5de4862be39710a37f6d460c8e26db151bd29b5c60aaaf219797b6b4af172bca073a93c406', '64', '1', 'MyApp', '[]', '0', '2019-09-24 15:51:07', '2019-09-24 15:51:07', '2020-09-24 15:51:07');
INSERT INTO `oauth_access_tokens` VALUES ('20c9d5e23f0a3498f9b0968bc8245e046571965f88bdffae40df17d647916169dc709f73e55342e0', '29', '1', 'MyApp', '[]', '0', '2019-10-22 08:41:15', '2019-10-22 08:41:15', '2020-10-22 08:41:15');
INSERT INTO `oauth_access_tokens` VALUES ('211295e3a146eeecc72957c094e25394a750107e996b81c3ec6db94921ffa94d2732e215d1ae590c', '19', '1', 'MyApp', '[]', '0', '2019-09-25 13:14:07', '2019-09-25 13:14:07', '2020-09-25 13:14:07');
INSERT INTO `oauth_access_tokens` VALUES ('21b4459b663de2dc4516bef8d440e141c7c65cd7fc26bdd819ed7196a4f479cfc33c6e71165bbd8e', '19', '1', 'MyApp', '[]', '0', '2019-10-02 09:36:42', '2019-10-02 09:36:42', '2020-10-02 09:36:42');
INSERT INTO `oauth_access_tokens` VALUES ('21eecfc6662bde63c72756379f029b22aae5e558f9696eb69330191dd810058a74de81f6681c302c', '19', '1', 'MyApp', '[]', '0', '2019-08-19 13:21:59', '2019-08-19 13:21:59', '2020-08-19 13:21:59');
INSERT INTO `oauth_access_tokens` VALUES ('22546ddfb65bff9052e84d356083986a08be0f54afbd8d3176beaaafbcc8a40278f829469f418177', '112', '1', 'MyApp', '[]', '0', '2019-11-06 17:04:26', '2019-11-06 17:04:26', '2020-11-06 17:04:26');
INSERT INTO `oauth_access_tokens` VALUES ('2256915b4410b8138f3300d2d704c6bc7d9a18e4a2198f1cd3c1bcd70dadcf6c10536e2f786ed0d3', '19', '1', 'MyApp', '[]', '0', '2019-08-19 13:26:46', '2019-08-19 13:26:46', '2020-08-19 13:26:46');
INSERT INTO `oauth_access_tokens` VALUES ('22625f0954ed7b7b0163496e878e19de7b3711ce29cd1507dee48c682e3f17cd096a2a8913a51bf4', '112', '1', 'MyApp', '[]', '0', '2019-10-31 16:05:20', '2019-10-31 16:05:20', '2020-10-31 16:05:20');
INSERT INTO `oauth_access_tokens` VALUES ('22a473451f692a7686315e1394c64bca74ee515e86bf3158ec3c896c1bbea13ee13a4e66ea4566de', '113', '1', 'MyApp', '[]', '0', '2019-10-24 18:50:37', '2019-10-24 18:50:37', '2020-10-24 18:50:37');
INSERT INTO `oauth_access_tokens` VALUES ('2374f7dd7ba04e6a9af4b45be06654448493476a0705716d967d841a126e1820e97c607294e77f6d', '112', '1', 'MyApp', '[]', '0', '2019-10-29 14:51:18', '2019-10-29 14:51:18', '2020-10-29 14:51:18');
INSERT INTO `oauth_access_tokens` VALUES ('2494f8728e51b34678d53fb5d48f8850929d1858273409c1b226ed02065c8331add395f910cba0a3', '30', '1', 'MyApp', '[]', '0', '2019-10-22 13:09:02', '2019-10-22 13:09:02', '2020-10-22 13:09:02');
INSERT INTO `oauth_access_tokens` VALUES ('249557e090b0fa87e5f1ab2f04af46770d7562666ab7c6d7ae59da787afb91dc11a9b4661d744d51', '70', '1', 'MyApp', '[]', '0', '2019-09-24 15:41:56', '2019-09-24 15:41:56', '2020-09-24 15:41:56');
INSERT INTO `oauth_access_tokens` VALUES ('24c0ccb553dcc8e12a3809e566c4450c434d04c641a0ee4a24f838bff57326824e31473c713e4e69', '112', '1', 'MyApp', '[]', '0', '2019-10-30 10:58:49', '2019-10-30 10:58:49', '2020-10-30 10:58:49');
INSERT INTO `oauth_access_tokens` VALUES ('24e45cce7dbbc3fa346686431a7bd407ee76ceeca9da94322e415b0d3fa6e96f96636663d6d09489', '29', '1', 'MyApp', '[]', '0', '2019-08-08 22:05:42', '2019-08-08 22:05:42', '2020-08-08 22:05:42');
INSERT INTO `oauth_access_tokens` VALUES ('2541171f86a2ea54ac098b95824526658602c8e59ae34dc45b9122bf83c4724322f6564fbbe253d4', '102', '1', 'MyApp', '[]', '0', '2019-10-17 16:10:45', '2019-10-17 16:10:45', '2020-10-17 16:10:45');
INSERT INTO `oauth_access_tokens` VALUES ('2579947b24bb966df3b7a0f78674bafce60e762775ba8211bf95962ff24490c47211bce179394585', '109', '1', 'MyApp', '[]', '0', '2019-11-19 10:11:30', '2019-11-19 10:11:30', '2020-11-19 10:11:30');
INSERT INTO `oauth_access_tokens` VALUES ('25928d9db4b3c78b8f6d846747349ef806d642ff2b3d5fe15265cfe9cfc08afd9fc2cb378d2a8f0f', '15', '1', 'MyApp', '[]', '0', '2019-06-24 08:57:07', '2019-06-24 08:57:07', '2020-06-24 08:57:07');
INSERT INTO `oauth_access_tokens` VALUES ('25ad521db8e9f6fb973a40805ae67ac9b9afcf54f2cccfbd6fb90f5cd94be2a60a0cde92d2af371f', '19', '1', 'MyApp', '[]', '0', '2019-08-19 13:23:13', '2019-08-19 13:23:13', '2020-08-19 13:23:13');
INSERT INTO `oauth_access_tokens` VALUES ('25ae6498aedc3e35d3e80ba02c79e11911a2ea150482f1d48ee4fa7f8417a05685dffa436260cb72', '15', '1', 'MyApp', '[]', '0', '2019-08-19 15:30:46', '2019-08-19 15:30:46', '2020-08-19 15:30:46');
INSERT INTO `oauth_access_tokens` VALUES ('25b18203f762f2db3e9e53b90dd9621bdeb31167713160e9dea483c521a44e017718fb993eaf36df', '15', '1', 'MyApp', '[]', '0', '2019-08-19 13:32:11', '2019-08-19 13:32:11', '2020-08-19 13:32:11');
INSERT INTO `oauth_access_tokens` VALUES ('26037715a9e7c028b3b30c93a0eb9393e316b9d99fa394a927a345616eb3863c12d39a3c30116117', '5', '1', 'MyApp', '[]', '0', '2019-09-12 16:14:18', '2019-09-12 16:14:18', '2020-09-12 16:14:18');
INSERT INTO `oauth_access_tokens` VALUES ('26193532e1393c90cb7bb9ef5b709efdf5412699641101cc5fe2dfc8f159db213d7d082e00b955bd', '19', '1', 'MyApp', '[]', '0', '2019-10-02 09:52:55', '2019-10-02 09:52:55', '2020-10-02 09:52:55');
INSERT INTO `oauth_access_tokens` VALUES ('261d2e27a9e245004df47c665901c8fff7570c913b959defe1508c1194b2e678e5fc08f0a913b132', '19', '1', 'MyApp', '[]', '0', '2019-08-19 13:25:59', '2019-08-19 13:25:59', '2020-08-19 13:25:59');
INSERT INTO `oauth_access_tokens` VALUES ('264bb20108a271128e454d5e48c369981ef8a0e1d435fafd484efdddadd193a018087134ba9f2ce5', '112', '1', 'MyApp', '[]', '0', '2019-10-30 14:25:37', '2019-10-30 14:25:37', '2020-10-30 14:25:37');
INSERT INTO `oauth_access_tokens` VALUES ('265ede2b5245dbfb369bf61a6549a92f729cc01f8e2d81eb4a4b8e3ad746cf180ed59b0932bfb5e3', '30', '1', 'MyApp', '[]', '0', '2019-10-16 15:07:16', '2019-10-16 15:07:16', '2020-10-16 15:07:16');
INSERT INTO `oauth_access_tokens` VALUES ('26b4c8f8656be77f9ed4496bb54ec9c8638983941ec8748956f7b95965f8b81b987083f56edf4a4e', '15', '1', 'MyApp', '[]', '0', '2019-08-19 13:59:01', '2019-08-19 13:59:01', '2020-08-19 13:59:01');
INSERT INTO `oauth_access_tokens` VALUES ('26b561e0e6875e478f3a91e38616c2846d18c68d287ad290a6e4ad462e4b83385c0aaed4173c5077', '109', '1', 'MyApp', '[]', '0', '2019-10-27 13:40:17', '2019-10-27 13:40:17', '2020-10-27 13:40:17');
INSERT INTO `oauth_access_tokens` VALUES ('271efa97ecc131f7a4d4b9ddd4eea4a1641e097fb103317f7b487dd08cb05c65ab3346480c89581c', '5', '1', 'MyApp', '[]', '0', '2019-10-08 10:06:31', '2019-10-08 10:06:31', '2020-10-08 10:06:31');
INSERT INTO `oauth_access_tokens` VALUES ('2724842948ca5a6fa111ca43b82b5a1120bb4c21b7fb0e4c3038e7f79d7586aa27f87993f00c972f', '126', '1', 'MyApp', '[]', '0', '2019-11-20 23:25:45', '2019-11-20 23:25:45', '2020-11-20 23:25:45');
INSERT INTO `oauth_access_tokens` VALUES ('2753bea221877a33834fa54335fe86ed6bb7ef334c43446728fe2d9fad0ffab885da5301d4f28ad5', '32', '1', 'MyApp', '[]', '0', '2019-08-28 10:14:05', '2019-08-28 10:14:05', '2020-08-28 10:14:05');
INSERT INTO `oauth_access_tokens` VALUES ('27639d17f67ea24bf6de99370304794442a5e2471bdf3ae526a2ff686de2a7c2323168ea274bf947', '112', '1', 'MyApp', '[]', '0', '2019-11-03 16:23:54', '2019-11-03 16:23:54', '2020-11-03 16:23:54');
INSERT INTO `oauth_access_tokens` VALUES ('2768fa222d4cb22972ef6ca67edd62854c68b98693b44e59f4dd99b0c4b9432d831adafbe92cbbe9', '19', '1', 'MyApp', '[]', '0', '2019-10-15 10:00:36', '2019-10-15 10:00:36', '2020-10-15 10:00:36');
INSERT INTO `oauth_access_tokens` VALUES ('276c443b5aa572627579a56143d760c3581d1293fd7fccb5c5acafb9ac76544d0a12f83d5e69eacc', '15', '1', 'MyApp', '[]', '0', '2019-09-25 13:25:44', '2019-09-25 13:25:44', '2020-09-25 13:25:44');
INSERT INTO `oauth_access_tokens` VALUES ('2777906cf50a34213582dbe56068776cd2affeb8cc7b81d0b4961496f9ee8c9125cebf0e76b8f031', '19', '1', 'MyApp', '[]', '0', '2019-08-19 13:26:19', '2019-08-19 13:26:19', '2020-08-19 13:26:19');
INSERT INTO `oauth_access_tokens` VALUES ('277b9150cf0b614b6efbfa0f515f10c56224febb68e9f9c198bd885486b5823334c31010784460f2', '19', '1', 'MyApp', '[]', '0', '2019-08-25 12:30:28', '2019-08-25 12:30:28', '2020-08-25 12:30:28');
INSERT INTO `oauth_access_tokens` VALUES ('2780cf4102f0001ce3b280fc4de2afa2d8fbcd40c9ec99a943a35279268bdb3316e279f439749726', '29', '1', 'MyApp', '[]', '0', '2019-09-25 15:50:44', '2019-09-25 15:50:44', '2020-09-25 15:50:44');
INSERT INTO `oauth_access_tokens` VALUES ('27dd0d09f4aa5b4db062c77ed909ea502b805e0ba4f8be7d5c6408843e9b3298ad619a5fb7fc74be', '41', '1', 'MyApp', '[]', '0', '2019-08-08 15:05:42', '2019-08-08 15:05:42', '2020-08-08 15:05:42');
INSERT INTO `oauth_access_tokens` VALUES ('280429f0247599359893dff79bcfac953a3e7b41cc9d2db49837bf0a7aa4b3d43f3b8c23f2b50bd6', '56', '1', 'MyApp', '[]', '0', '2019-08-26 16:41:40', '2019-08-26 16:41:40', '2020-08-26 16:41:40');
INSERT INTO `oauth_access_tokens` VALUES ('2813651f1db02841b44de034c46b9804972dc8da38ed420400642b8a6568e8082f5382eb02ae2912', '15', '1', 'MyApp', '[]', '0', '2019-08-19 14:09:15', '2019-08-19 14:09:15', '2020-08-19 14:09:15');
INSERT INTO `oauth_access_tokens` VALUES ('281681f56a3f6817be63a72041696a51c95b2e6c010aacff4f54855f414cccb8cf0186235f41372e', '19', '1', 'MyApp', '[]', '0', '2019-08-28 09:29:46', '2019-08-28 09:29:46', '2020-08-28 09:29:46');
INSERT INTO `oauth_access_tokens` VALUES ('286a313624256113757d3237de366f08b8f04a92d7dd1c6fd8a5ecf1ac9f1da6f54799b3970abb88', '128', '1', 'MyApp', '[]', '0', '2019-11-13 12:01:57', '2019-11-13 12:01:57', '2020-11-13 12:01:57');
INSERT INTO `oauth_access_tokens` VALUES ('28ccf5665babf6386e7e8a9835c6e5aeb37fea6947880fbbee0740787edda399405f97ab112392b4', '32', '1', 'MyApp', '[]', '0', '2019-09-02 10:22:51', '2019-09-02 10:22:51', '2020-09-02 10:22:51');
INSERT INTO `oauth_access_tokens` VALUES ('290350939738e3dfdd643af50d8c23ce823e4202b0501f47775fb2045dde6a1e0986137c9d04a6ea', '29', '1', 'MyApp', '[]', '0', '2019-09-08 08:46:50', '2019-09-08 08:46:50', '2020-09-08 08:46:50');
INSERT INTO `oauth_access_tokens` VALUES ('290e101edb2e89abc0ab4862d5cca24526330de9258b41801593b7e87cc203df01b059c8cb9dfefe', '109', '1', 'MyApp', '[]', '0', '2019-10-24 11:47:17', '2019-10-24 11:47:17', '2020-10-24 11:47:17');
INSERT INTO `oauth_access_tokens` VALUES ('2920e74feffa11a49ca3163e768d396084fb0bbf5d8b122edfa937a56d46c5c55edb7d6b73f4a6bb', '19', '1', 'MyApp', '[]', '0', '2019-08-26 08:21:21', '2019-08-26 08:21:21', '2020-08-26 08:21:21');
INSERT INTO `oauth_access_tokens` VALUES ('297a90a00202084e69b8525e6a18b8b1771d5ebcba2e363da1ecc4372ca601aa1f45f1800928e062', '112', '1', 'MyApp', '[]', '0', '2019-10-30 10:58:49', '2019-10-30 10:58:49', '2020-10-30 10:58:49');
INSERT INTO `oauth_access_tokens` VALUES ('29bbf294c2734fe6ccd66e013cd21296b1c9fb72ad89a3c1cda0a10feee2ed267608f94ed3af8295', '127', '1', 'MyApp', '[]', '0', '2019-11-12 12:48:39', '2019-11-12 12:48:39', '2020-11-12 12:48:39');
INSERT INTO `oauth_access_tokens` VALUES ('29dc11f99982fcc9003b03d270ff8660cf2fbdcf11573335274a1950eba240d697335dd3ee2549af', '19', '1', 'MyApp', '[]', '0', '2019-10-08 10:34:26', '2019-10-08 10:34:26', '2020-10-08 10:34:26');
INSERT INTO `oauth_access_tokens` VALUES ('2a0a5d3999b5a23b4f8e96a78adcd876d9dae3397c853aa4d02e50c6e9c038f0b12c993155b47703', '15', '1', 'MyApp', '[]', '0', '2019-08-25 14:15:26', '2019-08-25 14:15:26', '2020-08-25 14:15:26');
INSERT INTO `oauth_access_tokens` VALUES ('2a29f20d36c226e1c554002cc1166f92bcb457bc3625619a5f95a71748f9afe1c439646ccd36098e', '19', '1', 'MyApp', '[]', '0', '2019-08-19 13:21:41', '2019-08-19 13:21:41', '2020-08-19 13:21:41');
INSERT INTO `oauth_access_tokens` VALUES ('2a74c015767d3087101f7e76fe72e636856ed6ee0cb8b74aea253a8a640f0fbb983782a7254b8391', '128', '1', 'MyApp', '[]', '0', '2019-11-12 10:39:29', '2019-11-12 10:39:29', '2020-11-12 10:39:29');
INSERT INTO `oauth_access_tokens` VALUES ('2a99ca9725302260218d8b45f6d2918e59c54481b3d5695b46fded0c5dd73d85898b54047f4d7259', '109', '1', 'MyApp', '[]', '0', '2019-10-27 11:01:24', '2019-10-27 11:01:24', '2020-10-27 11:01:24');
INSERT INTO `oauth_access_tokens` VALUES ('2ab88f1fcb8cd05f787c4e4bf8cb40a1af566e06032b1002de3a1e0ee96b600b50cfb2565a40738b', '32', '1', 'MyApp', '[]', '0', '2019-08-28 15:32:31', '2019-08-28 15:32:31', '2020-08-28 15:32:31');
INSERT INTO `oauth_access_tokens` VALUES ('2ab9daf66eb3a5257d0caaf95bd45ece3b9040fe2c72f89b9e58003e7829f9e620c6004d0d327a2c', '109', '1', 'MyApp', '[]', '0', '2019-11-21 13:39:13', '2019-11-21 13:39:13', '2020-11-21 13:39:13');
INSERT INTO `oauth_access_tokens` VALUES ('2aedaecafa586202673713ec96c3d22b05fc99b2acbbd32c79a8caf562e7d092d7cea8f25f587364', '5', '1', 'MyApp', '[]', '0', '2019-07-14 13:13:29', '2019-07-14 13:13:29', '2020-07-14 13:13:29');
INSERT INTO `oauth_access_tokens` VALUES ('2af43bd9e255f2d5507c3b20fe4688d8726f1d694ba825fca74d6494fd6d5559557d5e38bb27a0b1', '41', '1', 'MyApp', '[]', '0', '2019-08-08 15:22:16', '2019-08-08 15:22:16', '2020-08-08 15:22:16');
INSERT INTO `oauth_access_tokens` VALUES ('2afd7b84db720d065d7aa0fe134b29b8d865e09874253f76a9c3a135505d425056f41b6499b6c01a', '128', '1', 'MyApp', '[]', '0', '2019-11-18 18:05:26', '2019-11-18 18:05:26', '2020-11-18 18:05:26');
INSERT INTO `oauth_access_tokens` VALUES ('2b6b553c7cf31695c42565895df2b9668f0ddfff7ea89eb60c90d17fe7bdff1ae98abd0917e87c6d', '109', '1', 'MyApp', '[]', '0', '2019-10-27 16:24:57', '2019-10-27 16:24:57', '2020-10-27 16:24:57');
INSERT INTO `oauth_access_tokens` VALUES ('2bd445ccaa93810536dd56cdf25de3f39b38a28e0f7e1edc61f19deac7ff1e2deda59da3ae4875b5', '52', '1', 'MyApp', '[]', '0', '2019-08-25 12:51:47', '2019-08-25 12:51:47', '2020-08-25 12:51:47');
INSERT INTO `oauth_access_tokens` VALUES ('2bea34c3b795c2d66145f7ea597d9dbab796225a38930c62688313dc56a479b1088c9821d46eb964', '19', '1', 'MyApp', '[]', '0', '2019-08-19 13:28:18', '2019-08-19 13:28:18', '2020-08-19 13:28:18');
INSERT INTO `oauth_access_tokens` VALUES ('2c340a0c92fb69c67b715723a31eed43c95870bd2e5427d9c100c55e2cfdbdf8654bc75d425cb0b1', '128', '1', 'MyApp', '[]', '0', '2019-11-14 17:46:45', '2019-11-14 17:46:45', '2020-11-14 17:46:45');
INSERT INTO `oauth_access_tokens` VALUES ('2c8c609c52a66c23bc52e60f06f0efe67c4832717df9a6d4ed3736461b016f1f6d41e56644834129', '14', '1', 'MyApp', '[]', '0', '2019-05-30 11:57:41', '2019-05-30 11:57:41', '2020-05-30 11:57:41');
INSERT INTO `oauth_access_tokens` VALUES ('2c97bc32ebec02b33277ff0bc6135bf59163d44fa83f28c1a0412f1bd7fa12384cac6415e3542a04', '15', '1', 'MyApp', '[]', '0', '2019-08-19 13:29:53', '2019-08-19 13:29:53', '2020-08-19 13:29:53');
INSERT INTO `oauth_access_tokens` VALUES ('2cbeb765700c5fd6f9d9372c858107a07839cf3208ff0554637c1c4cdbfb6d87e057a3853498fcd2', '15', '1', 'MyApp', '[]', '0', '2019-09-04 12:11:22', '2019-09-04 12:11:22', '2020-09-04 12:11:22');
INSERT INTO `oauth_access_tokens` VALUES ('2cc675745b1a474696e6780139ceffb32c2e22b1ff095449190aeedfb76aafafa576221539896ef3', '108', '1', 'MyApp', '[]', '0', '2019-10-23 13:59:23', '2019-10-23 13:59:23', '2020-10-23 13:59:23');
INSERT INTO `oauth_access_tokens` VALUES ('2cf07efbcc75c0b832e4f69f92354a90f4ae787167567ba87b690c8351f8b2f2484822ed3484e1da', '12', '1', 'MyApp', '[]', '0', '2019-09-11 09:45:55', '2019-09-11 09:45:55', '2020-09-11 09:45:55');
INSERT INTO `oauth_access_tokens` VALUES ('2d0d3c5c85789a07a4213023421e99cece4f82ba7c03cb7f5c13b2184751beb9728a70fedc9d73db', '15', '1', 'MyApp', '[]', '0', '2019-08-19 13:30:57', '2019-08-19 13:30:57', '2020-08-19 13:30:57');
INSERT INTO `oauth_access_tokens` VALUES ('2dbe0cbb47e08227240a969449053cade5ff109c8d32c620cbb8f7acfce647edc43fea0dfc5857a2', '29', '1', 'MyApp', '[]', '0', '2019-08-08 16:28:31', '2019-08-08 16:28:31', '2020-08-08 16:28:31');
INSERT INTO `oauth_access_tokens` VALUES ('2ddcd6ec21fc3d7ac8f9ab6f59504bfffed1276dff1f292f281d74babffafcc2d44c0ec89ff9e50e', '19', '1', 'MyApp', '[]', '0', '2019-08-26 13:32:43', '2019-08-26 13:32:43', '2020-08-26 13:32:43');
INSERT INTO `oauth_access_tokens` VALUES ('2e07c9f77b1c3c371b8ae5ef038978377b88db6f88d4936ee344d7fb1f920cbb1a9ceaa5721e0b94', '12', '1', 'MyApp', '[]', '0', '2019-06-09 14:45:23', '2019-06-09 14:45:23', '2020-06-09 14:45:23');
INSERT INTO `oauth_access_tokens` VALUES ('2e4c24de83b45177ceedf75a303c67de6e7890a5b8ad5438d3dac7946bec2d368532eae56436f97e', '30', '1', 'MyApp', '[]', '0', '2019-09-12 08:54:06', '2019-09-12 08:54:06', '2020-09-12 08:54:06');
INSERT INTO `oauth_access_tokens` VALUES ('2ee5499c6766edee6a0a33edaae8fb43fe3895139e84dd5882b49f62e97d5a76f90cb2885f239943', '29', '1', 'MyApp', '[]', '0', '2019-08-16 21:56:27', '2019-08-16 21:56:27', '2020-08-16 21:56:27');
INSERT INTO `oauth_access_tokens` VALUES ('2f02f082fa2d196708a4727d8fb5df08665efee16af1b05397ef947ad40b085fc0e161dfe4ac7da4', null, '1', 'MyApp', '[]', '0', '2019-06-24 09:34:11', '2019-06-24 09:34:11', '2020-06-24 09:34:11');
INSERT INTO `oauth_access_tokens` VALUES ('2f51240f9c04a78e451aaa2aac36505da5e9d2a6a3e7b2f5eedb199a5c4a2d8e06b4f88e32600be5', '5', '1', 'MyApp', '[]', '0', '2019-06-10 13:56:00', '2019-06-10 13:56:00', '2020-06-10 13:56:00');
INSERT INTO `oauth_access_tokens` VALUES ('308c763504532f424c692bde1624e84b1302500daf3ce54a5601a1ba36da7bb7f76068b9208d6edd', '12', '1', 'MyApp', '[]', '0', '2019-06-24 10:49:44', '2019-06-24 10:49:44', '2020-06-24 10:49:44');
INSERT INTO `oauth_access_tokens` VALUES ('30b3971daf888c53cdbf7c7bb1a424fd0b875561533b6f9192e72af9b0aeb31e30e5217e0a0e2d61', '70', '1', 'MyApp', '[]', '0', '2019-09-25 09:18:58', '2019-09-25 09:18:58', '2020-09-25 09:18:58');
INSERT INTO `oauth_access_tokens` VALUES ('30bcd0cdb4bf06f49d010cdf1273a4d4015d2a24d976b162facec7e72236de77e620135ab8247abf', '100', '1', 'MyApp', '[]', '0', '2019-09-25 12:33:44', '2019-09-25 12:33:44', '2020-09-25 12:33:44');
INSERT INTO `oauth_access_tokens` VALUES ('30de404b950bb8bac24d578a16b1a752cb6c31b07051e707c0d3b6ef72b47fbacce3d0c7c6cd6445', '12', '1', 'MyApp', '[]', '0', '2019-06-19 15:58:25', '2019-06-19 15:58:25', '2020-06-19 15:58:25');
INSERT INTO `oauth_access_tokens` VALUES ('30ec4e96247353dea856eeaee41e2760117f32a83e7f9960c1be89a1439587b02dffe546cf8c4703', '107', '1', 'MyApp', '[]', '0', '2019-10-22 15:46:01', '2019-10-22 15:46:01', '2020-10-22 15:46:01');
INSERT INTO `oauth_access_tokens` VALUES ('3143dc428a830371d21d33ef1c039826b83c6c2de4ff97efd85d400cbbf19cd97425f0c9a22beb45', '98', '1', 'MyApp', '[]', '0', '2019-09-25 10:07:40', '2019-09-25 10:07:40', '2020-09-25 10:07:40');
INSERT INTO `oauth_access_tokens` VALUES ('3162f6baf580dfa3e4aaf611199a269a3471a24228911674b720a81b0cac459bda7098216edaf3fb', '111', '1', 'MyApp', '[]', '0', '2019-10-29 14:52:48', '2019-10-29 14:52:48', '2020-10-29 14:52:48');
INSERT INTO `oauth_access_tokens` VALUES ('31f946b3008c68f255b14dc9e6fdc317f31b44ea701443360d49d9ecb8043dd4ea0fbcae138af1b1', '19', '1', 'MyApp', '[]', '0', '2019-09-04 08:58:36', '2019-09-04 08:58:36', '2020-09-04 08:58:36');
INSERT INTO `oauth_access_tokens` VALUES ('322d7c4931bca0598cbdb430efa2c68c5a730b075bbc526296fa202bf56319ce8a5b13f0a0793882', '108', '1', 'MyApp', '[]', '0', '2019-10-23 14:34:07', '2019-10-23 14:34:07', '2020-10-23 14:34:07');
INSERT INTO `oauth_access_tokens` VALUES ('3254de150d2d03763089efb373d855e50f2c393048432a3b131d9f4269e86aa1a084c4a212e8b04d', '15', '1', 'MyApp', '[]', '0', '2019-09-25 13:26:57', '2019-09-25 13:26:57', '2020-09-25 13:26:57');
INSERT INTO `oauth_access_tokens` VALUES ('327338bfafed8c6cf1295dc71694111170ab0ad730289c5dd4112056faf0d3674c7b6d57a7eecf81', '29', '1', 'MyApp', '[]', '0', '2019-09-12 12:43:08', '2019-09-12 12:43:08', '2020-09-12 12:43:08');
INSERT INTO `oauth_access_tokens` VALUES ('327bb0aff7278f4e71cfe1e20d2c3d1523553de3aa58a55173449fbf734ae18944abe9aa596db418', '19', '1', 'MyApp', '[]', '0', '2019-08-19 13:22:52', '2019-08-19 13:22:52', '2020-08-19 13:22:52');
INSERT INTO `oauth_access_tokens` VALUES ('32a9dc247705fad999f965088b930dcca7fc89f809ac327fcc4d7de73bd6801b9e815d82e9a1b0e0', '15', '1', 'MyApp', '[]', '0', '2019-08-19 15:18:53', '2019-08-19 15:18:53', '2020-08-19 15:18:53');
INSERT INTO `oauth_access_tokens` VALUES ('32c87b60d91d1a156413d743e5532d0f6f95b4bb0c85eecd99b5194335fbd97ea6d7b477cde7e424', '19', '1', 'MyApp', '[]', '0', '2019-09-17 16:05:51', '2019-09-17 16:05:51', '2020-09-17 16:05:51');
INSERT INTO `oauth_access_tokens` VALUES ('32d13eb3a6736bbecebaa14746803cc00701b41de359ca906a4e8ffb2ccd132dbaba05773f0a26ec', '110', '1', 'MyApp', '[]', '0', '2019-10-30 17:59:20', '2019-10-30 17:59:20', '2020-10-30 17:59:20');
INSERT INTO `oauth_access_tokens` VALUES ('332239db597838a461e963fc1bef138af64f3b7bcade7d2557b8e48e26cd89e38ea3060f768fb245', '30', '1', 'MyApp', '[]', '0', '2019-08-20 09:46:19', '2019-08-20 09:46:19', '2020-08-20 09:46:19');
INSERT INTO `oauth_access_tokens` VALUES ('3351319bc6af1d59fd66aa2677081a8e08e80921a680414a1a2fce409c16570eaa7a7d03a1a5bf06', '109', '1', 'MyApp', '[]', '0', '2019-11-19 10:11:41', '2019-11-19 10:11:41', '2020-11-19 10:11:41');
INSERT INTO `oauth_access_tokens` VALUES ('339a2f7632923e94e8400b50ed3416adc719a6ec5bae3406a42b1300a0b5c342b86a32e7859fdb29', '19', '1', 'MyApp', '[]', '0', '2019-09-25 13:24:44', '2019-09-25 13:24:44', '2020-09-25 13:24:44');
INSERT INTO `oauth_access_tokens` VALUES ('33b291f3a8191bd1d789166f3d87184c8103435e85d1e1ee5f1f46eda869d9f7adfdc8c2f9205177', '17', '1', 'MyApp', '[]', '0', '2019-06-16 19:06:32', '2019-06-16 19:06:32', '2020-06-16 19:06:32');
INSERT INTO `oauth_access_tokens` VALUES ('3417b9f872ccbb604c78d06dd29ce5e5763695a8243e0c6ea21793550e80d491fb5323f437a98855', '12', '1', 'MyApp', '[]', '0', '2019-06-11 17:03:35', '2019-06-11 17:03:35', '2020-06-11 17:03:35');
INSERT INTO `oauth_access_tokens` VALUES ('343c5b8e3f85ab94d2f8f5f0b287aa4dcbc48ec7444ec1b2994ff078adb564978aab281794268a67', '19', '1', 'MyApp', '[]', '0', '2019-08-19 12:50:06', '2019-08-19 12:50:06', '2020-08-19 12:50:06');
INSERT INTO `oauth_access_tokens` VALUES ('34626466b0145d1ad7efe39d0b541cb808a04ab93de9561249860cb45df75e64f563735488855300', '32', '1', 'MyApp', '[]', '0', '2019-09-12 11:57:48', '2019-09-12 11:57:48', '2020-09-12 11:57:48');
INSERT INTO `oauth_access_tokens` VALUES ('34a37115000a663673cad96f71c03bd8de338206f71f108c099835fca6d8790039f1d0e86e84506a', '102', '1', 'MyApp', '[]', '0', '2019-10-22 09:26:48', '2019-10-22 09:26:48', '2020-10-22 09:26:48');
INSERT INTO `oauth_access_tokens` VALUES ('34cc0e08deb82aa1dbf029d4349faee66af61abc420a2f5e68584c11dfbf67329364973bc5f6192e', '32', '1', 'MyApp', '[]', '0', '2019-09-03 11:11:49', '2019-09-03 11:11:49', '2020-09-03 11:11:49');
INSERT INTO `oauth_access_tokens` VALUES ('34f66ef7b17414d7ec111c870dd714e7c24bae7aa241c42dcc73cf4500f2c59eca6b726d927151b6', '19', '1', 'MyApp', '[]', '0', '2019-10-07 12:28:04', '2019-10-07 12:28:04', '2020-10-07 12:28:04');
INSERT INTO `oauth_access_tokens` VALUES ('350e88f9d06323917e92e17f8de36d5b43230f0c43f1b56621531bba10b4c355b7844e8ec9f90596', '112', '1', 'MyApp', '[]', '0', '2019-11-03 16:52:05', '2019-11-03 16:52:05', '2020-11-03 16:52:05');
INSERT INTO `oauth_access_tokens` VALUES ('350f0551f8e314243e3880eaf73ba7b25a44e85e114da86da61946b2f786c5360055df54ada8f5bf', '109', '1', 'MyApp', '[]', '0', '2019-10-30 23:31:31', '2019-10-30 23:31:31', '2020-10-30 23:31:31');
INSERT INTO `oauth_access_tokens` VALUES ('35643f81866013593f0ce92e45cbed6bdc59e137e16d7f933c3b21f8fe197ca9f3d7696a1512fc28', '19', '1', 'MyApp', '[]', '0', '2019-09-25 13:24:50', '2019-09-25 13:24:50', '2020-09-25 13:24:50');
INSERT INTO `oauth_access_tokens` VALUES ('3567536126c715396061ace5e7a5e890d80a95791f19e1a9c2063dddce6e8e549f920c7d73462dc7', '15', '1', 'MyApp', '[]', '0', '2019-09-01 10:57:27', '2019-09-01 10:57:27', '2020-09-01 10:57:27');
INSERT INTO `oauth_access_tokens` VALUES ('35699495894906315d32fecdd2aadb8cb4c454b83a66acd5c089c410fdb1362fb75c67915a8f29ab', '32', '1', 'MyApp', '[]', '0', '2019-08-26 15:07:45', '2019-08-26 15:07:45', '2020-08-26 15:07:45');
INSERT INTO `oauth_access_tokens` VALUES ('357859fbe7977ba0621a997f00c8a971dae9fb4fdf01dee2799980fa0a2299ef63b22dbf7f44bc2a', null, '1', 'MyApp', '[]', '0', '2019-08-01 15:57:09', '2019-08-01 15:57:09', '2020-08-01 15:57:09');
INSERT INTO `oauth_access_tokens` VALUES ('359f74baa8d5728036b533396bd993265ebbd0a56d003f1519f5ac61143490a284aa46109810769e', '19', '1', 'MyApp', '[]', '0', '2019-08-29 14:08:51', '2019-08-29 14:08:51', '2020-08-29 14:08:51');
INSERT INTO `oauth_access_tokens` VALUES ('35a4ff23abc7a9de82d9deb7ea99579804c3c258f9fda6019b01306a5b426b6411e936dc299d30c1', '102', '1', 'MyApp', '[]', '0', '2019-10-17 21:51:02', '2019-10-17 21:51:02', '2020-10-17 21:51:02');
INSERT INTO `oauth_access_tokens` VALUES ('35c6173bee9dfb3031fa42a147cec9ddc17efc17c5b5061e16598176df3b02b1bb911260ac5cde18', '29', '1', 'MyApp', '[]', '0', '2019-08-26 15:41:42', '2019-08-26 15:41:42', '2020-08-26 15:41:42');
INSERT INTO `oauth_access_tokens` VALUES ('35d61044f428de9fef94ff104729c358228636edeaad3dcdb28f586fa7460580124aadc316cb7237', '19', '1', 'MyApp', '[]', '0', '2019-08-19 13:26:16', '2019-08-19 13:26:16', '2020-08-19 13:26:16');
INSERT INTO `oauth_access_tokens` VALUES ('35e0aca1b0e527131c5d3ef4b3452b6b9cfeec33a8ba494c96595b2c833e245543b5a021e2ba034d', '5', '1', 'MyApp', '[]', '0', '2019-08-01 16:08:55', '2019-08-01 16:08:55', '2020-08-01 16:08:55');
INSERT INTO `oauth_access_tokens` VALUES ('36727a639ff6cac7656d01bbeb1b5117ad5606fcf00d9d8162bc7a3d40f4169051947b4167ebb989', '30', '1', 'MyApp', '[]', '0', '2019-09-26 13:54:12', '2019-09-26 13:54:12', '2020-09-26 13:54:12');
INSERT INTO `oauth_access_tokens` VALUES ('36756ffd7318ab7483b11f0fb48aec36153835d43ca6a93a9b11af7d39063d82b34617eb2b30efd6', '15', '1', 'MyApp', '[]', '0', '2019-08-19 13:56:51', '2019-08-19 13:56:51', '2020-08-19 13:56:51');
INSERT INTO `oauth_access_tokens` VALUES ('36789afc4468779cc20ac586ac28ba4c87ed20642d92106937d0346a0698408d45cb94c99a544509', '15', '1', 'MyApp', '[]', '0', '2019-09-15 12:15:41', '2019-09-15 12:15:41', '2020-09-15 12:15:41');
INSERT INTO `oauth_access_tokens` VALUES ('36794f1d23a9e3221fbd30b0c810ad8ea78388c8a59b2c5587dc88da037c7ca02139bc183c3de741', '15', '1', 'MyApp', '[]', '0', '2019-09-29 14:05:28', '2019-09-29 14:05:28', '2020-09-29 14:05:28');
INSERT INTO `oauth_access_tokens` VALUES ('3688f64211360df21c93eea26231f69d061cb3838d1ebbeeba4c4a6e75f589e86d700156445acf90', '19', '1', 'MyApp', '[]', '0', '2019-10-01 15:35:01', '2019-10-01 15:35:01', '2020-10-01 15:35:01');
INSERT INTO `oauth_access_tokens` VALUES ('369837ca7cb3af7cfd7df78e2ca3db76126e96c07ace9be585247889f0d306e2c617949d9da409f2', '15', '1', 'MyApp', '[]', '0', '2019-09-29 11:52:05', '2019-09-29 11:52:05', '2020-09-29 11:52:05');
INSERT INTO `oauth_access_tokens` VALUES ('36d5acc3c92256f0061a81ffdef83d4ae4185f7ff52cf434ee2ad6ccd2c4f1bf8fd1505215874ace', '29', '1', 'MyApp', '[]', '0', '2019-08-27 15:14:17', '2019-08-27 15:14:17', '2020-08-27 15:14:17');
INSERT INTO `oauth_access_tokens` VALUES ('374b0a776fe85d5d2cf5e8d2bae54638a6bb158fb2a785783904951c5ac252aecf5562d4f4aaa69e', '19', '1', 'MyApp', '[]', '0', '2019-08-25 12:30:29', '2019-08-25 12:30:29', '2020-08-25 12:30:29');
INSERT INTO `oauth_access_tokens` VALUES ('378bbdf6ad6764d46248d127187125c1753d35d65f776fba585978968f9c44c2f9a788e3cdfe65ec', '5', '1', 'MyApp', '[]', '0', '2019-05-30 10:11:16', '2019-05-30 10:11:16', '2020-05-30 10:11:16');
INSERT INTO `oauth_access_tokens` VALUES ('37c9d2892501c659482791cea108b4372095a0c749409a96b68d8c290fdf4942196982d3f2c9adc2', '19', '1', 'MyApp', '[]', '0', '2019-09-25 13:21:17', '2019-09-25 13:21:17', '2020-09-25 13:21:17');
INSERT INTO `oauth_access_tokens` VALUES ('37f15bef725383137c2cfc44f2dd8ba71dfc79969cb38397e92841a9683d15a1ccf4891ee31778b2', '64', '1', 'MyApp', '[]', '0', '2019-09-24 15:48:42', '2019-09-24 15:48:42', '2020-09-24 15:48:42');
INSERT INTO `oauth_access_tokens` VALUES ('382ca9aacc9e8a30fb5237935aedc0e39adacc89cc4fd24bbc6acb338abd4dd97aa9ec52be65e250', '32', '1', 'MyApp', '[]', '0', '2019-08-26 12:46:34', '2019-08-26 12:46:34', '2020-08-26 12:46:34');
INSERT INTO `oauth_access_tokens` VALUES ('382fe839aeceea40ad023664c00304ef497b72b13d077f7441fcc4a616fae1980fdb48ba52f2a4d4', '15', '1', 'MyApp', '[]', '0', '2019-06-16 11:12:21', '2019-06-16 11:12:21', '2020-06-16 11:12:21');
INSERT INTO `oauth_access_tokens` VALUES ('38bf69a3eeffe169675fb6d91158def0870a84fe3951aed7e9f664558b37bd88dbeb3804b4c9fa0d', '41', '1', 'MyApp', '[]', '0', '2019-08-08 16:22:43', '2019-08-08 16:22:43', '2020-08-08 16:22:43');
INSERT INTO `oauth_access_tokens` VALUES ('3946bba17f3b58232a9d08c47cd302bdfbbb6b4077213a8420633580c7044ebf93141d119f8870c2', '19', '1', 'MyApp', '[]', '0', '2019-09-02 10:46:43', '2019-09-02 10:46:43', '2020-09-02 10:46:43');
INSERT INTO `oauth_access_tokens` VALUES ('396b43877dc0d885cd7bbbdf45a5c37279390b10fc075d1687a2947dd5af6d408a3584eb11ab2dc2', '12', '1', 'MyApp', '[]', '0', '2019-06-26 15:02:36', '2019-06-26 15:02:36', '2020-06-26 15:02:36');
INSERT INTO `oauth_access_tokens` VALUES ('39712bea7f18c4d1042826fe81372a813aceaa76ac5e40d46418c47d40ac9eabe8c7ba514be620ed', '41', '1', 'MyApp', '[]', '0', '2019-08-08 16:21:02', '2019-08-08 16:21:02', '2020-08-08 16:21:02');
INSERT INTO `oauth_access_tokens` VALUES ('3976817c6b6f96123e16673135d684d8565fa382624ccae78039fff7aea51863b1a1b6bd57746ff0', '129', '1', 'MyApp', '[]', '0', '2019-11-20 09:55:40', '2019-11-20 09:55:40', '2020-11-20 09:55:40');
INSERT INTO `oauth_access_tokens` VALUES ('39d9416a75b52026cdca6ecf06408b3a6c16f7c2ba00adb1fba45f0967c4ad8b016dd86975fab355', '19', '1', 'MyApp', '[]', '0', '2019-10-02 09:53:13', '2019-10-02 09:53:13', '2020-10-02 09:53:13');
INSERT INTO `oauth_access_tokens` VALUES ('39f69f6f4fe5fc603052c653651c5cc1e6304d671439829f16c755491fb562e425840c16a756b30e', '19', '1', 'MyApp', '[]', '0', '2019-10-08 10:40:22', '2019-10-08 10:40:22', '2020-10-08 10:40:22');
INSERT INTO `oauth_access_tokens` VALUES ('3a1d1fd8bff3670ebf0325acd33a5ab42c5b7a4524ed83506f099e35fd89218eb61c31ac4d663faf', '126', '1', 'MyApp', '[]', '0', '2019-10-31 11:05:38', '2019-10-31 11:05:38', '2020-10-31 11:05:38');
INSERT INTO `oauth_access_tokens` VALUES ('3a3ac67dada5e7ebbe242375d0acc061bd6a60afa9b3aef0b10d5f15ae8ba81175dfebd1248afc2c', '19', '1', 'MyApp', '[]', '0', '2019-08-19 13:26:47', '2019-08-19 13:26:47', '2020-08-19 13:26:47');
INSERT INTO `oauth_access_tokens` VALUES ('3a495b78631307f37766353568843860c6fbde7328bd5b5b389a923164ca0633b4e0589f8dead851', '19', '1', 'MyApp', '[]', '0', '2019-08-19 13:28:54', '2019-08-19 13:28:54', '2020-08-19 13:28:54');
INSERT INTO `oauth_access_tokens` VALUES ('3a649fce219444e847d8b140de0596408361aae8c087744114f3f32dec0f5c7320832bf792cb4fe4', '29', '1', 'MyApp', '[]', '0', '2019-10-22 09:21:16', '2019-10-22 09:21:16', '2020-10-22 09:21:16');
INSERT INTO `oauth_access_tokens` VALUES ('3a6e1d4a3111898cb7cda49f1a1e302600da0afca56cd67f09f8f61b5c05864e134d5ed25fa82fbe', '12', '1', 'MyApp', '[]', '0', '2019-08-26 12:36:25', '2019-08-26 12:36:25', '2020-08-26 12:36:25');
INSERT INTO `oauth_access_tokens` VALUES ('3ace00804dc375ed34a4b179a579a79b9f8e2eba2cce480141ad94cd06dc4b551a9737c4049f2b77', '15', '1', 'MyApp', '[]', '0', '2019-08-19 13:57:06', '2019-08-19 13:57:06', '2020-08-19 13:57:06');
INSERT INTO `oauth_access_tokens` VALUES ('3b62a7ad647aa22c4f72b907ddab5e183438c9cf6019479d30a53b8dc298d49951ae851282f088d7', null, '1', 'MyApp', '[]', '0', '2019-06-18 14:55:06', '2019-06-18 14:55:06', '2020-06-18 14:55:06');
INSERT INTO `oauth_access_tokens` VALUES ('3b6a6901f2fc625c3f95ad264ad41525387427c0265a6b381563242ac2be228d35a6595a2dd1acd1', '109', '1', 'MyApp', '[]', '0', '2019-10-30 23:58:47', '2019-10-30 23:58:47', '2020-10-30 23:58:47');
INSERT INTO `oauth_access_tokens` VALUES ('3bbda06d564e0a9329f5e802f2687fb50e825dfa057aae728a85174fe8a0d72f4d7d0e9d1e76ba0f', '19', '1', 'MyApp', '[]', '0', '2019-09-17 16:00:16', '2019-09-17 16:00:16', '2020-09-17 16:00:16');
INSERT INTO `oauth_access_tokens` VALUES ('3bd1acff8eb395fe890e83ed40a663e62f982c089bf571b6e8571862f1775d4463552a92094a4474', '109', '1', 'MyApp', '[]', '0', '2019-11-11 11:05:03', '2019-11-11 11:05:03', '2020-11-11 11:05:03');
INSERT INTO `oauth_access_tokens` VALUES ('3bfb46d556b1f08cb3a995a283ba40bcccaa22ae9e9e58b47b7bb16fe9d39aa3f4083eb56d72e313', '29', '1', 'MyApp', '[]', '0', '2019-10-13 11:09:25', '2019-10-13 11:09:25', '2020-10-13 11:09:25');
INSERT INTO `oauth_access_tokens` VALUES ('3c40d499b997d3831905d424f723f70a0e0d622993b1ef112bb22d7396e48e757663e6ad8a430250', null, '1', 'MyApp', '[]', '0', '2019-07-14 13:16:44', '2019-07-14 13:16:44', '2020-07-14 13:16:44');
INSERT INTO `oauth_access_tokens` VALUES ('3c83679940e052885ce54735c1b992dbb59752c5f7aa76264d410a0af4a7e6f6207edf419064079a', '19', '1', 'MyApp', '[]', '0', '2019-06-23 14:59:03', '2019-06-23 14:59:03', '2020-06-23 14:59:03');
INSERT INTO `oauth_access_tokens` VALUES ('3c86b3f679c3358fc87bd7f5e61505bc38e0ea0f601e26b563448d31df5e94c85a4ae218a5402051', '29', '1', 'MyApp', '[]', '0', '2019-09-14 19:26:12', '2019-09-14 19:26:12', '2020-09-14 19:26:12');
INSERT INTO `oauth_access_tokens` VALUES ('3c92e50fb0b5baf2db2b19b8c346b72d98dcf453a6fe5f65f9f66496ce7576475b2c886ba5f804ad', '15', '1', 'MyApp', '[]', '0', '2019-09-04 12:57:29', '2019-09-04 12:57:29', '2020-09-04 12:57:29');
INSERT INTO `oauth_access_tokens` VALUES ('3c95c496dcda999919b98e37bc8f57513250eaf9a34bf1a2867fbe8447c48d4156c87841af4b7fee', '29', '1', 'MyApp', '[]', '0', '2019-09-25 11:03:20', '2019-09-25 11:03:20', '2020-09-25 11:03:20');
INSERT INTO `oauth_access_tokens` VALUES ('3ceb7f7a9ca7dcc2ddddac0b63a4b14ff9dca41f39d5d893cd78da41c8833d558a38aa30eeb70d25', '102', '1', 'MyApp', '[]', '0', '2019-09-26 00:26:01', '2019-09-26 00:26:01', '2020-09-26 00:26:01');
INSERT INTO `oauth_access_tokens` VALUES ('3d327987075f5224f9a92565e27091a2991d43c68537a6179240e43135ea4cdc163d5e08ba04bdcc', '111', '1', 'MyApp', '[]', '0', '2019-11-04 15:00:17', '2019-11-04 15:00:17', '2020-11-04 15:00:17');
INSERT INTO `oauth_access_tokens` VALUES ('3d3ba817a223751e080b53562e7306b32027b3300f850b01b4248e63a434ad8b41f0a5bd7d878b9b', '29', '1', 'MyApp', '[]', '0', '2019-10-21 10:33:40', '2019-10-21 10:33:40', '2020-10-21 10:33:40');
INSERT INTO `oauth_access_tokens` VALUES ('3d7b247e3973804e5fa60d108ed6704dc0c9a36460a8285cb266756f4dcae2e16ced4755a2757cda', '109', '1', 'MyApp', '[]', '0', '2019-10-24 13:29:12', '2019-10-24 13:29:12', '2020-10-24 13:29:12');
INSERT INTO `oauth_access_tokens` VALUES ('3de7fab8c1293991a31a0e3a00866eb894f47b2391bcd7e7d4af43835988317bc3979ab386ad1859', '15', '1', 'MyApp', '[]', '0', '2019-08-25 14:15:42', '2019-08-25 14:15:42', '2020-08-25 14:15:42');
INSERT INTO `oauth_access_tokens` VALUES ('3e3365b98de5c062ebca04c7fae589098c7c3b989323452eae26e2f66bce4ed6876e744acb68e0b7', '15', '1', 'MyApp', '[]', '0', '2019-08-25 14:03:13', '2019-08-25 14:03:13', '2020-08-25 14:03:13');
INSERT INTO `oauth_access_tokens` VALUES ('3e81a967d3e2cad2f5dc34cbfaebc20c7c266f2150e90ac208952b7ea4cc7c11288bacdbe05554de', '109', '1', 'MyApp', '[]', '0', '2019-10-24 11:57:01', '2019-10-24 11:57:01', '2020-10-24 11:57:01');
INSERT INTO `oauth_access_tokens` VALUES ('3eede11d372f5f766c59bb742c575c93cf66f903645d413fb550cd11dbc79872c9f5d98b0eb8ca34', '32', '1', 'MyApp', '[]', '0', '2019-09-23 13:18:05', '2019-09-23 13:18:05', '2020-09-23 13:18:05');
INSERT INTO `oauth_access_tokens` VALUES ('3ef29ed742caea97a97feacc83737cce19279cb7fdd234c8505bad844e9403af79bd3e036fbd4ebe', null, '1', 'MyApp', '[]', '0', '2019-06-24 10:22:33', '2019-06-24 10:22:33', '2020-06-24 10:22:33');
INSERT INTO `oauth_access_tokens` VALUES ('3f099257573104e6892bb781d84094d0beb5a302eecd6b6152613f2e2a9e3376d0c9eaae5b9317d7', '50', '1', 'MyApp', '[]', '0', '2019-08-25 14:05:22', '2019-08-25 14:05:22', '2020-08-25 14:05:22');
INSERT INTO `oauth_access_tokens` VALUES ('3f54022fba838243c05e7e0323af4a4ba160043517754ef0898bbe65db337ee0f572bce12f4fcfcb', '64', '1', 'MyApp', '[]', '0', '2019-09-24 11:31:54', '2019-09-24 11:31:54', '2020-09-24 11:31:54');
INSERT INTO `oauth_access_tokens` VALUES ('3fd8286a24e0d4d945c8adcb4a469309230d2b876d84c19313456933a48b8dcd01ef1f02be8bf264', '46', '1', 'MyApp', '[]', '0', '2019-08-08 16:40:45', '2019-08-08 16:40:45', '2020-08-08 16:40:45');
INSERT INTO `oauth_access_tokens` VALUES ('3ff3b6e7a8011e40d569f92506e794e006daa31d570b1786a7c4a3334e8da9a82e85d0406d52ac6b', '108', '1', 'MyApp', '[]', '0', '2019-10-23 14:33:13', '2019-10-23 14:33:13', '2020-10-23 14:33:13');
INSERT INTO `oauth_access_tokens` VALUES ('404187141e805665e0b3126ba36402b311ca45a3d9d0bc2fa1a95d02c40c1e1f7e0556f28352f468', '15', '1', 'MyApp', '[]', '0', '2019-09-25 12:15:28', '2019-09-25 12:15:28', '2020-09-25 12:15:28');
INSERT INTO `oauth_access_tokens` VALUES ('406ceb918d7b6d3b495d601c44d7a41ac75e95f6c3b090f001a3a04ed46dd4c52a53101583b0eae0', '109', '1', 'MyApp', '[]', '0', '2019-10-30 22:45:17', '2019-10-30 22:45:17', '2020-10-30 22:45:17');
INSERT INTO `oauth_access_tokens` VALUES ('40dff55b62073fb5d8132f56eddcdcc6002291a8d1f7ce9bfacf75a5b7947ad6ada4957bcacefc10', '113', '1', 'MyApp', '[]', '0', '2019-10-24 18:49:55', '2019-10-24 18:49:55', '2020-10-24 18:49:55');
INSERT INTO `oauth_access_tokens` VALUES ('413b33a117669ea9dfd334bead2f237eec15dbd90df50027e8f976925ddefe6ae1c9c496a87879bf', '19', '1', 'MyApp', '[]', '0', '2019-09-25 13:19:09', '2019-09-25 13:19:09', '2020-09-25 13:19:09');
INSERT INTO `oauth_access_tokens` VALUES ('4179271645d1aa180273e9eed7f252b2e8f4a10c416fd23aac9df96220b7d3c7e45aa28792b7a524', '29', '1', 'MyApp', '[]', '0', '2019-10-09 09:16:27', '2019-10-09 09:16:27', '2020-10-09 09:16:27');
INSERT INTO `oauth_access_tokens` VALUES ('417ea7e4232144ec7fe26123ba2f55ff685b2ebdadef12309e2519e5f2189a4a518aa40492a05013', null, '1', 'MyApp', '[]', '0', '2019-06-24 09:37:57', '2019-06-24 09:37:57', '2020-06-24 09:37:57');
INSERT INTO `oauth_access_tokens` VALUES ('419df34a5b7da23ac5d10c8f7060173cf868cffa2aa56287d999330704433057d3413e069c1b10d3', '19', '1', 'MyApp', '[]', '0', '2019-08-19 13:26:43', '2019-08-19 13:26:43', '2020-08-19 13:26:43');
INSERT INTO `oauth_access_tokens` VALUES ('41be991af710510a773b4f308de5cc5b10d9c363225afbc6fb4dfa146a1be6791899e3868327a195', '19', '1', 'MyApp', '[]', '0', '2019-08-26 14:45:22', '2019-08-26 14:45:22', '2020-08-26 14:45:22');
INSERT INTO `oauth_access_tokens` VALUES ('41dbc88124d34b23be3808f42d0c7329a07704228c621f4a91dbc86620b4f7c062b8fc2e2b67b7b1', '128', '1', 'MyApp', '[]', '0', '2019-11-04 18:09:44', '2019-11-04 18:09:44', '2020-11-04 18:09:44');
INSERT INTO `oauth_access_tokens` VALUES ('423335b6c751f94a87823aa31eac0b5adeff04dc5fba67b1893ad1cc8bb1016cef0a6326aba4baef', '15', '1', 'MyApp', '[]', '0', '2019-10-06 10:28:11', '2019-10-06 10:28:11', '2020-10-06 10:28:11');
INSERT INTO `oauth_access_tokens` VALUES ('4280597a7ef912d8c47a27fc4c665e1d51edc6440edd968a931bd6f394f0b8dea6e3dd7e23825458', '99', '1', 'MyApp', '[]', '0', '2019-09-25 10:33:58', '2019-09-25 10:33:58', '2020-09-25 10:33:58');
INSERT INTO `oauth_access_tokens` VALUES ('42c48fa2806309a377dbeb17788cf0510704466e7b10bd4f951f583a5590bb61b94be1c7051715c9', '70', '1', 'MyApp', '[]', '0', '2019-09-25 09:26:09', '2019-09-25 09:26:09', '2020-09-25 09:26:09');
INSERT INTO `oauth_access_tokens` VALUES ('42d319983295dea830ab9f9ff42f22900d95824c6fa443b9c9f0211d65ad160caa3f5f70c53eddac', '19', '1', 'MyApp', '[]', '0', '2019-08-19 13:22:51', '2019-08-19 13:22:51', '2020-08-19 13:22:51');
INSERT INTO `oauth_access_tokens` VALUES ('4317156ee85df951674b71ed1cd071b4f69189f3e3de674f93326c48f17335eadd4a1cf12c082f55', '32', '1', 'MyApp', '[]', '0', '2019-08-08 15:04:47', '2019-08-08 15:04:47', '2020-08-08 15:04:47');
INSERT INTO `oauth_access_tokens` VALUES ('436a9c5b13f78a4c0d9d542000309af7d2c6a1c26c09a2a553c9d316139e0a502a22c56a3a109b3c', '5', '1', 'MyApp', '[]', '0', '2019-05-30 10:11:22', '2019-05-30 10:11:22', '2020-05-30 10:11:22');
INSERT INTO `oauth_access_tokens` VALUES ('43cdc178568374f29485923e445df428e42e6ce048129cd68e94773ba4ec5cc85ec93edeba064b84', '15', '1', 'MyApp', '[]', '0', '2019-09-05 12:57:10', '2019-09-05 12:57:10', '2020-09-05 12:57:10');
INSERT INTO `oauth_access_tokens` VALUES ('441b0d0dd7fdaaea6a555f67c4975a35e87349e8cae0eda1c0c321f583fb5efbc5e1cba1ba7d5e29', '110', '1', 'MyApp', '[]', '0', '2019-11-14 12:37:12', '2019-11-14 12:37:12', '2020-11-14 12:37:12');
INSERT INTO `oauth_access_tokens` VALUES ('444b624506512d6c839349d6fd4b8fa84307ff699210ca055475ee217d15a48122d8f3555d76386e', '29', '1', 'MyApp', '[]', '0', '2019-08-08 15:54:17', '2019-08-08 15:54:17', '2020-08-08 15:54:17');
INSERT INTO `oauth_access_tokens` VALUES ('44a38c2697c9ad5ede24981fb94eaa1eaecfd13f05c63cf8ea9939b28eacb670b7b237820cb638df', '15', '1', 'MyApp', '[]', '0', '2019-08-19 13:58:14', '2019-08-19 13:58:14', '2020-08-19 13:58:14');
INSERT INTO `oauth_access_tokens` VALUES ('44cd6b9ba47f321bcee91ee3fe52fdc5924d3a0a758a2d0a51313734e272983cd38cd6157f0108e7', '112', '1', 'MyApp', '[]', '0', '2019-11-05 14:55:57', '2019-11-05 14:55:57', '2020-11-05 14:55:57');
INSERT INTO `oauth_access_tokens` VALUES ('44d0c4904c8e3706597cfe95d0950b3a526577b942fcf0a7cd159820ac261b9e603fdb7a0f13b5e0', '109', '1', 'MyApp', '[]', '0', '2019-10-24 12:21:33', '2019-10-24 12:21:33', '2020-10-24 12:21:33');
INSERT INTO `oauth_access_tokens` VALUES ('452df637976599ad9215a8efaa363a482e60b9ba5ac0765c9499b24eb7f3520a325058093910873a', '109', '1', 'MyApp', '[]', '0', '2019-11-05 13:40:13', '2019-11-05 13:40:13', '2020-11-05 13:40:13');
INSERT INTO `oauth_access_tokens` VALUES ('454556eb9b1ca8c55678b3d5d836d12af6d69d1e3681c107f80a2fb73ef98bbc273e56b85a2d33cb', '15', '1', 'MyApp', '[]', '0', '2019-09-02 10:24:00', '2019-09-02 10:24:00', '2020-09-02 10:24:00');
INSERT INTO `oauth_access_tokens` VALUES ('454980fbd75516dfb5ceb1f22435bb26547700d18bb7ac9cd07564221dede9b168aca9fef9aaaf0e', '112', '1', 'MyApp', '[]', '0', '2019-10-24 18:38:57', '2019-10-24 18:38:57', '2020-10-24 18:38:57');
INSERT INTO `oauth_access_tokens` VALUES ('456a614899f97aaec2e81e6a560256bd0abbd285125c3f6a07abc5c44eecb19b70dd27b4e29cc150', '15', '1', 'MyApp', '[]', '0', '2019-09-04 11:57:03', '2019-09-04 11:57:03', '2020-09-04 11:57:03');
INSERT INTO `oauth_access_tokens` VALUES ('459f5cb598393df261b492f5c152b2d231bbce1ab5c964650020553e990d7a1ae40ebacd52cfd627', '29', '1', 'MyApp', '[]', '0', '2019-09-18 07:44:27', '2019-09-18 07:44:27', '2020-09-18 07:44:27');
INSERT INTO `oauth_access_tokens` VALUES ('45b0225362a6823e74b6bb612bdb41503e3b0a51f5b3365747c052dbeec776e42ff0aa42f6e356f5', '50', '1', 'MyApp', '[]', '0', '2019-08-25 14:07:00', '2019-08-25 14:07:00', '2020-08-25 14:06:59');
INSERT INTO `oauth_access_tokens` VALUES ('46100b647fbf09319aa4f5e13fdfbca77ddd8097c0f82a7ce9666290145a0c759c227cc23d98a40a', '15', '1', 'MyApp', '[]', '0', '2019-08-19 13:30:58', '2019-08-19 13:30:58', '2020-08-19 13:30:58');
INSERT INTO `oauth_access_tokens` VALUES ('463f5ee9ec6515774aabcce318557a09234a8b812388cb250e10e8cd6b7bd721c761876c2c3d0740', '129', '1', 'MyApp', '[]', '0', '2019-11-19 10:44:31', '2019-11-19 10:44:31', '2020-11-19 10:44:31');
INSERT INTO `oauth_access_tokens` VALUES ('466546a486716b66e9e04868381a4afeb7bab03310cdb58a8fb8acb685d6bed1aa643544ee45350b', '102', '1', 'MyApp', '[]', '0', '2019-10-22 09:26:01', '2019-10-22 09:26:01', '2020-10-22 09:26:01');
INSERT INTO `oauth_access_tokens` VALUES ('46c4c83fab3cdfc3a62bb4a3086d4bd484dac4d97f43eb02ecf32716b29756bfbb2a9632e43dca73', '29', '1', 'MyApp', '[]', '0', '2019-10-07 10:12:51', '2019-10-07 10:12:51', '2020-10-07 10:12:51');
INSERT INTO `oauth_access_tokens` VALUES ('4701d3b61ad9745ee26062ae803329fbe53185010bc64888884272b77b7d6aaa83780e737bb85ffd', '108', '1', 'MyApp', '[]', '0', '2019-10-23 14:32:59', '2019-10-23 14:32:59', '2020-10-23 14:32:59');
INSERT INTO `oauth_access_tokens` VALUES ('4732d15dc4e29b4549b498b0199d3add645aefd9d1b71b2386c55dbde9ed00698a04076bd340b60a', '19', '1', 'MyApp', '[]', '0', '2019-09-25 13:20:10', '2019-09-25 13:20:10', '2020-09-25 13:20:10');
INSERT INTO `oauth_access_tokens` VALUES ('474f3310975579574ac3fe6d9e8626ea403554a04924f05fc1dff8f8781ee0ce1d7c153308c371ec', '29', '1', 'MyApp', '[]', '0', '2019-08-11 22:54:11', '2019-08-11 22:54:11', '2020-08-11 22:54:11');
INSERT INTO `oauth_access_tokens` VALUES ('47789591d6090d732cf46eda29c7939bad1f72d917b058840100715d429263150b6b1b4ef309c6a1', '15', '1', 'MyApp', '[]', '0', '2019-09-22 15:08:36', '2019-09-22 15:08:36', '2020-09-22 15:08:36');
INSERT INTO `oauth_access_tokens` VALUES ('47c05186e31e3a60f69fb626b167793afef8d1fe39794be29e16b35da6feac0c5213fbef9959a083', '50', '1', 'MyApp', '[]', '0', '2019-08-20 10:49:40', '2019-08-20 10:49:40', '2020-08-20 10:49:40');
INSERT INTO `oauth_access_tokens` VALUES ('487550d3ac08263986907cc074914d8e16252bbdea148c4f96d63e2a948d3349c87efc9e05711ea2', null, '1', 'MyApp', '[]', '0', '2019-06-24 11:06:54', '2019-06-24 11:06:54', '2020-06-24 11:06:54');
INSERT INTO `oauth_access_tokens` VALUES ('4884222aeac8a18ab7d1130c980358deb11287a9d325b169ab4ef08636c5b7aca968a15824d4b397', '29', '1', 'MyApp', '[]', '0', '2019-08-27 15:34:14', '2019-08-27 15:34:14', '2020-08-27 15:34:14');
INSERT INTO `oauth_access_tokens` VALUES ('488bee4e2f8c4370cd68f2648cbd7bbe7eeb03444f947b8a9daece2cb7031641065f74953e4f5882', '15', '1', 'MyApp', '[]', '0', '2019-08-19 13:58:25', '2019-08-19 13:58:25', '2020-08-19 13:58:25');
INSERT INTO `oauth_access_tokens` VALUES ('48dcbd749f88ac5e0319caaf70e648f46462b3aa051c5ec183dcb873b770e011df5f8ea3b21d1303', '19', '1', 'MyApp', '[]', '0', '2019-10-17 16:23:52', '2019-10-17 16:23:52', '2020-10-17 16:23:52');
INSERT INTO `oauth_access_tokens` VALUES ('4952ed5ccf63809f1df2cc68a3d7d3f356ba6488e55e79273ef3232527e8677f049386e8751de2e9', '109', '1', 'MyApp', '[]', '0', '2019-11-21 12:48:22', '2019-11-21 12:48:22', '2020-11-21 12:48:22');
INSERT INTO `oauth_access_tokens` VALUES ('49fdf000ebca590726370be2691836897e9a362e70c578c20a497eb4f4054521747c73dcad60c36f', '112', '1', 'MyApp', '[]', '0', '2019-10-27 14:37:11', '2019-10-27 14:37:11', '2020-10-27 14:37:11');
INSERT INTO `oauth_access_tokens` VALUES ('4a66e00552bd560a823f2623d1469441b449fc518b052f679db79a1e3443040cc80215fa3ef93218', '19', '1', 'MyApp', '[]', '0', '2019-08-19 13:28:54', '2019-08-19 13:28:54', '2020-08-19 13:28:54');
INSERT INTO `oauth_access_tokens` VALUES ('4a79eec22d51d7638499086f34f9a88526d65461752b36a65577aad4b4c5cd7b9e527b74fa203eb6', '12', '1', 'MyApp', '[]', '0', '2019-10-16 14:07:48', '2019-10-16 14:07:48', '2020-10-16 14:07:48');
INSERT INTO `oauth_access_tokens` VALUES ('4aa597f0d411d6eb963126f54e1139a8a5392dd01fc9a03fc31edb94c20e777f040ad6af0730b44b', null, '1', 'MyApp', '[]', '0', '2019-06-24 09:16:58', '2019-06-24 09:16:58', '2020-06-24 09:16:58');
INSERT INTO `oauth_access_tokens` VALUES ('4ae6b57cf52b966ba1d868467e4a4b00a1947a29f117e81500d631bbde008ad0e848187af91d4e19', '109', '1', 'MyApp', '[]', '0', '2019-10-24 12:19:26', '2019-10-24 12:19:26', '2020-10-24 12:19:26');
INSERT INTO `oauth_access_tokens` VALUES ('4b0d9e761da7f1116530f5cd5d51559a7bfb94c23c8e97bc0080c64ed8a7761c89f72856e6e414a7', '19', '1', 'MyApp', '[]', '0', '2019-09-11 12:13:30', '2019-09-11 12:13:30', '2020-09-11 12:13:30');
INSERT INTO `oauth_access_tokens` VALUES ('4b4dccd958baa2c193ff59e04f162f411a34e8e1615e0b64e8fdb1a31dd2d3285278b25599518015', '95', '1', 'MyApp', '[]', '0', '2019-09-25 09:39:36', '2019-09-25 09:39:36', '2020-09-25 09:39:36');
INSERT INTO `oauth_access_tokens` VALUES ('4b56df7db93ed1aee800bf5d87b997e1113b149a2853d8e00208ee514554441ec159c868fee42e3d', '29', '1', 'MyApp', '[]', '0', '2019-10-14 15:33:53', '2019-10-14 15:33:53', '2020-10-14 15:33:53');
INSERT INTO `oauth_access_tokens` VALUES ('4b5fd0ab6abf0467d6a37c1e5cc9165b39beefe766e73d5f25d14df063dc82097da30a0d6034f8af', '19', '1', 'MyApp', '[]', '0', '2019-08-25 12:31:29', '2019-08-25 12:31:29', '2020-08-25 12:31:29');
INSERT INTO `oauth_access_tokens` VALUES ('4c822beff07b63a7975eadb4f068cc8523474b11913b4e394a8100442a145c50df302a9fca7ee2b4', '109', '1', 'MyApp', '[]', '0', '2019-11-05 13:42:33', '2019-11-05 13:42:33', '2020-11-05 13:42:33');
INSERT INTO `oauth_access_tokens` VALUES ('4c82361b581ff55a434a32766b5140caaa30a03b3c3ecfbc906ccfbc1ecd8457cac1fb257a86b6c2', '15', '1', 'MyApp', '[]', '0', '2019-08-19 14:08:37', '2019-08-19 14:08:37', '2020-08-19 14:08:37');
INSERT INTO `oauth_access_tokens` VALUES ('4cb8b523c65f4f9942c20056fc70430a27d320730cc16a77cef882f6603a70a85417221d49f558c0', '100', '1', 'MyApp', '[]', '0', '2019-09-26 11:46:12', '2019-09-26 11:46:12', '2020-09-26 11:46:12');
INSERT INTO `oauth_access_tokens` VALUES ('4cfb682151bb886f48e4e0feb156f78c839f4b1341291ec017500c904b27bbecafb791d8fa5c987c', '112', '1', 'MyApp', '[]', '0', '2019-10-30 10:46:48', '2019-10-30 10:46:48', '2020-10-30 10:46:48');
INSERT INTO `oauth_access_tokens` VALUES ('4dd4049138ea14aee8f7f232a03a727140e73ef7860add7d8c13989c147c07dd802dd4b546633bec', '41', '1', 'MyApp', '[]', '0', '2019-08-08 16:21:18', '2019-08-08 16:21:18', '2020-08-08 16:21:18');
INSERT INTO `oauth_access_tokens` VALUES ('4e506ec09b66b8e41e06884dd0a454a8cf4c9c9d2d14b3eff3b3f0db2087ea7fc3d0a8ed025759ca', '19', '1', 'MyApp', '[]', '0', '2019-10-07 13:28:44', '2019-10-07 13:28:44', '2020-10-07 13:28:44');
INSERT INTO `oauth_access_tokens` VALUES ('4e6859f5c49358a776dea219de26d72438be8c4e70477c3c0df5d68ac9c393a3c8629d70e3320df9', '15', '1', 'MyApp', '[]', '0', '2019-09-11 12:23:02', '2019-09-11 12:23:02', '2020-09-11 12:23:02');
INSERT INTO `oauth_access_tokens` VALUES ('4e6f0f6ddf966ea0d316c616a3fc57058c46e49637e99a743c787b688fd09251659e4cc344614332', '19', '1', 'MyApp', '[]', '0', '2019-10-09 11:13:44', '2019-10-09 11:13:44', '2020-10-09 11:13:44');
INSERT INTO `oauth_access_tokens` VALUES ('4eb206c8457549b2447e3396aee748d2981e9ab6a49028da2b22f970d8da99fb13372e4c0f8ece23', '111', '1', 'MyApp', '[]', '0', '2019-10-29 11:43:43', '2019-10-29 11:43:43', '2020-10-29 11:43:43');
INSERT INTO `oauth_access_tokens` VALUES ('4f2c80478739720381ecc691a337d19ebf27b2921081ae32d7faf1fe544502538cc57d1190f890fc', '15', '1', 'MyApp', '[]', '0', '2019-08-19 14:09:55', '2019-08-19 14:09:55', '2020-08-19 14:09:55');
INSERT INTO `oauth_access_tokens` VALUES ('500c29b6e17eb80001f503497e816d2303f38583801a89facf87b88e3ef1e919582c3b2499c43de8', '70', '1', 'MyApp', '[]', '0', '2019-09-24 15:44:02', '2019-09-24 15:44:02', '2020-09-24 15:44:02');
INSERT INTO `oauth_access_tokens` VALUES ('50cb7876fe1f3b81e9c2e0052c9be00b4edc80d7152995951f38d7836700304fdb96879588224053', '29', '1', 'MyApp', '[]', '0', '2019-08-08 16:00:22', '2019-08-08 16:00:22', '2020-08-08 16:00:22');
INSERT INTO `oauth_access_tokens` VALUES ('50e48e91058e225fee69ca00b6e33e58db90285175fd8888994708dffe4e48eea4cfe009e41ab6b3', '29', '1', 'MyApp', '[]', '0', '2019-09-24 11:43:10', '2019-09-24 11:43:10', '2020-09-24 11:43:10');
INSERT INTO `oauth_access_tokens` VALUES ('5117adc770e0f3de19caf2746f4b5984ad54151b7d07a4f9d194f22763c80586d3772cfabfd8e4d6', '19', '1', 'MyApp', '[]', '0', '2019-08-19 13:25:52', '2019-08-19 13:25:52', '2020-08-19 13:25:52');
INSERT INTO `oauth_access_tokens` VALUES ('512dc7132e66e1983d17272844cf75f20eea2c6ef0c973c5eac674c2cf42e7a2252cb436a8f891f1', '29', '1', 'MyApp', '[]', '0', '2019-08-27 15:27:09', '2019-08-27 15:27:09', '2020-08-27 15:27:09');
INSERT INTO `oauth_access_tokens` VALUES ('5159e9e93eeb8aa565e4b10542ab0f52f4879548bc490e36a5d4bb6470c9ae0c0ec4fec74784d8a1', '102', '1', 'MyApp', '[]', '0', '2019-10-15 00:07:04', '2019-10-15 00:07:04', '2020-10-15 00:07:04');
INSERT INTO `oauth_access_tokens` VALUES ('5187e186d7704e76f59f4a0c85ae7ac6b6c9c1ab04e0a7e626e195c35b169af5e8d3c75d30e01540', '29', '1', 'MyApp', '[]', '0', '2019-08-28 19:36:57', '2019-08-28 19:36:57', '2020-08-28 19:36:57');
INSERT INTO `oauth_access_tokens` VALUES ('518e282681d9edd43d5cd259df12eb70b67bf8db78b6f567963a8e8c07bb9874b2e04f245ced1260', '110', '1', 'MyApp', '[]', '0', '2019-10-31 11:41:18', '2019-10-31 11:41:18', '2020-10-31 11:41:18');
INSERT INTO `oauth_access_tokens` VALUES ('51d23b79de79e874708d72d71601abcb78eb46d9f10616e6176beda025db87c46fa5807693b1e929', '109', '1', 'MyApp', '[]', '0', '2019-10-23 15:40:26', '2019-10-23 15:40:26', '2020-10-23 15:40:26');
INSERT INTO `oauth_access_tokens` VALUES ('51d60cb8b1dbfc85fb1c300ba5680051e0fe89b6ba14e5f4db3dea4f0c5bec70bb0a6cc7b504271b', '19', '1', 'MyApp', '[]', '0', '2019-10-03 10:43:12', '2019-10-03 10:43:12', '2020-10-03 10:43:12');
INSERT INTO `oauth_access_tokens` VALUES ('51df9b55231f1751da25cee791511181784b2a86f1d20982fbaf2ed9f318c910ef787342fb23bdf8', '15', '1', 'MyApp', '[]', '0', '2019-08-19 13:29:56', '2019-08-19 13:29:56', '2020-08-19 13:29:56');
INSERT INTO `oauth_access_tokens` VALUES ('51e60d6833ab109af978d59a06d0fba4f784ebd8a4431aaceed5681c5579a409674703b62ca1ade6', '19', '1', 'MyApp', '[]', '0', '2019-09-11 16:14:40', '2019-09-11 16:14:40', '2020-09-11 16:14:40');
INSERT INTO `oauth_access_tokens` VALUES ('52230421d08bd44edc1997b65043ee82d4797b01c349fc651e2298d75037f55a1784332e9faebc86', '29', '1', 'MyApp', '[]', '0', '2019-09-15 11:45:11', '2019-09-15 11:45:11', '2020-09-15 11:45:11');
INSERT INTO `oauth_access_tokens` VALUES ('524c099d50bd1981c9b2e5095eb0213356d2e07095cd431745d3e96f93a2f1dccadc61f24e9d077d', '29', '1', 'MyApp', '[]', '0', '2019-09-18 14:51:12', '2019-09-18 14:51:12', '2020-09-18 14:51:12');
INSERT INTO `oauth_access_tokens` VALUES ('52b116d3ce7237b98e7f908672b8627e9db301b81f9e1708f1d47a0d676375886b2f82ce4ad8e10c', null, '1', 'MyApp', '[]', '0', '2019-06-24 10:22:53', '2019-06-24 10:22:53', '2020-06-24 10:22:53');
INSERT INTO `oauth_access_tokens` VALUES ('52d8050ea31766df8842e8b83481bfbe573ccc3386e900ae1185682fee6cf9b19ea6a30de744fc76', '128', '1', 'MyApp', '[]', '0', '2019-11-12 17:28:42', '2019-11-12 17:28:42', '2020-11-12 17:28:42');
INSERT INTO `oauth_access_tokens` VALUES ('53346741e6fccf19baef36775b90c7cc584bb9c57797fd8f86a969423b7d7cc0efe94d5ccf5cad3f', '30', '1', 'MyApp', '[]', '0', '2019-08-28 13:03:39', '2019-08-28 13:03:39', '2020-08-28 13:03:39');
INSERT INTO `oauth_access_tokens` VALUES ('53948b8f40566ed56b823c8b05f0c2d0713927174b13f9e5e7f00d90261dcdf10ba52eb88025e84b', '15', '1', 'MyApp', '[]', '0', '2019-09-11 14:50:48', '2019-09-11 14:50:48', '2020-09-11 14:50:48');
INSERT INTO `oauth_access_tokens` VALUES ('53dafb3faf2ad53d6fada1796dbc3f76257247d3582de3d1230d8ad014df0380b123a619b300e0ef', '32', '1', 'MyApp', '[]', '0', '2019-09-01 07:17:22', '2019-09-01 07:17:22', '2020-09-01 07:17:22');
INSERT INTO `oauth_access_tokens` VALUES ('53f4dc1cae978ba7e956967d89853cc29c4b9a919783509803517cff8dc79176c50d88baa6b9031d', '19', '1', 'MyApp', '[]', '0', '2019-08-27 08:27:12', '2019-08-27 08:27:12', '2020-08-27 08:27:12');
INSERT INTO `oauth_access_tokens` VALUES ('53fff4570be2482a4801f90b50e3e1311f3d3c35346fd861f9f17ab058b5b750bdc8bbf295fdf8f9', '19', '1', 'MyApp', '[]', '0', '2019-08-26 16:24:27', '2019-08-26 16:24:27', '2020-08-26 16:24:27');
INSERT INTO `oauth_access_tokens` VALUES ('5408f21778b25fda4b316c231505f5b8b1faf44e04452d92b54ce6395a7029a60591480f9bb83596', '5', '1', 'MyApp', '[]', '0', '2019-07-10 11:09:46', '2019-07-10 11:09:46', '2020-07-10 11:09:46');
INSERT INTO `oauth_access_tokens` VALUES ('5417cf410851fb83b21abb6eb6896e8aaca2d68e38efed78b383d34db4fad6a371f8da7039d5d209', '19', '1', 'MyApp', '[]', '0', '2019-09-18 09:34:28', '2019-09-18 09:34:28', '2020-09-18 09:34:28');
INSERT INTO `oauth_access_tokens` VALUES ('543673f0591ceec12fed3ce7b532f1fc1edf4dc4b0a65a08a37a70ecff872e289a860c15021f8589', '19', '1', 'MyApp', '[]', '0', '2019-08-19 13:22:31', '2019-08-19 13:22:31', '2020-08-19 13:22:31');
INSERT INTO `oauth_access_tokens` VALUES ('54611d5d1994f53cec95e1b31c456b34905d25ed470e8f2c5f0a0c45519f3d46f5291cb5b3261131', '19', '1', 'MyApp', '[]', '0', '2019-09-15 14:11:45', '2019-09-15 14:11:45', '2020-09-15 14:11:45');
INSERT INTO `oauth_access_tokens` VALUES ('546d2f6e4c078f078e0dbce2bcc533474dddb3aefd6a93ad0a499e8b51df8a31caf0e58c7fc116bb', '30', '1', 'MyApp', '[]', '0', '2019-08-26 12:11:03', '2019-08-26 12:11:03', '2020-08-26 12:11:03');
INSERT INTO `oauth_access_tokens` VALUES ('54863f97db13adf72ba0780ddd6080b7cce7bb6b26da5a7cdc65436a341e39584da1842b008308b5', '29', '1', 'MyApp', '[]', '0', '2019-09-25 15:50:44', '2019-09-25 15:50:44', '2020-09-25 15:50:44');
INSERT INTO `oauth_access_tokens` VALUES ('5486cc8eafb00094783e57628dc5ea6fcd1a014f8f1a575764cbdae8a74421e210457e186a23206c', '110', '1', 'MyApp', '[]', '0', '2019-10-31 11:46:15', '2019-10-31 11:46:15', '2020-10-31 11:46:15');
INSERT INTO `oauth_access_tokens` VALUES ('550132c8ee57aed0c1a5c9a455161aa0cb3928b80201470756dc0a867036e56acea83f35260a83ac', '15', '1', 'MyApp', '[]', '0', '2019-09-25 13:22:42', '2019-09-25 13:22:42', '2020-09-25 13:22:42');
INSERT INTO `oauth_access_tokens` VALUES ('552ec96dcf6b73c0e44118ae01188fc1f30a4bc17ae38bf7edcda6f8573c0ec138d7441488d90ffd', '12', '1', 'MyApp', '[]', '0', '2019-06-11 13:44:16', '2019-06-11 13:44:16', '2020-06-11 13:44:16');
INSERT INTO `oauth_access_tokens` VALUES ('555f1c288e42b6c1580dcd585bbafa6119760e7cfbd132291658c3dcf1694da03082c679163750ac', '19', '1', 'MyApp', '[]', '0', '2019-09-30 10:43:26', '2019-09-30 10:43:26', '2020-09-30 10:43:26');
INSERT INTO `oauth_access_tokens` VALUES ('5599a96baef3abfbafde3938308eaf6ee1a975679775c52d508a58e9cc274c8e7e8b04e2eefe170c', '19', '1', 'MyApp', '[]', '0', '2019-09-16 11:22:21', '2019-09-16 11:22:21', '2020-09-16 11:22:21');
INSERT INTO `oauth_access_tokens` VALUES ('559ce6b27f4ed5578ba69973d659ed2f96e974dd393ffb9fcf0f1058d1dd06b9780af4afbbb6820d', '97', '1', 'MyApp', '[]', '0', '2019-09-25 09:51:07', '2019-09-25 09:51:07', '2020-09-25 09:51:07');
INSERT INTO `oauth_access_tokens` VALUES ('55bb64b5dec53a641df2142dcf71f3ef59930224283513308c7bfd31c7ae8fee6e61b27574476fbf', '128', '1', 'MyApp', '[]', '0', '2019-11-24 13:18:18', '2019-11-24 13:18:18', '2020-11-24 13:18:18');
INSERT INTO `oauth_access_tokens` VALUES ('55d82edd12b2a9eba1cfdb82a661db388287f7486d657dc67fad68b3441e8be92f0b381501f84892', '15', '1', 'MyApp', '[]', '0', '2019-09-11 12:26:39', '2019-09-11 12:26:39', '2020-09-11 12:26:39');
INSERT INTO `oauth_access_tokens` VALUES ('560da8bd98f083bbd023a98b91b95f50df83dc776d73b4ec31bbc7963928b371885b1fc608467acf', '29', '1', 'MyApp', '[]', '0', '2019-10-15 08:17:24', '2019-10-15 08:17:24', '2020-10-15 08:17:24');
INSERT INTO `oauth_access_tokens` VALUES ('5620e225b9922cb8fe387fe79f28d704cbcd7f5d5cede5a327776ec3f501ac59f85aff90976eb4fc', '109', '1', 'MyApp', '[]', '0', '2019-10-24 12:50:12', '2019-10-24 12:50:12', '2020-10-24 12:50:12');
INSERT INTO `oauth_access_tokens` VALUES ('5629cab59b81e1468c1bcc1cb4a876b254939a72583c444c84bfc82282bb1fcf34b0b7ab17f9eea3', '127', '1', 'MyApp', '[]', '0', '2019-10-31 11:56:10', '2019-10-31 11:56:10', '2020-10-31 11:56:10');
INSERT INTO `oauth_access_tokens` VALUES ('56426717e65bc61dc612ac54ddec15afbb0a0eaa0fe1e531ab662c36bd87cef1ca4538920d9a1f15', '66', '1', 'MyApp', '[]', '0', '2019-09-24 10:21:56', '2019-09-24 10:21:56', '2020-09-24 10:21:56');
INSERT INTO `oauth_access_tokens` VALUES ('56b1e7029a9479cc0886b4fd8a1ac4b2d55ed5fffc8564f6edda19ab74487ceaee02376f9e9e6aa8', '109', '1', 'MyApp', '[]', '0', '2019-10-29 22:11:26', '2019-10-29 22:11:26', '2020-10-29 22:11:26');
INSERT INTO `oauth_access_tokens` VALUES ('56d990e8187f36ea5f6729ff3f3686480b2426023822e49ce708c0c64b3ad78a365d5ddeb0205290', '9', '1', 'MyApp', '[]', '0', '2019-05-30 10:15:52', '2019-05-30 10:15:52', '2020-05-30 10:15:52');
INSERT INTO `oauth_access_tokens` VALUES ('570562f072f0638702b734daa03f514862d03a652062cbe1559ba0b761d72cb6c26617a37d432e2d', '23', '1', 'MyApp', '[]', '0', '2019-06-25 13:41:44', '2019-06-25 13:41:44', '2020-06-25 13:41:44');
INSERT INTO `oauth_access_tokens` VALUES ('570b398f323451cb14bdd092826347e5d04d03f4d3b2273251e17aa4cada4f34e594df5d3b86fe8e', '15', '1', 'MyApp', '[]', '0', '2019-08-19 14:04:30', '2019-08-19 14:04:30', '2020-08-19 14:04:30');
INSERT INTO `oauth_access_tokens` VALUES ('57552ef892aba44191ad18bb0c94ee2e8a68260cc8ea75b0ac3a9c47e9bd0142322f45da7e8c3c20', '15', '1', 'MyApp', '[]', '0', '2019-09-04 11:45:24', '2019-09-04 11:45:24', '2020-09-04 11:45:24');
INSERT INTO `oauth_access_tokens` VALUES ('57a3d19d6da4d6100171b87e619848da90913906188c334ee0e1049acacf99b131f4de0a768d8b36', '19', '1', 'MyApp', '[]', '0', '2019-08-19 13:23:12', '2019-08-19 13:23:12', '2020-08-19 13:23:12');
INSERT INTO `oauth_access_tokens` VALUES ('57e29baa56822818b06b7a1f19624f851b7d1eb4c3ac70316cd15881379ce4e0718c5888740fb40f', '102', '1', 'MyApp', '[]', '0', '2019-10-15 00:06:40', '2019-10-15 00:06:40', '2020-10-15 00:06:40');
INSERT INTO `oauth_access_tokens` VALUES ('57f1d2718734fe792afdb15c0eb1f5419c1231713d15a4911a6c9c10b521879e245204205c36eb28', '5', '1', 'MyApp', '[]', '0', '2019-09-04 15:06:14', '2019-09-04 15:06:14', '2020-09-04 15:06:14');
INSERT INTO `oauth_access_tokens` VALUES ('57f7a5932a5f7ef6e502bee8813151d5f29f8eedce6367fd961fbbb5de5b3ca900e7c2c4f9ea1e11', '19', '1', 'MyApp', '[]', '0', '2019-09-25 13:23:30', '2019-09-25 13:23:30', '2020-09-25 13:23:30');
INSERT INTO `oauth_access_tokens` VALUES ('5816e08c9c4a6ab8a77137e9deb0abf1ae3c90c48864e8223ea24178c3152637272ee96fa9952dfc', '19', '1', 'MyApp', '[]', '0', '2019-08-19 13:22:32', '2019-08-19 13:22:32', '2020-08-19 13:22:32');
INSERT INTO `oauth_access_tokens` VALUES ('584c5a3d9533cda8117e8000311e6d205564e43094dfa81cf0c1035c5c471c4975aab017b81c66c3', '110', '1', 'MyApp', '[]', '0', '2019-11-12 13:02:13', '2019-11-12 13:02:13', '2020-11-12 13:02:13');
INSERT INTO `oauth_access_tokens` VALUES ('584d4c9e5f73e08916b496dac15f5c49686e8d5419e1b2e75eb0b6ca908484f8bf36961fb2aabc0f', '109', '1', 'MyApp', '[]', '0', '2019-11-05 13:40:10', '2019-11-05 13:40:10', '2020-11-05 13:40:10');
INSERT INTO `oauth_access_tokens` VALUES ('585378127e3366ef189e413119a2f62a96d02695f1d587e3c0f440c6b7ee9d1eef367c91888d0266', '19', '1', 'MyApp', '[]', '0', '2019-10-07 09:38:51', '2019-10-07 09:38:51', '2020-10-07 09:38:51');
INSERT INTO `oauth_access_tokens` VALUES ('588e47c6f08f20eb437a18067cb7ac7446f7acc08a74550ee2d9b5565148b7cc16be8e7fb2ab8bda', '15', '1', 'MyApp', '[]', '0', '2019-08-19 13:58:08', '2019-08-19 13:58:08', '2020-08-19 13:58:08');
INSERT INTO `oauth_access_tokens` VALUES ('588f35569b3122d9118396237b29114a6d4d5037533e121c462f58c9e7ed4ba56934e5bd10c1adbb', '15', '1', 'MyApp', '[]', '0', '2019-08-19 14:09:26', '2019-08-19 14:09:26', '2020-08-19 14:09:26');
INSERT INTO `oauth_access_tokens` VALUES ('58c954e15706a7913b4d4c97bbfde42b7db6f68369d757b3d2974a7e81fb97667c13f17307ac10ee', '19', '1', 'MyApp', '[]', '0', '2019-08-26 13:32:31', '2019-08-26 13:32:31', '2020-08-26 13:32:31');
INSERT INTO `oauth_access_tokens` VALUES ('58eca2e791a72f16b5802bc9694f74f604f1c2273fcc553365bc18efdd35eba9bef3609eec02a7c0', '29', '1', 'MyApp', '[]', '0', '2019-08-21 15:54:36', '2019-08-21 15:54:36', '2020-08-21 15:54:36');
INSERT INTO `oauth_access_tokens` VALUES ('58f1068577a0a2562179fb63d7eed6ecd57f1d04627889e0c6cbc717199b2f36cd0450b402bcce81', '111', '1', 'MyApp', '[]', '0', '2019-11-05 12:30:35', '2019-11-05 12:30:35', '2020-11-05 12:30:35');
INSERT INTO `oauth_access_tokens` VALUES ('58f32b827e0301f0d69263f80d5d2e1f56829ad3e1a8eb7d9fbbf725e924365fa44342be48eb8e20', '19', '1', 'MyApp', '[]', '0', '2019-09-25 13:23:42', '2019-09-25 13:23:42', '2020-09-25 13:23:42');
INSERT INTO `oauth_access_tokens` VALUES ('5901fb9b24892f79943bb8191887e971dd4f5f1d7ba74f6d8fad94b4ff4d1a35a76e3d1e1bbe479d', '5', '1', 'MyApp', '[]', '0', '2019-10-03 11:52:12', '2019-10-03 11:52:12', '2020-10-03 11:52:12');
INSERT INTO `oauth_access_tokens` VALUES ('593376d92adef63d5e2965e9885a29348b3ad1304c559bbb7317e58fbea6ac7fe32576e6fdd2cdeb', '15', '1', 'MyApp', '[]', '0', '2019-09-03 09:59:46', '2019-09-03 09:59:46', '2020-09-03 09:59:46');
INSERT INTO `oauth_access_tokens` VALUES ('594a5fb7fb4c4d9909acfcf092f76878b221395b4f63887fd1c3d78e165486cf318e20a37b798939', '108', '1', 'MyApp', '[]', '0', '2019-10-23 14:50:55', '2019-10-23 14:50:55', '2020-10-23 14:50:55');
INSERT INTO `oauth_access_tokens` VALUES ('598f37889b69dd76a5728d65c670e6afdaa26c47c1f2c88c6b92ac792177011fdb5cd698f549bba4', '109', '1', 'MyApp', '[]', '0', '2019-10-25 21:57:21', '2019-10-25 21:57:21', '2020-10-25 21:57:21');
INSERT INTO `oauth_access_tokens` VALUES ('599929f1c185c96fc615157a326337ab33f16a460738d965662ca10c15f8fb53dde8dc1e087d2b88', '64', '1', 'MyApp', '[]', '0', '2019-09-24 15:48:24', '2019-09-24 15:48:24', '2020-09-24 15:48:24');
INSERT INTO `oauth_access_tokens` VALUES ('59c29a5166b5ec898d63c5cd8e318cf7bc1c67a5609c0ebdb6cf62ae4173ef87e0ae7650d594e0af', '12', '1', 'MyApp', '[]', '0', '2019-06-16 13:14:36', '2019-06-16 13:14:36', '2020-06-16 13:14:36');
INSERT INTO `oauth_access_tokens` VALUES ('59d7628aa0eb87696c0ba983154be3143ee6daf3bfa27debc14fd41bb07789e37908af242738d1a5', '15', '1', 'MyApp', '[]', '0', '2019-09-04 11:32:35', '2019-09-04 11:32:35', '2020-09-04 11:32:35');
INSERT INTO `oauth_access_tokens` VALUES ('59d7ce825f25b631e35462892904bee3242faa3c4a52b62c8ca20b77af1069cde9431dec51af89e7', '19', '1', 'MyApp', '[]', '0', '2019-09-24 14:06:12', '2019-09-24 14:06:12', '2020-09-24 14:06:12');
INSERT INTO `oauth_access_tokens` VALUES ('59db2c40b83a4bd1ce66f9a411b7ce8970a58fa898f478d16147d16dcffc74032e2c6ba06fbb80a1', '5', '1', 'MyApp', '[]', '0', '2019-10-13 09:43:26', '2019-10-13 09:43:26', '2020-10-13 09:43:26');
INSERT INTO `oauth_access_tokens` VALUES ('59dbcd297b3daef1710ed65c82445ca8f0e0141593590efe2d9a76d4d9c3eb2db438d8f2a0c77aea', '19', '1', 'MyApp', '[]', '0', '2019-08-19 13:26:42', '2019-08-19 13:26:42', '2020-08-19 13:26:42');
INSERT INTO `oauth_access_tokens` VALUES ('5a235a22ffb9894db95b3877ac6766fc5f19adff82c571562d9be8af37c4e0ce4fa37f6cede4f935', '102', '1', 'MyApp', '[]', '0', '2019-10-22 08:06:56', '2019-10-22 08:06:56', '2020-10-22 08:06:56');
INSERT INTO `oauth_access_tokens` VALUES ('5a53d06b161d68cbd51f29a551fec67d055d00baa6cd7375fb72dd9a7f81e87d455eec4178810d17', '15', '1', 'MyApp', '[]', '0', '2019-08-19 13:58:24', '2019-08-19 13:58:24', '2020-08-19 13:58:24');
INSERT INTO `oauth_access_tokens` VALUES ('5a54fd0a2a01aa5b41d821587690d5227e98f6351174ec14b0de4fba293c0e099563b234aec1bb7c', '15', '1', 'MyApp', '[]', '0', '2019-08-19 13:58:57', '2019-08-19 13:58:57', '2020-08-19 13:58:57');
INSERT INTO `oauth_access_tokens` VALUES ('5a5baafddb2bfbe5f99b02d434f5f04f1bf8f23583ea41d9e504bee2eac4a9afd5b3c5b6f1570958', '128', '1', 'MyApp', '[]', '0', '2019-11-21 11:22:27', '2019-11-21 11:22:27', '2020-11-21 11:22:27');
INSERT INTO `oauth_access_tokens` VALUES ('5a670be137eec253856a4485e41bf8682159a250bf5d47e3c4dff97f514522ad80665b2074e94bc3', '29', '1', 'MyApp', '[]', '0', '2019-08-18 09:00:08', '2019-08-18 09:00:08', '2020-08-18 09:00:08');
INSERT INTO `oauth_access_tokens` VALUES ('5a7aeee3aa5f9ceffeccf21b2a304878432903128cbc742908a2dd0cce714b29006f811bcc319d70', '29', '1', 'MyApp', '[]', '0', '2019-10-07 09:25:32', '2019-10-07 09:25:32', '2020-10-07 09:25:32');
INSERT INTO `oauth_access_tokens` VALUES ('5b4051103339f2d801344594e21195f5dbed747169678eed94a5ff39a4d2d8ee1cbfc3560f7ad0ad', '112', '1', 'MyApp', '[]', '0', '2019-10-30 10:50:35', '2019-10-30 10:50:35', '2020-10-30 10:50:35');
INSERT INTO `oauth_access_tokens` VALUES ('5b412c953d2018138d7d66e7dea4e7f6e2bd0dc6ad7e66d3ea5ab5053e5c652c65a5334cf6c01e6c', '19', '1', 'MyApp', '[]', '0', '2019-09-25 13:19:58', '2019-09-25 13:19:58', '2020-09-25 13:19:58');
INSERT INTO `oauth_access_tokens` VALUES ('5b60c1f906666187d31243992ddcec41944bbad3616761c738e23893f91f24debb7be92cb83850e9', '19', '1', 'MyApp', '[]', '0', '2019-09-25 13:22:46', '2019-09-25 13:22:46', '2020-09-25 13:22:46');
INSERT INTO `oauth_access_tokens` VALUES ('5b85e98910577355b118126ef3a50a8a9dc00665ea0b95042586ab315114fc6b38dbb8287145b06a', '19', '1', 'MyApp', '[]', '0', '2019-09-11 13:15:06', '2019-09-11 13:15:06', '2020-09-11 13:15:06');
INSERT INTO `oauth_access_tokens` VALUES ('5ba0bb7a7628bc005493243a68589b806a01d3e455f725b3d3c3b08020b16a18de3cd0f0fb0f483e', '122', '1', 'MyApp', '[]', '0', '2019-10-30 15:40:12', '2019-10-30 15:40:12', '2020-10-30 15:40:12');
INSERT INTO `oauth_access_tokens` VALUES ('5bb18bd58f36338153783ec415df82c9e9de0613cc0051f7cb2b12ef42f8f514eb915b4fb1fbb9af', '15', '1', 'MyApp', '[]', '0', '2019-09-04 12:45:51', '2019-09-04 12:45:51', '2020-09-04 12:45:51');
INSERT INTO `oauth_access_tokens` VALUES ('5bb582efb392f75ef9c5f20b2c26dbfd57d1c5f82205dd91a2774e6ab1d537cecfb6ad30c72e5437', '5', '1', 'MyApp', '[]', '0', '2019-09-18 08:57:45', '2019-09-18 08:57:45', '2020-09-18 08:57:45');
INSERT INTO `oauth_access_tokens` VALUES ('5bcae46b952741220d06ce5866be7bb167906307b793db899b42e2eb7496619c530c5a0dd7629857', '68', '1', 'MyApp', '[]', '0', '2019-09-24 15:19:59', '2019-09-24 15:19:59', '2020-09-24 15:19:59');
INSERT INTO `oauth_access_tokens` VALUES ('5be7742f630e91f234ecae2f93cfbc94b086bff25b648ab65ba2212b599f2b080510e10e386fe566', '19', '1', 'MyApp', '[]', '0', '2019-09-23 15:02:42', '2019-09-23 15:02:42', '2020-09-23 15:02:42');
INSERT INTO `oauth_access_tokens` VALUES ('5bfcda394cd88e7fa9fd42ae5a2b27d3e67a24c55ce92e70a89c2674beddd5447fb957cc6bc2ed61', '29', '1', 'MyApp', '[]', '0', '2019-09-24 10:51:22', '2019-09-24 10:51:22', '2020-09-24 10:51:22');
INSERT INTO `oauth_access_tokens` VALUES ('5bff5d8f47f4a8144723382bd27d0085b222b4a8c61beac0adced95f8131c7406d960b40a211eac6', '29', '1', 'MyApp', '[]', '0', '2019-08-29 13:32:15', '2019-08-29 13:32:15', '2020-08-29 13:32:15');
INSERT INTO `oauth_access_tokens` VALUES ('5c17b776e9da3a67714595ad8173bc81e2ab4e4b484c19f086753f244dddc1cc19d2adef2c39ba27', '19', '1', 'MyApp', '[]', '0', '2019-09-25 13:20:50', '2019-09-25 13:20:50', '2020-09-25 13:20:50');
INSERT INTO `oauth_access_tokens` VALUES ('5c1cfd1ea625a8ae9ef245950ff327f57747d44852c8a65f0539962b4305b0f21190c4e0e39b5ee7', '15', '1', 'MyApp', '[]', '0', '2019-08-19 13:29:53', '2019-08-19 13:29:53', '2020-08-19 13:29:53');
INSERT INTO `oauth_access_tokens` VALUES ('5c5ddad6715244249329688006f75dc583a70eeea9aefdff7f1abe0d1894a5eaad659f003b2a8f01', '29', '1', 'MyApp', '[]', '0', '2019-08-18 13:30:08', '2019-08-18 13:30:08', '2020-08-18 13:30:08');
INSERT INTO `oauth_access_tokens` VALUES ('5c6362e1bf769594486c438188b4dc431f69e99f1e52eaf87dd562e749be46ff4e6366f38f5fa9d0', '5', '1', 'MyApp', '[]', '0', '2019-06-18 16:40:20', '2019-06-18 16:40:20', '2020-06-18 16:40:20');
INSERT INTO `oauth_access_tokens` VALUES ('5c63e639d7bf9dfc84a75652627244d380e3352a9b8da745748c8f9ccb72248b043d252b0dc915b1', '98', '1', 'MyApp', '[]', '0', '2019-09-25 10:05:22', '2019-09-25 10:05:22', '2020-09-25 10:05:22');
INSERT INTO `oauth_access_tokens` VALUES ('5c8e374f957d007b19d849d1724687b94cd1839c07f166b57eb3e3d63dc0b4ea50e5e1f6edb8d32c', '112', '1', 'MyApp', '[]', '0', '2019-10-30 15:51:17', '2019-10-30 15:51:17', '2020-10-30 15:51:17');
INSERT INTO `oauth_access_tokens` VALUES ('5c9b6563cbd52b84ea2f2bd1ade1dbe57b77f0f737148c7a045439772300a0886b05faec217786ce', '29', '1', 'MyApp', '[]', '0', '2019-08-26 16:15:46', '2019-08-26 16:15:46', '2020-08-26 16:15:46');
INSERT INTO `oauth_access_tokens` VALUES ('5cb763973d5ad1f5a6eb5ddba61691a09cd54bed20adc7ceca7e7c4178a22cf2910a695b514798dc', '29', '1', 'MyApp', '[]', '0', '2019-08-08 16:12:41', '2019-08-08 16:12:41', '2020-08-08 16:12:41');
INSERT INTO `oauth_access_tokens` VALUES ('5cead19d08affe95018041e4571f8c705fe6a4c8355cfada2da7f6a1e9f44c86feb49dc260d3972f', '109', '1', 'MyApp', '[]', '0', '2019-10-27 16:06:47', '2019-10-27 16:06:47', '2020-10-27 16:06:47');
INSERT INTO `oauth_access_tokens` VALUES ('5d2fbc3c520291872e4a51299ef604fd29986247cd18a4ef869e85d6ea3086aa49ba399f1764c131', '110', '1', 'MyApp', '[]', '0', '2019-10-29 14:59:15', '2019-10-29 14:59:15', '2020-10-29 14:59:15');
INSERT INTO `oauth_access_tokens` VALUES ('5d34d37498a7ad99ed55e5acf56a9c2dccd57307f1e5c87ce1f527bf59ba424e7d3f0d36790693d1', '15', '1', 'MyApp', '[]', '0', '2019-08-19 14:09:08', '2019-08-19 14:09:08', '2020-08-19 14:09:08');
INSERT INTO `oauth_access_tokens` VALUES ('5d5f8db454258c0d949bb01ae1ced41fec0d6dae8a19f1a5ee487732e73ff070775803c17f67e8da', '15', '1', 'MyApp', '[]', '0', '2019-06-25 09:36:22', '2019-06-25 09:36:22', '2020-06-25 09:36:22');
INSERT INTO `oauth_access_tokens` VALUES ('5d5fca9e80a957243912d18e7687b9b1c52db87ae3c97a1a28f52360a6d0fe25a80fa595818111c8', '15', '1', 'MyApp', '[]', '0', '2019-09-04 12:58:36', '2019-09-04 12:58:36', '2020-09-04 12:58:36');
INSERT INTO `oauth_access_tokens` VALUES ('5d76f634d71b1a36b57db78817a18ba8875693d0c551416f79ed12a00ef6c35d75c64120801f5dc8', '29', '1', 'MyApp', '[]', '0', '2019-08-08 15:22:14', '2019-08-08 15:22:14', '2020-08-08 15:22:14');
INSERT INTO `oauth_access_tokens` VALUES ('5d7e077c2a4fab06397ba9508054a796a166d46953d768a153440fcb82fbb535f4dff44b5283502a', '15', '1', 'MyApp', '[]', '0', '2019-09-04 12:20:45', '2019-09-04 12:20:45', '2020-09-04 12:20:45');
INSERT INTO `oauth_access_tokens` VALUES ('5e06b5696f8beca0d4b10cb6347370f39d5d7c8b315ed6a6399fe212bab6b84d94d29b0604aa7e11', '29', '1', 'MyApp', '[]', '0', '2019-08-26 14:33:35', '2019-08-26 14:33:35', '2020-08-26 14:33:35');
INSERT INTO `oauth_access_tokens` VALUES ('5e5a04c5771e8bfe37d17a7bef606f6fd1bc54767ee811e4da46710ef9562b0f5b02005fed312397', '19', '1', 'MyApp', '[]', '0', '2019-08-19 13:22:51', '2019-08-19 13:22:51', '2020-08-19 13:22:51');
INSERT INTO `oauth_access_tokens` VALUES ('5e5d4b82c780be465f4c465b00630d761b132cae8207a0e63461323dbebd6a0335927428d2f0db63', '19', '1', 'MyApp', '[]', '0', '2019-08-08 14:17:32', '2019-08-08 14:17:32', '2020-08-08 14:17:32');
INSERT INTO `oauth_access_tokens` VALUES ('5e767659ebf131261dfa2157bbf19fc4cf0c147bd48f0b03d8dcbc8f93fba350f9d1debe50c7cc48', '128', '1', 'MyApp', '[]', '0', '2019-11-24 16:55:58', '2019-11-24 16:55:58', '2020-11-24 16:55:58');
INSERT INTO `oauth_access_tokens` VALUES ('5eca260d850aa80096f19d14fa966cd8c9cd14326402f0f68142d776793171f8123da92e6db4be30', '5', '1', 'MyApp', '[]', '0', '2019-05-09 11:14:13', '2019-05-09 11:14:13', '2020-05-09 11:14:13');
INSERT INTO `oauth_access_tokens` VALUES ('5f34dbcb939c9b3c8734354d883eef7301f4a5f6aa573cc72d076c1579ef653a5837277a288eeacc', '29', '1', 'MyApp', '[]', '0', '2019-10-07 08:19:26', '2019-10-07 08:19:26', '2020-10-07 08:19:26');
INSERT INTO `oauth_access_tokens` VALUES ('5f3a3613d451a1fe5a0a8580aa8528c8ad7c0638073706331e93981a34d85d10f42f4ecb2a4ffdbd', '15', '1', 'MyApp', '[]', '0', '2019-09-04 11:12:19', '2019-09-04 11:12:19', '2020-09-04 11:12:19');
INSERT INTO `oauth_access_tokens` VALUES ('5f4ab09eeaa2d6084fa735a8935258d4a910f587d9b82075ff29999d479593404f3b612b44beabcf', '15', '1', 'MyApp', '[]', '0', '2019-08-19 13:56:45', '2019-08-19 13:56:45', '2020-08-19 13:56:45');
INSERT INTO `oauth_access_tokens` VALUES ('5f971b831526031ab41f0a9484c5e1228c95f372d1980a33f83dc439f012e69736bec0b6e2f6c1b6', '15', '1', 'MyApp', '[]', '0', '2019-08-19 13:58:18', '2019-08-19 13:58:18', '2020-08-19 13:58:18');
INSERT INTO `oauth_access_tokens` VALUES ('5ffecc0dc283c86bd356d829cb1f970742dcb390d6fdeb5999f43140cf2bcd52f9019939bd304e46', '29', '1', 'MyApp', '[]', '0', '2019-10-15 11:41:36', '2019-10-15 11:41:36', '2020-10-15 11:41:36');
INSERT INTO `oauth_access_tokens` VALUES ('60009c058e9eb1e560beb05cfdaef20b02defa0896348001bf6d223c5dfb26ae052d6a76f555b83d', '99', '1', 'MyApp', '[]', '0', '2019-09-25 10:33:31', '2019-09-25 10:33:31', '2020-09-25 10:33:31');
INSERT INTO `oauth_access_tokens` VALUES ('600b3b21c1a179afb01f6087cb70f6996dbed2ac8fdd9fb797c5b1a6f2ef537cbe4e9a1e59988f14', '15', '1', 'MyApp', '[]', '0', '2019-06-13 08:57:27', '2019-06-13 08:57:27', '2020-06-13 08:57:27');
INSERT INTO `oauth_access_tokens` VALUES ('6018ae2ad8ef1e1e376c19e56c0fdead8c57047c6e37448f8733fe993202f7b5fb8b8fb5b07711c4', '102', '1', 'MyApp', '[]', '0', '2019-10-14 11:56:54', '2019-10-14 11:56:54', '2020-10-14 11:56:54');
INSERT INTO `oauth_access_tokens` VALUES ('60486c0bd54e5ade80b31c828ffa28554172767d2e1b9b77b73146a33e083891b5712f299355f885', '112', '1', 'MyApp', '[]', '0', '2019-10-24 18:37:37', '2019-10-24 18:37:37', '2020-10-24 18:37:37');
INSERT INTO `oauth_access_tokens` VALUES ('604faee32af9d2a23d34b67541a898459b2ef8f390cf95af2004433204bd98b8ac7d0b25640072cb', '15', '1', 'MyApp', '[]', '0', '2019-09-04 12:17:54', '2019-09-04 12:17:54', '2020-09-04 12:17:54');
INSERT INTO `oauth_access_tokens` VALUES ('60920efca8d3e9e43978fe73cbfab8c566ba5c5431747b8f9657a5d7bbb8288f1a92ffdce53845c8', '109', '1', 'MyApp', '[]', '0', '2019-10-27 13:38:13', '2019-10-27 13:38:13', '2020-10-27 13:38:13');
INSERT INTO `oauth_access_tokens` VALUES ('60c2395168413657c0efb9b9be2ff94589aa55d6ff1bdd52f679ab2934b45ff3653c0124651ca07d', '5', '1', 'MyApp', '[]', '0', '2019-10-16 14:22:23', '2019-10-16 14:22:23', '2020-10-16 14:22:23');
INSERT INTO `oauth_access_tokens` VALUES ('60ea36793de0a9e347bddb9be9515a4ec3048bd727a794cc24df3a4440e7d5a833c48f9f818a08d3', '15', '1', 'MyApp', '[]', '0', '2019-09-29 10:54:02', '2019-09-29 10:54:02', '2020-09-29 10:54:02');
INSERT INTO `oauth_access_tokens` VALUES ('60ed1545eac6509cf1f04ec8c0f7abda57b904b5a866dfa0a77cbb1b936848ba5baa573c51ac841c', '19', '1', 'MyApp', '[]', '0', '2019-10-23 10:55:57', '2019-10-23 10:55:57', '2020-10-23 10:55:57');
INSERT INTO `oauth_access_tokens` VALUES ('60f9b40be84ec1792d80ab9a2cbe7a545527a23e851b889e4134f5a4a255fa32f016d0696fc4d597', '5', '1', 'MyApp', '[]', '0', '2019-08-28 12:49:16', '2019-08-28 12:49:16', '2020-08-28 12:49:16');
INSERT INTO `oauth_access_tokens` VALUES ('60fad9bac555d103a592880a8fa8a89944275c6e7ac1f5de175fbf16432d574a6d36f4b459b7aab4', '19', '1', 'MyApp', '[]', '0', '2019-09-25 13:21:42', '2019-09-25 13:21:42', '2020-09-25 13:21:42');
INSERT INTO `oauth_access_tokens` VALUES ('60fdd59ae2716ae96ac2b657f6ea755a4aaafd13b2e26eac47daeeb189df0d0dce5b21cfe0d59fad', '19', '1', 'MyApp', '[]', '0', '2019-08-31 14:12:20', '2019-08-31 14:12:20', '2020-08-31 14:12:20');
INSERT INTO `oauth_access_tokens` VALUES ('6104d5d3029053333c186d658dd8609054dab9b94a4296171a0393214e53c1a296fd4e75ae99972d', null, '1', 'MyApp', '[]', '0', '2019-07-14 13:12:38', '2019-07-14 13:12:38', '2020-07-14 13:12:38');
INSERT INTO `oauth_access_tokens` VALUES ('618de7abe6d2aea1b0fd4a1d73ab7d1853ed3890e186e3b798caee35ede998e2a7bb156f08e405e8', '41', '1', 'MyApp', '[]', '0', '2019-08-08 15:05:19', '2019-08-08 15:05:19', '2020-08-08 15:05:19');
INSERT INTO `oauth_access_tokens` VALUES ('61be5e2306f361ffbe696a41b5e085d407e163296984b10c5a22440a9c6f338587a3383e97be03df', '112', '1', 'MyApp', '[]', '0', '2019-10-31 17:42:51', '2019-10-31 17:42:51', '2020-10-31 17:42:51');
INSERT INTO `oauth_access_tokens` VALUES ('61c74b1305398c757ada889d33227fa6025c5cb3abb1808f8d4d6367bee2253480f9f7d21aa8fbf8', '50', '1', 'MyApp', '[]', '0', '2019-08-25 14:04:26', '2019-08-25 14:04:26', '2020-08-25 14:04:26');
INSERT INTO `oauth_access_tokens` VALUES ('61cabed95870522766f5fea4b9be427fcff5d05299c8cf81b2c77225637a4e047364c254470333f7', '109', '1', 'MyApp', '[]', '0', '2019-10-27 14:28:05', '2019-10-27 14:28:05', '2020-10-27 14:28:05');
INSERT INTO `oauth_access_tokens` VALUES ('620153aeee865b8453dc1724edf7b6acdd18aa063da8cbbb525c1e24202e31a64bddcbae19d3d0e9', '5', '1', 'MyApp', '[]', '0', '2019-10-07 16:02:17', '2019-10-07 16:02:17', '2020-10-07 16:02:17');
INSERT INTO `oauth_access_tokens` VALUES ('6228958518141b733f0483aa49294d20c19a845557d3f1028d7b83a8de179267cf25af3b4126f477', '5', '1', 'MyApp', '[]', '0', '2019-08-22 14:14:16', '2019-08-22 14:14:16', '2020-08-22 14:14:16');
INSERT INTO `oauth_access_tokens` VALUES ('6232b922db0587af634df675e7853c2ccec9ae0075bdd39c579a386502c6a05495f346a70ec30918', '68', '1', 'MyApp', '[]', '0', '2019-09-24 15:12:03', '2019-09-24 15:12:03', '2020-09-24 15:12:03');
INSERT INTO `oauth_access_tokens` VALUES ('62409846a762007800a1506a41fd0c969a8873c6f62505ed245737eeb120701530cc51255fe256f2', '15', '1', 'MyApp', '[]', '0', '2019-09-04 13:54:18', '2019-09-04 13:54:18', '2020-09-04 13:54:18');
INSERT INTO `oauth_access_tokens` VALUES ('624183d48ee40ede961932e9d3a987ada8821ce70a0467a81445c767458622ed170360b6c79bfb5a', '19', '1', 'MyApp', '[]', '0', '2019-09-25 13:26:28', '2019-09-25 13:26:28', '2020-09-25 13:26:28');
INSERT INTO `oauth_access_tokens` VALUES ('62599a00b7cf5f7eabae812ccf740919bc2ae3abd110a26fc7dadd9bef4d4275aa5a683b71adb838', '19', '1', 'MyApp', '[]', '0', '2019-08-19 13:28:50', '2019-08-19 13:28:50', '2020-08-19 13:28:50');
INSERT INTO `oauth_access_tokens` VALUES ('62f93afd10cb33455ca7d8ac4a43aadc90ef1ac17547b4d24b143ff18954a283bc5ebdb6bc3c4dda', '29', '1', 'MyApp', '[]', '0', '2019-08-29 11:03:13', '2019-08-29 11:03:13', '2020-08-29 11:03:13');
INSERT INTO `oauth_access_tokens` VALUES ('63113c742afe9b4c95c79290b62d017b1cdf4d2a852c7d707af0c7fb491b7bbe82e617ccf4828e19', '15', '1', 'MyApp', '[]', '0', '2019-08-19 13:30:57', '2019-08-19 13:30:57', '2020-08-19 13:30:57');
INSERT INTO `oauth_access_tokens` VALUES ('631d800f7fc78466991c1c644b5a842e3a27f53063b8d0ca930230ab5fb8e383e47e5b360dc1d6aa', '12', '1', 'MyApp', '[]', '0', '2019-06-16 10:38:37', '2019-06-16 10:38:37', '2020-06-16 10:38:37');
INSERT INTO `oauth_access_tokens` VALUES ('63862564d2549b0e6859b4477224402cd75fe184eb47d7a4fe7a7f4f28ff219acb552561dc8fd46f', '19', '1', 'MyApp', '[]', '0', '2019-09-11 10:38:08', '2019-09-11 10:38:08', '2020-09-11 10:38:08');
INSERT INTO `oauth_access_tokens` VALUES ('64275f822db93454e79ac98f387270f8a2b37f1c4f25ffe0fe4edbb870de055dc85b640f4fc62fdc', '19', '1', 'MyApp', '[]', '0', '2019-10-03 10:43:24', '2019-10-03 10:43:24', '2020-10-03 10:43:24');
INSERT INTO `oauth_access_tokens` VALUES ('642dd585dd2b84b7b0712c433c5014f6c390f6cac7f8c3799fe8c10e4077e2d9b5db3f25460168a3', '19', '1', 'MyApp', '[]', '0', '2019-08-19 13:24:32', '2019-08-19 13:24:32', '2020-08-19 13:24:32');
INSERT INTO `oauth_access_tokens` VALUES ('647941b8814dfab9a05eb8ba1aa4b06c0210439d057303cb1c28de099c29b4e6aa57d4e98f09bf10', '29', '1', 'MyApp', '[]', '0', '2019-10-22 09:22:41', '2019-10-22 09:22:41', '2020-10-22 09:22:41');
INSERT INTO `oauth_access_tokens` VALUES ('64d5efe13a2674e816d4228511515cd3992e84e8a91e737fe7911d2bbedddf241414880f7377bf2e', '109', '1', 'MyApp', '[]', '0', '2019-10-25 22:08:59', '2019-10-25 22:08:59', '2020-10-25 22:08:59');
INSERT INTO `oauth_access_tokens` VALUES ('64f8fed48df70a8049b15a456487aca2171dc66710fb55f04d4d5100b9336efec0ebb056b97812b0', '15', '1', 'MyApp', '[]', '0', '2019-09-04 11:49:33', '2019-09-04 11:49:33', '2020-09-04 11:49:33');
INSERT INTO `oauth_access_tokens` VALUES ('655fc1fcfb773201f1ed9742b8e103d9fb2d8affa3276f2afff27896cbb43d3add15a83b8eb1b15b', '19', '1', 'MyApp', '[]', '0', '2019-10-21 12:08:36', '2019-10-21 12:08:36', '2020-10-21 12:08:36');
INSERT INTO `oauth_access_tokens` VALUES ('6588f9b0d8a5b695d36cddeefe62a728906b9dd050787c7d8f564f1fef87005ced7decbc996deb4c', '15', '1', 'MyApp', '[]', '0', '2019-08-19 14:09:12', '2019-08-19 14:09:12', '2020-08-19 14:09:12');
INSERT INTO `oauth_access_tokens` VALUES ('65c66ee8af118f93850a0511cde06c3e9a00a2ff33635a1ffbd3ee6f8868333fc0cad91ecb9252fc', '29', '1', 'MyApp', '[]', '0', '2019-09-11 15:39:31', '2019-09-11 15:39:31', '2020-09-11 15:39:31');
INSERT INTO `oauth_access_tokens` VALUES ('65d4b6456c3d2f3d2a946760f99bc6919bfdbe426c7f80cffebd36584b5affceafd06aad3868c63b', '101', '1', 'MyApp', '[]', '0', '2019-09-25 15:46:19', '2019-09-25 15:46:19', '2020-09-25 15:46:19');
INSERT INTO `oauth_access_tokens` VALUES ('65d7c73db1246a9f22ac64b24d02a827ad30cf347ad80b847e8e985fcc7063f2914a33209eda8c1b', '15', '1', 'MyApp', '[]', '0', '2019-08-29 13:58:43', '2019-08-29 13:58:43', '2020-08-29 13:58:43');
INSERT INTO `oauth_access_tokens` VALUES ('66674753fd3a96d76b2e0176431eb56e5b82664023f22e4be7d28ae3a65b70b01843e868ae735ae6', '50', '1', 'MyApp', '[]', '0', '2019-08-24 19:27:47', '2019-08-24 19:27:47', '2020-08-24 19:27:47');
INSERT INTO `oauth_access_tokens` VALUES ('669ee1ca3d323114665dc8be2e0bc0f5d91ec3980e961383bfde25ce19a393910a8c3142cc20b7df', '113', '1', 'MyApp', '[]', '0', '2019-10-26 22:15:40', '2019-10-26 22:15:40', '2020-10-26 22:15:40');
INSERT INTO `oauth_access_tokens` VALUES ('673513a5927587c4cfb64fc7f48468f0cf70172b43b7507fbe3615f835adb61af90b218697ec7b11', '50', '1', 'MyApp', '[]', '0', '2019-08-20 08:52:26', '2019-08-20 08:52:26', '2020-08-20 08:52:26');
INSERT INTO `oauth_access_tokens` VALUES ('6738c921e62b8b471851702649923fa3e7fbfbfa10ba47a5711fee2461cc5ead9f18a5b3f977df37', '98', '1', 'MyApp', '[]', '0', '2019-09-25 12:11:56', '2019-09-25 12:11:56', '2020-09-25 12:11:56');
INSERT INTO `oauth_access_tokens` VALUES ('676a4b652208141b8445ffb02979282ae327133b09ccdc41edc7b0c7d944400cd9fd2ab293bedd59', '19', '1', 'MyApp', '[]', '0', '2019-09-01 18:36:31', '2019-09-01 18:36:31', '2020-09-01 18:36:31');
INSERT INTO `oauth_access_tokens` VALUES ('677e921e6695e382a7a9a83a3c9896ac992fc05f6bab702bb20e8b9c21580638b122b7160c0db655', null, '1', 'MyApp', '[]', '0', '2019-06-18 14:54:55', '2019-06-18 14:54:55', '2020-06-18 14:54:55');
INSERT INTO `oauth_access_tokens` VALUES ('678ef29a4a9b0595b24e37d304136441c709eb7561813bf2806b8f22a64885f8055d8588ce703405', '19', '1', 'MyApp', '[]', '0', '2019-10-08 11:07:13', '2019-10-08 11:07:13', '2020-10-08 11:07:13');
INSERT INTO `oauth_access_tokens` VALUES ('679107a1dd176b0ec7badaa91655542b13632b9c820c18a055d070b303b6a34abec22e0f2d17bd8b', '32', '1', 'MyApp', '[]', '0', '2019-10-16 11:04:07', '2019-10-16 11:04:07', '2020-10-16 11:04:07');
INSERT INTO `oauth_access_tokens` VALUES ('67b12f1ee3b819c608d41d56a92d9310798b7201d9ad0b6fb0d351c96893941d99dd51af5f0a9428', '109', '1', 'MyApp', '[]', '0', '2019-10-28 23:10:44', '2019-10-28 23:10:44', '2020-10-28 23:10:44');
INSERT INTO `oauth_access_tokens` VALUES ('67c3b2efd5e941bba618ca2f0e61e00f72e4f752bf83ba5ac7740ff90879fa2ad04d296e98be4d1c', '107', '1', 'MyApp', '[]', '0', '2019-10-22 16:18:25', '2019-10-22 16:18:25', '2020-10-22 16:18:25');
INSERT INTO `oauth_access_tokens` VALUES ('68ab6a82c3f715a92a61995a2b6711a0ce76fbb3509a8fa10447d17b5c774f2c9fe93c1d4101eb9c', '19', '1', 'MyApp', '[]', '0', '2019-10-09 08:35:03', '2019-10-09 08:35:03', '2020-10-09 08:35:03');
INSERT INTO `oauth_access_tokens` VALUES ('68b00046b06839a0d11c2f5a1b8a4c8868898510d467b71105db4e3caa699b7a474630318a97fe14', '19', '1', 'MyApp', '[]', '0', '2019-08-27 09:33:25', '2019-08-27 09:33:25', '2020-08-27 09:33:25');
INSERT INTO `oauth_access_tokens` VALUES ('68c6d0c4047deb6913e98b60963c9c7f8fb000e204e41ff6ae76cef9b37ebcf3f9e3ba3fcfaa5200', '108', '1', 'MyApp', '[]', '0', '2019-10-23 15:01:01', '2019-10-23 15:01:01', '2020-10-23 15:01:01');
INSERT INTO `oauth_access_tokens` VALUES ('691dece31c6e098bea2f2ca47fe9cf7f4b3d9dd46856e2cee2b83453021aebdad74c7a864ccb5a88', '19', '1', 'MyApp', '[]', '0', '2019-08-25 13:50:29', '2019-08-25 13:50:29', '2020-08-25 13:50:29');
INSERT INTO `oauth_access_tokens` VALUES ('6926f01ad041f0e7b8bcb3b0f143e55f0c9f5380b462c741e4b77897936c1135f4f62a77d87bdeaf', '15', '1', 'MyApp', '[]', '0', '2019-08-19 13:56:51', '2019-08-19 13:56:51', '2020-08-19 13:56:51');
INSERT INTO `oauth_access_tokens` VALUES ('69c4881f36aaed9629c780bb8431d2e4f49b1efa6a9af1405f1302ec08e486d6ad02d0469b3fb56b', '19', '1', 'MyApp', '[]', '0', '2019-09-25 13:22:31', '2019-09-25 13:22:31', '2020-09-25 13:22:31');
INSERT INTO `oauth_access_tokens` VALUES ('69c6c3d945da1029b3aa5af6f2d2414e98a7f2c8c3c37437c6086717a3cc70922cd77169cc1e7daa', '109', '1', 'MyApp', '[]', '0', '2019-11-05 14:21:47', '2019-11-05 14:21:47', '2020-11-05 14:21:47');
INSERT INTO `oauth_access_tokens` VALUES ('6a4d07f0e5b82f20aee00dd326b9ab5fd5ebd13f82ffd91bbd5a21e4012616f956185602cbd5a72c', '32', '1', 'MyApp', '[]', '0', '2019-08-26 14:43:13', '2019-08-26 14:43:13', '2020-08-26 14:43:13');
INSERT INTO `oauth_access_tokens` VALUES ('6a9bfd7eb717546080a1b5b223996a419505b0bc66f05a500d6c584911f2ce39c7e49990a6a04a01', '66', '1', 'MyApp', '[]', '0', '2019-09-24 10:21:57', '2019-09-24 10:21:57', '2020-09-24 10:21:57');
INSERT INTO `oauth_access_tokens` VALUES ('6aa35201dd7141b270340c898aa9b890b40853cd26bb538819df2cb8dab8e1577b946529a2f6debb', '15', '1', 'MyApp', '[]', '0', '2019-09-25 13:40:04', '2019-09-25 13:40:04', '2020-09-25 13:40:04');
INSERT INTO `oauth_access_tokens` VALUES ('6abe92d7a7a2476865daa9545413ff7375bfd35c75dad392a2388766b0db09bea795be4c19cd3eef', '21', '1', 'MyApp', '[]', '0', '2019-06-25 12:24:36', '2019-06-25 12:24:36', '2020-06-25 12:24:36');
INSERT INTO `oauth_access_tokens` VALUES ('6ac6d68e7c502c8bcc2a0d19c868aecfb9a7dc267f4f1160acc192f00081a753a1e836b7569ac664', '22', '1', 'MyApp', '[]', '0', '2019-06-25 12:27:50', '2019-06-25 12:27:50', '2020-06-25 12:27:50');
INSERT INTO `oauth_access_tokens` VALUES ('6b8e181a91764f41349f035b21edd0ddbb2382594501f56161908050230c2a6c01b0e33a4a22092f', '112', '1', 'MyApp', '[]', '0', '2019-11-04 11:27:40', '2019-11-04 11:27:40', '2020-11-04 11:27:40');
INSERT INTO `oauth_access_tokens` VALUES ('6ba3278180b78a0667f92282acbc116f7d3b00986e782c24acb1f058d6c743f58df7fa11dc446307', '109', '1', 'MyApp', '[]', '0', '2019-10-24 12:16:49', '2019-10-24 12:16:49', '2020-10-24 12:16:49');
INSERT INTO `oauth_access_tokens` VALUES ('6bc0152faa03ca02acfadb86702c1e54fc29b0777107ea9a272b00b0e00081667dce0d496b9a6480', '109', '1', 'MyApp', '[]', '0', '2019-10-24 13:30:53', '2019-10-24 13:30:53', '2020-10-24 13:30:53');
INSERT INTO `oauth_access_tokens` VALUES ('6c0b7b828112c64963608f433fda6d3b92e3d07ad380c4892cb72925896b2116df57ed85240c34de', '109', '1', 'MyApp', '[]', '0', '2019-10-25 22:47:09', '2019-10-25 22:47:09', '2020-10-25 22:47:09');
INSERT INTO `oauth_access_tokens` VALUES ('6c522a80a2e37e92b2bb8fd7b83decb83bea28319c77687da159a7b24b93f2db30fb7e79bbe06909', '32', '1', 'MyApp', '[]', '0', '2019-08-19 12:10:10', '2019-08-19 12:10:10', '2020-08-19 12:10:10');
INSERT INTO `oauth_access_tokens` VALUES ('6c6c6ecb2106d0d96a514b073bea93641928acd67ad1fe875ca3cbb8a221c01c7044e39462bdc184', '60', '1', 'MyApp', '[]', '0', '2019-09-05 14:39:32', '2019-09-05 14:39:32', '2020-09-05 14:39:32');
INSERT INTO `oauth_access_tokens` VALUES ('6d1d25ab2efb43be0c1c2d7e491e8a8a56f9203acca23c73d4ccc08a16004e9ecbe0eeddeece1749', '19', '1', 'MyApp', '[]', '0', '2019-09-30 13:07:45', '2019-09-30 13:07:45', '2020-09-30 13:07:45');
INSERT INTO `oauth_access_tokens` VALUES ('6da15349cc444daf11e08a7a472f307d81589ce082d0b1dac58cd808e177d56b98858e3ed9fdb9f6', '108', '1', 'MyApp', '[]', '0', '2019-10-23 14:55:31', '2019-10-23 14:55:31', '2020-10-23 14:55:31');
INSERT INTO `oauth_access_tokens` VALUES ('6dd058ac5f528ab2dc47030b2b5b15e36ff26155b3a032ae246a2541fc19fee87ce7a34e3c5f04a1', '15', '1', 'MyApp', '[]', '0', '2019-08-19 13:59:13', '2019-08-19 13:59:13', '2020-08-19 13:59:13');
INSERT INTO `oauth_access_tokens` VALUES ('6e0edff32410fad9fcccab1688ea5222e3e8c30aa021ad4b31a5617aca7d44c3fec8ec1a9423a993', '129', '1', 'MyApp', '[]', '0', '2019-11-19 12:07:01', '2019-11-19 12:07:01', '2020-11-19 12:07:01');
INSERT INTO `oauth_access_tokens` VALUES ('6e1a0c19c99c9b0e4308ee832b267fc742f05482fa95c5b93bdc6186f20237638f756b0bc8476a17', null, '1', 'MyApp', '[]', '0', '2019-06-24 10:15:56', '2019-06-24 10:15:56', '2020-06-24 10:15:56');
INSERT INTO `oauth_access_tokens` VALUES ('6e4d172772acf5f13eb4d65211a0dcecd92b095c0a04ce00a8e3681185c78ab5f9ab82c7f5beab68', '115', '1', 'MyApp', '[]', '0', '2019-10-29 14:35:38', '2019-10-29 14:35:38', '2020-10-29 14:35:38');
INSERT INTO `oauth_access_tokens` VALUES ('6e61abea8b153ae08053f3e3f24495ac8a4de886b293dab7e55420ea471da60ef2f41ac951e9614d', '29', '1', 'MyApp', '[]', '0', '2019-08-29 08:35:04', '2019-08-29 08:35:04', '2020-08-29 08:35:04');
INSERT INTO `oauth_access_tokens` VALUES ('6ef3b8105fe9178697d6e3d508e6e4ae0c2c7230ce288940db6696e287a7701ca37117a9a2c3351d', '126', '1', 'MyApp', '[]', '0', '2019-11-03 15:30:43', '2019-11-03 15:30:43', '2020-11-03 15:30:43');
INSERT INTO `oauth_access_tokens` VALUES ('6f33aac1b1a84b8c7520f0a914bd3d94d26bbf800b2723ebf120ed693d9492a677aeacb93a90ce2f', '50', '1', 'MyApp', '[]', '0', '2019-08-20 14:19:45', '2019-08-20 14:19:45', '2020-08-20 14:19:45');
INSERT INTO `oauth_access_tokens` VALUES ('6f7b0357750bbf65b1caf6a21132641e55c8f1010417c90f5982dfd65cfdc16a40d3155500357e9c', '19', '1', 'MyApp', '[]', '0', '2019-09-25 13:25:29', '2019-09-25 13:25:29', '2020-09-25 13:25:29');
INSERT INTO `oauth_access_tokens` VALUES ('6fa129537fd1c05b76af378eaefb2f0690c60d79e43a2a6374dcd148fd892b5f4fba4ad6f7af65cf', '19', '1', 'MyApp', '[]', '0', '2019-08-19 13:28:50', '2019-08-19 13:28:50', '2020-08-19 13:28:50');
INSERT INTO `oauth_access_tokens` VALUES ('6fb0f1f2af6aab473c84140233e1d954a0a02d6c00bc5772f441de2452e69212db9519ae84668ec7', '29', '1', 'MyApp', '[]', '0', '2019-08-26 09:28:07', '2019-08-26 09:28:07', '2020-08-26 09:28:07');
INSERT INTO `oauth_access_tokens` VALUES ('6fcbf2f80f2b8836aeeaa20bf1d4a1b7985a6aaa8ae73b57e8ef6236624891e00d776d604f01dad1', '109', '1', 'MyApp', '[]', '0', '2019-11-18 11:02:19', '2019-11-18 11:02:19', '2020-11-18 11:02:19');
INSERT INTO `oauth_access_tokens` VALUES ('6fd09105fc7821b8212b9f03b962e2229e8243ad6aa11f75c03ff42a9c584e520b52811d0845fa44', '29', '1', 'MyApp', '[]', '0', '2019-10-17 09:15:51', '2019-10-17 09:15:51', '2020-10-17 09:15:51');
INSERT INTO `oauth_access_tokens` VALUES ('6fd9ceb81c49129755dc840c61f90fc98ccf2ae855e2d50fb4a978d51402b0bd100ab594ee112cc9', '19', '1', 'MyApp', '[]', '0', '2019-09-04 15:07:13', '2019-09-04 15:07:13', '2020-09-04 15:07:13');
INSERT INTO `oauth_access_tokens` VALUES ('6fed594224f1e18c73467d775efeccdbc3a147f2847b19e1cfa06ed27c8ea1bf6fe8dbfe03650130', '15', '1', 'MyApp', '[]', '0', '2019-09-04 09:57:11', '2019-09-04 09:57:11', '2020-09-04 09:57:11');
INSERT INTO `oauth_access_tokens` VALUES ('700aec5de11783b51706b49c9fdf32b2711c0d31b2932c7c0dacfd16617b8cac4c3e6531c516ef2f', '102', '1', 'MyApp', '[]', '0', '2019-10-17 16:10:33', '2019-10-17 16:10:33', '2020-10-17 16:10:33');
INSERT INTO `oauth_access_tokens` VALUES ('700d2e99fc72d320b8c8267f68ae4cc1da878ba05f8361955bd0d64bf0d22645ec71be4e13680ea5', '15', '1', 'MyApp', '[]', '0', '2019-06-19 15:56:49', '2019-06-19 15:56:49', '2020-06-19 15:56:49');
INSERT INTO `oauth_access_tokens` VALUES ('7014ff2f7534b5f9e31d8fb170f8b06e8f08ea1fee60d8fad8a885e2a70b0760caaad03a1306bf91', '15', '1', 'MyApp', '[]', '0', '2019-09-25 13:26:44', '2019-09-25 13:26:44', '2020-09-25 13:26:44');
INSERT INTO `oauth_access_tokens` VALUES ('701f04719116f8616999391e380d377d3f55b5bbf3de81427daf6479d7bd21cb16e03753574c1699', '108', '1', 'MyApp', '[]', '0', '2019-10-23 14:33:14', '2019-10-23 14:33:14', '2020-10-23 14:33:14');
INSERT INTO `oauth_access_tokens` VALUES ('7078a1e1779fecb9796cb97fac9b7c5a57df4a005f9874aaec3a678aeceac8e4ec5cedf36ffd410a', '12', '1', 'MyApp', '[]', '0', '2019-06-24 10:45:18', '2019-06-24 10:45:18', '2020-06-24 10:45:18');
INSERT INTO `oauth_access_tokens` VALUES ('708eaf1c4950f14db1dd864697906015a77321ef75d0b135c812de9162e1e1a94595393ce89448ca', '32', '1', 'MyApp', '[]', '0', '2019-09-22 08:52:14', '2019-09-22 08:52:14', '2020-09-22 08:52:14');
INSERT INTO `oauth_access_tokens` VALUES ('70aae5db798ea4a957ed68be32555c5f3401378602878f9d5ade6176207f29d3aca953bf26b1e19a', '64', '1', 'MyApp', '[]', '0', '2019-10-07 09:59:11', '2019-10-07 09:59:11', '2020-10-07 09:59:11');
INSERT INTO `oauth_access_tokens` VALUES ('70c026f2552f11ea0d03f9ed54cf2d7f6ca5ef5af6e1c1b4ad49d6df598adda8f574db897d7dfc5f', '112', '1', 'MyApp', '[]', '0', '2019-10-24 18:30:30', '2019-10-24 18:30:30', '2020-10-24 18:30:30');
INSERT INTO `oauth_access_tokens` VALUES ('70db17b470268767e20d58df0814511194b501ff0f69ded51d69ea03142b0981c788c57cc40e82f3', '109', '1', 'MyApp', '[]', '0', '2019-10-30 22:11:10', '2019-10-30 22:11:10', '2020-10-30 22:11:10');
INSERT INTO `oauth_access_tokens` VALUES ('712708b585037670a95b49a8f43461605818b924e0d79e9ad74a1f4213fad05494d4e4b303db93a6', '15', '1', 'MyApp', '[]', '0', '2019-09-25 13:29:12', '2019-09-25 13:29:12', '2020-09-25 13:29:12');
INSERT INTO `oauth_access_tokens` VALUES ('719541dd895b1423dadf6f44dcf0beb423720410da5ca2dd68bb6ce3fc34119f5620abc0002d039f', '15', '1', 'MyApp', '[]', '0', '2019-08-18 15:02:40', '2019-08-18 15:02:40', '2020-08-18 15:02:40');
INSERT INTO `oauth_access_tokens` VALUES ('7195f466eef11700b1cc430f20189459178004db6216028ea0ff51c23a4ab29c13529a18dc75bc21', '99', '1', 'MyApp', '[]', '0', '2019-09-25 10:32:52', '2019-09-25 10:32:52', '2020-09-25 10:32:52');
INSERT INTO `oauth_access_tokens` VALUES ('71c3e129faefc7ee6c2cc21ec7456f5934d5c1b394d42498e6a679b9dd13d6406810f82a1213a1fe', '15', '1', 'MyApp', '[]', '0', '2019-06-13 09:29:11', '2019-06-13 09:29:11', '2020-06-13 09:29:11');
INSERT INTO `oauth_access_tokens` VALUES ('723232617ae8471d5078f94e78a39055ca3a5e2dcc888d5a541b8b75ca92e3a2b7d719ba51c32bbf', '66', '1', 'MyApp', '[]', '0', '2019-09-24 10:22:22', '2019-09-24 10:22:22', '2020-09-24 10:22:22');
INSERT INTO `oauth_access_tokens` VALUES ('725a6bc80d02e6a6f734291cf5d184ded6d51fb4069c0395636e07529dd588fc50bd7de4c6f5e935', '111', '1', 'MyApp', '[]', '0', '2019-11-24 11:35:18', '2019-11-24 11:35:18', '2020-11-24 11:35:18');
INSERT INTO `oauth_access_tokens` VALUES ('725e875874a3cf246418e3488304734b36410bb8cf15e7b6dc7106204a93445b939cb75b8d30e588', '29', '1', 'MyApp', '[]', '0', '2019-10-13 09:22:48', '2019-10-13 09:22:48', '2020-10-13 09:22:48');
INSERT INTO `oauth_access_tokens` VALUES ('728cca9fd74094cb55a7dbaf8939497b54b7d4887e551152301aaa38ffc114f9fbbe656108ae3faa', '12', '1', 'MyApp', '[]', '0', '2019-06-09 10:57:51', '2019-06-09 10:57:51', '2020-06-09 10:57:51');
INSERT INTO `oauth_access_tokens` VALUES ('72a99e16167f7b84e1ae0d7cb226dcf6d5394e85a176f171342b0e3413d7dae6c9bc52bd536377a2', '19', '1', 'MyApp', '[]', '0', '2019-06-20 12:31:13', '2019-06-20 12:31:13', '2020-06-20 12:31:13');
INSERT INTO `oauth_access_tokens` VALUES ('72c89e4ff88932a712b05f68ff4b04b590ad5a2432723b357da4f46b789186651b32e3828f582e6c', '108', '1', 'MyApp', '[]', '0', '2019-10-23 15:27:37', '2019-10-23 15:27:37', '2020-10-23 15:27:37');
INSERT INTO `oauth_access_tokens` VALUES ('733a24fb5a56b52125a1d67ed0cf4efa5abd0473e6f02b3f237f6dc228f314b4b189279a75e0d705', '29', '1', 'MyApp', '[]', '0', '2019-08-18 08:59:09', '2019-08-18 08:59:09', '2020-08-18 08:59:09');
INSERT INTO `oauth_access_tokens` VALUES ('73652735be1835cfe755196d0a2908e973fb3d956c5b89b14a6a7a21e9943f0064dd7a9b962d7078', '112', '1', 'MyApp', '[]', '0', '2019-10-30 10:52:39', '2019-10-30 10:52:39', '2020-10-30 10:52:39');
INSERT INTO `oauth_access_tokens` VALUES ('738638bc2af13040de746c5345495eba56741168c76419ef1dd376e7380cfe52055e7875a6c9b894', '102', '1', 'MyApp', '[]', '0', '2019-10-22 09:22:10', '2019-10-22 09:22:10', '2020-10-22 09:22:10');
INSERT INTO `oauth_access_tokens` VALUES ('73c693fb8c33e06c1742efd6ea917e5a73561079f7bc08e6d82d752be46ce3453947d74fd5af5cba', '70', '1', 'MyApp', '[]', '0', '2019-09-24 15:25:39', '2019-09-24 15:25:39', '2020-09-24 15:25:39');
INSERT INTO `oauth_access_tokens` VALUES ('73ea2ae391b24a3086bec5bd15d8d9cdbac7946b9b6e0da7feb4fcfbd6c0cae8a55cc38cacc33311', '111', '1', 'MyApp', '[]', '0', '2019-11-05 16:06:25', '2019-11-05 16:06:25', '2020-11-05 16:06:25');
INSERT INTO `oauth_access_tokens` VALUES ('741663740a3cd8756311514cd576fa0604edc346c5b05ca4e2fe8b1ec8ce6e6869e27ead0d262541', '32', '1', 'MyApp', '[]', '0', '2019-08-26 15:04:40', '2019-08-26 15:04:40', '2020-08-26 15:04:40');
INSERT INTO `oauth_access_tokens` VALUES ('74a5ba4cbe718c92fc1541bed753a86a91d936e2c1ab531a71d1da0e0559ffc0b9d0d10324290817', '109', '1', 'MyApp', '[]', '0', '2019-11-04 11:53:03', '2019-11-04 11:53:03', '2020-11-04 11:53:03');
INSERT INTO `oauth_access_tokens` VALUES ('74a664c0279a5e63a41cc0b56c3ed38027d69a74698ebcdb9484f62294e0d25f2f0a90470d888d95', '15', '1', 'MyApp', '[]', '0', '2019-09-25 13:25:22', '2019-09-25 13:25:22', '2020-09-25 13:25:22');
INSERT INTO `oauth_access_tokens` VALUES ('74b2471b1cb38ec623e0dccd7ee9b9d00554d7e4d921baa37f30341864c3e71411b7dc7c35a0a50b', '19', '1', 'MyApp', '[]', '0', '2019-09-25 13:25:24', '2019-09-25 13:25:24', '2020-09-25 13:25:24');
INSERT INTO `oauth_access_tokens` VALUES ('74d981390aaa40df144593eb34309e15175259829c32d2020da71337dd1ddbdc17e077cc192171eb', '15', '1', 'MyApp', '[]', '0', '2019-10-17 11:15:37', '2019-10-17 11:15:37', '2020-10-17 11:15:37');
INSERT INTO `oauth_access_tokens` VALUES ('752e6d1ccf7ce34c2e9e417a8d35a9ca1e62bc41057bbe9e20a0a3a17e46ef7d3d690433bc7cd671', '99', '1', 'MyApp', '[]', '0', '2019-09-25 10:24:47', '2019-09-25 10:24:47', '2020-09-25 10:24:47');
INSERT INTO `oauth_access_tokens` VALUES ('7533a00455b65e2206516707c265778d84fc9092d30cd1ba4a99c6ef30f1ec9746ac03874ab45798', '5', '1', 'MyApp', '[]', '0', '2019-10-02 09:11:35', '2019-10-02 09:11:35', '2020-10-02 09:11:35');
INSERT INTO `oauth_access_tokens` VALUES ('753604f878c13fb2fa49a1d050b4be8f05c87035cba6934544a8122186596a6d0012c915130797ef', '19', '1', 'MyApp', '[]', '0', '2019-09-25 13:15:09', '2019-09-25 13:15:09', '2020-09-25 13:15:09');
INSERT INTO `oauth_access_tokens` VALUES ('7566b52148ffcb159d1f82fd73662c27517ee29b9c8a0de0f9f2d15c20c0f65e618741e5dbe59f1a', '109', '1', 'MyApp', '[]', '0', '2019-11-03 10:43:23', '2019-11-03 10:43:23', '2020-11-03 10:43:23');
INSERT INTO `oauth_access_tokens` VALUES ('75d269e1dccc99a00905fc6e9e25ae211aeca898715ce020c36db7eedc00021c2f288d0b6ea4dd83', '64', '1', 'MyApp', '[]', '0', '2019-09-25 09:36:21', '2019-09-25 09:36:21', '2020-09-25 09:36:21');
INSERT INTO `oauth_access_tokens` VALUES ('75ec03d84a0a5b61c112e7da4ecc4093bf61f8c3fb31def5342606e04487f7722174ce19b4923c3c', '19', '1', 'MyApp', '[]', '0', '2019-08-21 13:14:13', '2019-08-21 13:14:13', '2020-08-21 13:14:13');
INSERT INTO `oauth_access_tokens` VALUES ('7604e26a745f60870f966e441d76e07e8b578ed557b984ef8fe08c342dd700c9d73ccd5b3f4214e1', '15', '1', 'MyApp', '[]', '0', '2019-08-18 16:30:57', '2019-08-18 16:30:57', '2020-08-18 16:30:57');
INSERT INTO `oauth_access_tokens` VALUES ('7619db6ab8117c8f6c40ad1dc0f7b4427a8e83bb0646b8766442106ae5292ef521644811c9505ea2', '19', '1', 'MyApp', '[]', '0', '2019-09-04 14:46:15', '2019-09-04 14:46:15', '2020-09-04 14:46:15');
INSERT INTO `oauth_access_tokens` VALUES ('7629ef296906a5e5921203848643db886aedd7ecb56575c15aa7b5f580605958a31df671f4ddb146', '109', '1', 'MyApp', '[]', '0', '2019-10-30 23:57:37', '2019-10-30 23:57:37', '2020-10-30 23:57:37');
INSERT INTO `oauth_access_tokens` VALUES ('762dbf6684ea48e0f68310bcc45646385d305e94a722ac256d39ce89447d9139a29c8cdc76bfc6f8', '109', '1', 'MyApp', '[]', '0', '2019-11-18 16:47:22', '2019-11-18 16:47:22', '2020-11-18 16:47:22');
INSERT INTO `oauth_access_tokens` VALUES ('7642b7c13648778d106380868c5ff0f2805d65ef28cfc080b1817ce2369490fa56951ef2fcdbd55e', '19', '1', 'MyApp', '[]', '0', '2019-08-26 13:32:55', '2019-08-26 13:32:55', '2020-08-26 13:32:55');
INSERT INTO `oauth_access_tokens` VALUES ('76595c125a46767c98f455e512a9bc5c0195e3ecda6f0e3633d6bb90f1421bf9cd09ceedbe24de25', '16', '1', 'MyApp', '[]', '0', '2019-06-15 19:16:44', '2019-06-15 19:16:44', '2020-06-15 19:16:44');
INSERT INTO `oauth_access_tokens` VALUES ('769319912f9d0da06980e8a4dc5a453aac17d25d4db602402b10e83250ed71f6979ba89ab0ecc978', '19', '1', 'MyApp', '[]', '0', '2019-09-18 09:33:39', '2019-09-18 09:33:39', '2020-09-18 09:33:39');
INSERT INTO `oauth_access_tokens` VALUES ('7696b7fce877620ca5bc75041fd1e5d1389d91c5cb97f869b57d02548ce49d5c63d2a554a5769d02', '109', '1', 'MyApp', '[]', '0', '2019-10-31 14:28:05', '2019-10-31 14:28:05', '2020-10-31 14:28:05');
INSERT INTO `oauth_access_tokens` VALUES ('76a9dd91553e2a52bbd90f59b8d0f04464bd3cce918e1327476f86dd43b2bcf279938cd504a2f2a7', '19', '1', 'MyApp', '[]', '0', '2019-09-05 10:59:47', '2019-09-05 10:59:47', '2020-09-05 10:59:47');
INSERT INTO `oauth_access_tokens` VALUES ('76d266bf4ac792c53b48be10d6ae0a4f9dce533c4b5b14ad207182a97a996cd2e7063af80a3e942d', '29', '1', 'MyApp', '[]', '0', '2019-08-25 07:54:01', '2019-08-25 07:54:01', '2020-08-25 07:54:01');
INSERT INTO `oauth_access_tokens` VALUES ('76e5089486e9c4d87d2df66e13c945154f6c6078947e25a7f565f9248acb59047332464808215a1d', '111', '1', 'MyApp', '[]', '0', '2019-11-24 11:37:54', '2019-11-24 11:37:54', '2020-11-24 11:37:54');
INSERT INTO `oauth_access_tokens` VALUES ('76f6ad821d7e8663c4696488df2380a4eb4624d22c3b3dfc96486d65dba66c567182c5da49099010', '68', '1', 'MyApp', '[]', '0', '2019-09-24 15:10:07', '2019-09-24 15:10:07', '2020-09-24 15:10:07');
INSERT INTO `oauth_access_tokens` VALUES ('771bef50a4b2309847c5b39331791c62c366c67ccc797aa4480fe8412f078b3dcb049e2c7d074c51', '19', '1', 'MyApp', '[]', '0', '2019-09-04 14:40:24', '2019-09-04 14:40:24', '2020-09-04 14:40:24');
INSERT INTO `oauth_access_tokens` VALUES ('773780ee66df84f2069f8f745ded8adb868683a5f4676725c2d7fa17cbf5e985950394f323c7c4ec', '110', '1', 'MyApp', '[]', '0', '2019-11-05 15:25:08', '2019-11-05 15:25:08', '2020-11-05 15:25:08');
INSERT INTO `oauth_access_tokens` VALUES ('773f6c2e462593e82a7b41aaa164add108985ec14997d93b060219b3aa85489ed1f3a5e2bbaee558', '32', '1', 'MyApp', '[]', '0', '2019-09-04 09:28:17', '2019-09-04 09:28:17', '2020-09-04 09:28:17');
INSERT INTO `oauth_access_tokens` VALUES ('775020d6967130e9f05f5a02fc046762d582b5a6ecd633d817e36609a74d59e29d9c0d16f86181db', '14', '1', 'MyApp', '[]', '0', '2019-06-15 19:12:05', '2019-06-15 19:12:05', '2020-06-15 19:12:05');
INSERT INTO `oauth_access_tokens` VALUES ('77749e8a205609603e58ec3a11911c88c22c33cce0a6f3b6a3cfc15ed8aa51b299ecb5921b02177e', '15', '1', 'MyApp', '[]', '0', '2019-09-01 08:12:54', '2019-09-01 08:12:54', '2020-09-01 08:12:54');
INSERT INTO `oauth_access_tokens` VALUES ('777891d206f61f0132759c0f2f33e32ad7314eee2dc145707419deca13451331c97f906d20378848', '25', '1', 'MyApp', '[]', '0', '2019-08-05 15:06:42', '2019-08-05 15:06:42', '2020-08-05 15:06:42');
INSERT INTO `oauth_access_tokens` VALUES ('777fead49e071888d7bd087e8a6f0557546f6de5575de3b7d19ed945fb9ef1bf67a83126f36b90b6', '19', '1', 'MyApp', '[]', '0', '2019-09-29 08:43:32', '2019-09-29 08:43:32', '2020-09-29 08:43:32');
INSERT INTO `oauth_access_tokens` VALUES ('779cde957be667505e33630eb176e30ee5c89d972448cc8bcd6f20c0d424ecc0d8d2c32662369664', '109', '1', 'MyApp', '[]', '0', '2019-10-27 19:18:44', '2019-10-27 19:18:44', '2020-10-27 19:18:44');
INSERT INTO `oauth_access_tokens` VALUES ('77ccba46e421c62c0aa406f95e7da8134f369e146df8e3f0e22838a76b813b9fdef74ee0b0c0361f', '15', '1', 'MyApp', '[]', '0', '2019-08-19 14:09:17', '2019-08-19 14:09:17', '2020-08-19 14:09:17');
INSERT INTO `oauth_access_tokens` VALUES ('7804dba97b888ee0dac77abb1eb29985ef08e79a907ad45613c8609ea6709f1f10e1c36be886dd96', '19', '1', 'MyApp', '[]', '0', '2019-09-29 14:52:37', '2019-09-29 14:52:37', '2020-09-29 14:52:37');
INSERT INTO `oauth_access_tokens` VALUES ('7890e92b28e5e79690b9e0fef9bcdd1873094d1b66f4a2fd55509ac88a230dfce830a455214ffc64', '32', '1', 'MyApp', '[]', '0', '2019-09-30 14:17:04', '2019-09-30 14:17:04', '2020-09-30 14:17:04');
INSERT INTO `oauth_access_tokens` VALUES ('78a70372eb5677881adaf2e7e30afb7fe73709417513078299e928ff03b5bb5600de8635f158cb00', '19', '1', 'MyApp', '[]', '0', '2019-10-02 08:49:43', '2019-10-02 08:49:43', '2020-10-02 08:49:43');
INSERT INTO `oauth_access_tokens` VALUES ('78b00224fda5c25610cbab151ae295dfc7e12a0059d571727f8a9df91651fd2e9730e2ca014dbd6d', '12', '1', 'MyApp', '[]', '0', '2019-06-24 11:43:26', '2019-06-24 11:43:26', '2020-06-24 11:43:26');
INSERT INTO `oauth_access_tokens` VALUES ('78d6476adc2a506b089d438ab4dfc1cb6b64bd3f359b919e8a0ae13857122ccac5d78ffc297adae7', '102', '1', 'MyApp', '[]', '0', '2019-10-17 16:12:06', '2019-10-17 16:12:06', '2020-10-17 16:12:06');
INSERT INTO `oauth_access_tokens` VALUES ('78e710c698fc53fe85bd9a0ea3bb03bbfad8e3dbd1d1205ae0957e3dba4e46870e577320dd3a3d2b', '68', '1', 'MyApp', '[]', '0', '2019-09-24 15:08:52', '2019-09-24 15:08:52', '2020-09-24 15:08:52');
INSERT INTO `oauth_access_tokens` VALUES ('795396563e839c51e4013108b6ddf5f06d7a31e48f9cfd3636348fae7dfe019da3faadfa78e691eb', '102', '1', 'MyApp', '[]', '0', '2019-10-22 12:25:52', '2019-10-22 12:25:52', '2020-10-22 12:25:52');
INSERT INTO `oauth_access_tokens` VALUES ('796bb5151542be71812fa8416942aa8cb661045569908b7f6de60ccf43b9c4b5cd334df39a622d84', '19', '1', 'MyApp', '[]', '0', '2019-10-13 09:31:13', '2019-10-13 09:31:13', '2020-10-13 09:31:13');
INSERT INTO `oauth_access_tokens` VALUES ('7991399b6c0d885a4c4c7d7b19cf9fd625b4a979b645f8b4853a7d26525ea68a95340ddbdb232745', '19', '1', 'MyApp', '[]', '0', '2019-08-28 11:19:21', '2019-08-28 11:19:21', '2020-08-28 11:19:21');
INSERT INTO `oauth_access_tokens` VALUES ('79a1f48bbdce2df61f6a269e7664ca0f0f5db7e57cf05856480643216478add750f7a854f8f8327e', '118', '1', 'MyApp', '[]', '0', '2019-10-27 16:44:54', '2019-10-27 16:44:54', '2020-10-27 16:44:54');
INSERT INTO `oauth_access_tokens` VALUES ('79a7e2326725785ce9872b8c25cfca2a68a47af1377cfd767e39374114c7dc4bb5f168d3cb729f59', '29', '1', 'MyApp', '[]', '0', '2019-08-18 08:55:10', '2019-08-18 08:55:10', '2020-08-18 08:55:10');
INSERT INTO `oauth_access_tokens` VALUES ('7a83d19851963be5ba9e0c2cab86a6d7d5afdc9dc93558d871213d67f58a9257523bc4a811063e00', '109', '1', 'MyApp', '[]', '0', '2019-11-20 12:19:05', '2019-11-20 12:19:05', '2020-11-20 12:19:05');
INSERT INTO `oauth_access_tokens` VALUES ('7a99e2a422c220940b95decb9e459310ae22b56796db6a60c94a77f29009c335990e5ffebcb2e7ce', '3', '1', 'MyApp', '[]', '0', '2019-05-08 12:46:27', '2019-05-08 12:46:27', '2020-05-08 12:46:27');
INSERT INTO `oauth_access_tokens` VALUES ('7aa85e93daf60c643cff5d6c54181d49fa0fde70fd36fe163e4869cd840ec588a0498ea320ba7ab0', '32', '1', 'MyApp', '[]', '0', '2019-09-25 15:02:49', '2019-09-25 15:02:49', '2020-09-25 15:02:49');
INSERT INTO `oauth_access_tokens` VALUES ('7abcc667993e5d794c685f050bcc2cb5ceb1b90e19b301672a2ee41764e0b1d713857c9af1ae9740', '112', '1', 'MyApp', '[]', '0', '2019-10-29 15:53:17', '2019-10-29 15:53:17', '2020-10-29 15:53:17');
INSERT INTO `oauth_access_tokens` VALUES ('7ac5ddfa67414e3f981dc4c2547bcce49a0cec6abeb80089dc84f662b4b8c2468bb0fa62fb175884', '19', '1', 'MyApp', '[]', '0', '2019-10-08 10:19:57', '2019-10-08 10:19:57', '2020-10-08 10:19:57');
INSERT INTO `oauth_access_tokens` VALUES ('7ac784c65b76d78f7e8173cc6dee102da755e7da59a3d8b2669122ad4e4a5471d6a476d311c32055', '15', '1', 'MyApp', '[]', '0', '2019-09-25 13:39:53', '2019-09-25 13:39:53', '2020-09-25 13:39:53');
INSERT INTO `oauth_access_tokens` VALUES ('7aff3898185a7dbc9bfb903695681c27a608b5b92c983e81fe044ac7117b4a8d8da498755db89a87', '19', '1', 'MyApp', '[]', '0', '2019-09-02 08:02:21', '2019-09-02 08:02:21', '2020-09-02 08:02:21');
INSERT INTO `oauth_access_tokens` VALUES ('7b2412984f0f9fffecd0481060e422461d9df52b563b2a20afd19d2e53c8957ce6ef338ddd1b3d94', '29', '1', 'MyApp', '[]', '0', '2019-10-16 10:39:08', '2019-10-16 10:39:08', '2020-10-16 10:39:08');
INSERT INTO `oauth_access_tokens` VALUES ('7b4374eb8b0b182d9a330d3a78d6a23fa9d0d378125873a579c09004987d33d996633068c80f5553', '5', '1', 'MyApp', '[]', '0', '2019-06-24 09:49:15', '2019-06-24 09:49:15', '2020-06-24 09:49:15');
INSERT INTO `oauth_access_tokens` VALUES ('7b534151587a9d0cfe3ad4506131ad304fb889c5ef194019a48e952f03bd806856448fcd7340e753', '29', '1', 'MyApp', '[]', '0', '2019-08-26 15:04:17', '2019-08-26 15:04:17', '2020-08-26 15:04:17');
INSERT INTO `oauth_access_tokens` VALUES ('7b7a7eeab8009d74654e8b7903d86fbb8bfc7a4a84ab32d6ed674b900e99220a4fb6a1e48199830f', '19', '1', 'MyApp', '[]', '0', '2019-08-19 13:28:54', '2019-08-19 13:28:54', '2020-08-19 13:28:54');
INSERT INTO `oauth_access_tokens` VALUES ('7bbdf201a9ac07d0aab63736cc707b0dc0f99c84676f0f08d324b2cc16ee782cee3669347db14117', '15', '1', 'MyApp', '[]', '0', '2019-09-25 13:25:35', '2019-09-25 13:25:35', '2020-09-25 13:25:35');
INSERT INTO `oauth_access_tokens` VALUES ('7c2b281d778b3aa3bf3d5dafd55b207f16cb55b5be358437b4c8a9d9217bedfc799ad5e7b1e16fd5', null, '1', 'MyApp', '[]', '0', '2019-06-18 16:41:00', '2019-06-18 16:41:00', '2020-06-18 16:41:00');
INSERT INTO `oauth_access_tokens` VALUES ('7c3e344683c5f4e61087ba44d43b51be9c33675e0fa5b17083f7e762ecd7fcaaa0d021b50706eea9', '19', '1', 'MyApp', '[]', '0', '2019-08-19 13:28:49', '2019-08-19 13:28:49', '2020-08-19 13:28:49');
INSERT INTO `oauth_access_tokens` VALUES ('7c609f31e301ae5985a123dfaf774b19568e9937f38a3539b8b0b5c52b7e94ac7f976f4e211152b4', '15', '1', 'MyApp', '[]', '0', '2019-08-22 13:48:30', '2019-08-22 13:48:30', '2020-08-22 13:48:30');
INSERT INTO `oauth_access_tokens` VALUES ('7c6286e2992c870a562d212e23c911eae40c52b2418989716ccba62f0a914189b3c1a0e1961bb3de', '5', '1', 'MyApp', '[]', '0', '2019-10-09 12:47:49', '2019-10-09 12:47:49', '2020-10-09 12:47:49');
INSERT INTO `oauth_access_tokens` VALUES ('7c7ced64b94f6062f1657dc0a6f861251338304f22261811c0d808d8ce8caf5cb41b306f8644c6d6', '19', '1', 'MyApp', '[]', '0', '2019-08-19 13:25:38', '2019-08-19 13:25:38', '2020-08-19 13:25:38');
INSERT INTO `oauth_access_tokens` VALUES ('7cc8ddd6fab72b168336eef88d4aa3d0bbdca9f113a4a5c765443f62ab627179c4632a07a65695f7', '1', '1', 'MyApp', '[]', '0', '2019-05-30 11:01:32', '2019-05-30 11:01:32', '2020-05-30 11:01:32');
INSERT INTO `oauth_access_tokens` VALUES ('7ce91c8fd16fa42fa6396703ba18f6ca2cc2369d3958dc7b1c9f73a319f3defb1124e03647e58ca7', '15', '1', 'MyApp', '[]', '0', '2019-09-04 10:26:33', '2019-09-04 10:26:33', '2020-09-04 10:26:33');
INSERT INTO `oauth_access_tokens` VALUES ('7cf1ad304963f004cdfe7450de2a1cfb89514a097a323e15fa5c2b656cb6b124a6a17db155a7f491', '29', '1', 'MyApp', '[]', '0', '2019-08-08 15:13:56', '2019-08-08 15:13:56', '2020-08-08 15:13:56');
INSERT INTO `oauth_access_tokens` VALUES ('7d38d49de51208657747071dbfc990685d6e90d921a316a39f960c3d62301f11871f82c4c588dd6d', '15', '1', 'MyApp', '[]', '0', '2019-09-04 11:52:56', '2019-09-04 11:52:56', '2020-09-04 11:52:56');
INSERT INTO `oauth_access_tokens` VALUES ('7d47ba64a019cd05d6a349b94a413cc2eae88ac66e155772ce01dbc3465a8de596c3172970be80cf', '113', '1', 'MyApp', '[]', '0', '2019-10-28 14:10:30', '2019-10-28 14:10:30', '2020-10-28 14:10:30');
INSERT INTO `oauth_access_tokens` VALUES ('7db76310b66443fe44b945fd29b488c84450b9a79058d7adedc33f408d3d422ee9c9e7906f83e449', '29', '1', 'MyApp', '[]', '0', '2019-08-29 13:33:29', '2019-08-29 13:33:29', '2020-08-29 13:33:29');
INSERT INTO `oauth_access_tokens` VALUES ('7dbe391d00ab56687c80d093b7da2554d453f42636f63d1c2de256273f290ffa8ef3a88c799fda20', '19', '1', 'MyApp', '[]', '0', '2019-09-25 13:26:36', '2019-09-25 13:26:36', '2020-09-25 13:26:36');
INSERT INTO `oauth_access_tokens` VALUES ('7dcb0974afe4dd60bb25ba9115931f0b94d0e7cfa114cf3f796fc66fe0fb0b805382752e7cc035d5', '29', '1', 'MyApp', '[]', '0', '2019-10-17 12:24:45', '2019-10-17 12:24:45', '2020-10-17 12:24:45');
INSERT INTO `oauth_access_tokens` VALUES ('7de198790e21297bb863b6339798ecfc048d4d32cac06c91e0b99254c4ff495590c7bcc9df521313', '113', '1', 'MyApp', '[]', '0', '2019-10-24 18:50:00', '2019-10-24 18:50:00', '2020-10-24 18:50:00');
INSERT INTO `oauth_access_tokens` VALUES ('7e2113fba2cb85500e33e4eb965b8f99bc1e86a150aa33a2c89287bf3f91a952c0553271c26803f8', '5', '1', 'MyApp', '[]', '0', '2019-05-30 09:52:19', '2019-05-30 09:52:19', '2020-05-30 09:52:19');
INSERT INTO `oauth_access_tokens` VALUES ('7e2c5fb73ee517f46ac14fe4740ff4af06e4e3f1188b15c36820a0b4dad89270cc94f9ce6269cdba', '12', '1', 'MyApp', '[]', '0', '2019-06-13 09:01:23', '2019-06-13 09:01:23', '2020-06-13 09:01:23');
INSERT INTO `oauth_access_tokens` VALUES ('7e9dfc48dd7eac05f5629a90b747cbea02f7cbe345d47820ecd95882658e72f8721aeaa7c59837e6', '50', '1', 'MyApp', '[]', '0', '2019-08-20 13:35:10', '2019-08-20 13:35:10', '2020-08-20 13:35:10');
INSERT INTO `oauth_access_tokens` VALUES ('7f189f6ea777c6b80968076119bcb1b85ae22a9961fb3adeca910df1f904d8fa563aaa322aaa1356', '5', '1', 'MyApp', '[]', '0', '2019-09-18 09:33:53', '2019-09-18 09:33:53', '2020-09-18 09:33:53');
INSERT INTO `oauth_access_tokens` VALUES ('7f1c87c5312cace782df5231d4b87d439148ba468995d8dfb3b5b1973f77ef8d695e4ed306d9bbb4', '19', '1', 'MyApp', '[]', '0', '2019-10-14 09:52:04', '2019-10-14 09:52:04', '2020-10-14 09:52:04');
INSERT INTO `oauth_access_tokens` VALUES ('7f7728494d966f6d763eea6c225e0464dae94594427c7d6e6bccbe11d567c02a0dc13befad3b2ad6', '115', '1', 'MyApp', '[]', '0', '2019-11-03 13:17:58', '2019-11-03 13:17:58', '2020-11-03 13:17:58');
INSERT INTO `oauth_access_tokens` VALUES ('7f9fdc782e1fc4e6950ff9bd9a916a52157cf4a38ca9412a4f57bd4e30cb5fb35449b43c25d0713b', '12', '1', 'MyApp', '[]', '0', '2019-06-15 20:50:56', '2019-06-15 20:50:56', '2020-06-15 20:50:56');
INSERT INTO `oauth_access_tokens` VALUES ('7ff1b4d224ce87bba7e4a64480f20f4ea1e4e8ecf5c9a1ee24d3ec062a24d37654537dd66938d140', '15', '1', 'MyApp', '[]', '0', '2019-09-23 13:19:19', '2019-09-23 13:19:19', '2020-09-23 13:19:19');
INSERT INTO `oauth_access_tokens` VALUES ('8017706b259b2a6a65827315d95aedbe123ee6e783028836ee414ae93cb550af43d021d578f68c33', '12', '1', 'MyApp', '[]', '0', '2019-06-21 23:05:37', '2019-06-21 23:05:37', '2020-06-21 23:05:37');
INSERT INTO `oauth_access_tokens` VALUES ('80533e22cef4b0bf12f97329567299c55169ccf9c5bdae8d406159c791437dbbe8bd91cd76404b8c', '19', '1', 'MyApp', '[]', '0', '2019-10-09 11:39:03', '2019-10-09 11:39:03', '2020-10-09 11:39:03');
INSERT INTO `oauth_access_tokens` VALUES ('8077ee0a25c6037be42bf1798a04d3287c5f65115a821c99a9232872495204614f9e1e8c750d9260', '5', '1', 'MyApp', '[]', '0', '2019-08-01 16:09:26', '2019-08-01 16:09:26', '2020-08-01 16:09:26');
INSERT INTO `oauth_access_tokens` VALUES ('80d6b8fc620f9f01e49f04b45e165471abd09ca933d3cd10476724349e5db79304d79a3a089d4840', '19', '1', 'MyApp', '[]', '0', '2019-08-26 13:34:42', '2019-08-26 13:34:42', '2020-08-26 13:34:42');
INSERT INTO `oauth_access_tokens` VALUES ('80e2267bf27ee87aed93ecfbc78ccac03bb1959ba0dcf6870dd2aeb706e897dd6b51407cc5b0bf33', '19', '1', 'MyApp', '[]', '0', '2019-08-26 13:33:31', '2019-08-26 13:33:31', '2020-08-26 13:33:31');
INSERT INTO `oauth_access_tokens` VALUES ('80eee3c0747470834200e1e7c4a87852733f52aae0e72de10aace0938d0484451f8654000c5efb49', '5', '1', 'MyApp', '[]', '0', '2019-06-20 15:12:19', '2019-06-20 15:12:19', '2020-06-20 15:12:19');
INSERT INTO `oauth_access_tokens` VALUES ('81394d84b9ed612d04252f1a04274478a96c1fa55b6bc1e502954774f8e4a637f2523d80e57b468a', '12', '1', 'MyApp', '[]', '0', '2019-10-16 10:33:18', '2019-10-16 10:33:18', '2020-10-16 10:33:18');
INSERT INTO `oauth_access_tokens` VALUES ('8161bb3d79541ee72ff2a8ec013f53894ee850e90e0db7c663d9fcbd06e853ad3ebbaeb37b5b7750', '29', '1', 'MyApp', '[]', '0', '2019-10-09 08:15:47', '2019-10-09 08:15:47', '2020-10-09 08:15:47');
INSERT INTO `oauth_access_tokens` VALUES ('8173fc092d63fb19caef8f2fe60f7dc771ba2de6572a778962dc50d60aad9b2a4c57a7f738862dfc', '109', '1', 'MyApp', '[]', '0', '2019-11-17 12:38:44', '2019-11-17 12:38:44', '2020-11-17 12:38:44');
INSERT INTO `oauth_access_tokens` VALUES ('817714de1f228d0dd744c57a6f768bd549b9f96d885b7dde47386c672a957d6c979aee4b91168a69', '68', '1', 'MyApp', '[]', '0', '2019-09-24 14:57:20', '2019-09-24 14:57:20', '2020-09-24 14:57:20');
INSERT INTO `oauth_access_tokens` VALUES ('8196cb9fb79e2d00965f29e60a4726fa6cd730cf145fd85f9ea337553af584ce322868b9d4fa418c', '112', '1', 'MyApp', '[]', '0', '2019-10-29 11:53:30', '2019-10-29 11:53:30', '2020-10-29 11:53:30');
INSERT INTO `oauth_access_tokens` VALUES ('81999f4ebd67676dec7b43f43a4513546d0d93f9ef68fe38d08ad704a8506d58ec27fdd68a76a3a1', '15', '1', 'MyApp', '[]', '0', '2019-08-19 13:32:17', '2019-08-19 13:32:17', '2020-08-19 13:32:17');
INSERT INTO `oauth_access_tokens` VALUES ('81a5c39d6d0ea5e7be602dfad6599215aefa15b06102ef50c8865625825ec583c64ea2664bfe9218', '15', '1', 'MyApp', '[]', '0', '2019-09-25 13:40:03', '2019-09-25 13:40:03', '2020-09-25 13:40:03');
INSERT INTO `oauth_access_tokens` VALUES ('81ff889c2df200d5ceb490014bb152eb2b5fe0c6721f8d4d2ccfec23f783e655a7e87693e6aa1ccf', '15', '1', 'MyApp', '[]', '0', '2019-08-19 14:04:37', '2019-08-19 14:04:37', '2020-08-19 14:04:37');
INSERT INTO `oauth_access_tokens` VALUES ('820fed3a0bc0ac24a6154cc355f01819d156eff0171b6910000b028b734b264a9e7f1a3e9b1057e0', '15', '1', 'MyApp', '[]', '0', '2019-09-25 13:22:55', '2019-09-25 13:22:55', '2020-09-25 13:22:55');
INSERT INTO `oauth_access_tokens` VALUES ('82286687c079b33084923d224493495d256dff21111d276f332fe620c3989ba8598741e952f9b3a7', '29', '1', 'MyApp', '[]', '0', '2019-08-18 15:21:42', '2019-08-18 15:21:42', '2020-08-18 15:21:42');
INSERT INTO `oauth_access_tokens` VALUES ('823cde1fde24d0ac771b9514397dfc2a3943fb5e27f7b28227cb0bd8986170feaf9cf5438acd574c', '19', '1', 'MyApp', '[]', '0', '2019-09-24 09:40:18', '2019-09-24 09:40:18', '2020-09-24 09:40:18');
INSERT INTO `oauth_access_tokens` VALUES ('823f970cfeba69f5fe633f87c8bbc905b0eccdaebdc072afd50b020cef1792871ce1c125ae88cc37', null, '1', 'MyApp', '[]', '0', '2019-06-18 16:39:47', '2019-06-18 16:39:47', '2020-06-18 16:39:47');
INSERT INTO `oauth_access_tokens` VALUES ('825c029a3d95bb4f878b4d1f0b7877d748a2646ccac75801589580fa3fa2af255e501a49eb33dc08', '58', '1', 'MyApp', '[]', '0', '2019-09-05 12:18:26', '2019-09-05 12:18:26', '2020-09-05 12:18:26');
INSERT INTO `oauth_access_tokens` VALUES ('828a57b309ab1f1220d49f16d40d28a87096ee1d81f66fa7179a0daca96d657ba896e5cf9fc564a1', '19', '1', 'MyApp', '[]', '0', '2019-08-19 13:25:38', '2019-08-19 13:25:38', '2020-08-19 13:25:38');
INSERT INTO `oauth_access_tokens` VALUES ('82e6369815bdfbf75a3450b2a10cf8cf924967b8f33091eed4ef98f89a734109232851f38b4e92be', '29', '1', 'MyApp', '[]', '0', '2019-10-07 15:46:08', '2019-10-07 15:46:08', '2020-10-07 15:46:08');
INSERT INTO `oauth_access_tokens` VALUES ('82e9eda114024b016fc192bee182e0b3a49a092967249aa76ebf9f5f3e84d1ae352c5bbeeed12052', '12', '1', 'MyApp', '[]', '0', '2019-06-25 09:19:11', '2019-06-25 09:19:11', '2020-06-25 09:19:11');
INSERT INTO `oauth_access_tokens` VALUES ('831004c57999562be36d6f1ea627aa9209766632ec8b3c15bfeae88fe91d0e4af3ed179f1598c872', '109', '1', 'MyApp', '[]', '0', '2019-10-24 14:33:21', '2019-10-24 14:33:21', '2020-10-24 14:33:21');
INSERT INTO `oauth_access_tokens` VALUES ('831abaa0ccf0ebe5923592dc0004cc12c8f9bf5175ec6b0ccb0de75f87607f8a1e08f350c0b368bc', '102', '1', 'MyApp', '[]', '0', '2019-10-15 00:08:09', '2019-10-15 00:08:09', '2020-10-15 00:08:09');
INSERT INTO `oauth_access_tokens` VALUES ('832022ed6709cd3270f00cbd6e8dd21677de3c052af55226f355a24430b30dc673d4185ec2b0369f', '29', '1', 'MyApp', '[]', '0', '2019-09-17 08:00:21', '2019-09-17 08:00:21', '2020-09-17 08:00:21');
INSERT INTO `oauth_access_tokens` VALUES ('83daba825cf0b2e82d1b02555018740e95b0a4db7f7a36e8f3336b0f039b650b9d74439920a14f97', '29', '1', 'MyApp', '[]', '0', '2019-08-27 08:35:38', '2019-08-27 08:35:38', '2020-08-27 08:35:38');
INSERT INTO `oauth_access_tokens` VALUES ('83f495b93dafac58d601c192703d3dc4c6609f901dc3a45f50786c2c467868aa9f20cf36c2dd404e', '19', '1', 'MyApp', '[]', '0', '2019-09-25 13:26:24', '2019-09-25 13:26:24', '2020-09-25 13:26:24');
INSERT INTO `oauth_access_tokens` VALUES ('84098d2f36141797c8747289babacc739b3ffce61564096d008a9c7d1fb288831a99b5f0ef3e0d83', '15', '1', 'MyApp', '[]', '0', '2019-08-08 16:37:13', '2019-08-08 16:37:13', '2020-08-08 16:37:13');
INSERT INTO `oauth_access_tokens` VALUES ('8415631a546529d53766e3aa6c462c12e23bedf1e90a251e1fdf6531e139f0b4b43c7458b007960f', null, '1', 'MyApp', '[]', '0', '2019-06-24 10:14:40', '2019-06-24 10:14:40', '2020-06-24 10:14:40');
INSERT INTO `oauth_access_tokens` VALUES ('841c29133b32b326ab04db028a0552ac97d776dd1a38e478e8b326daaee6eaa30ef1f6a118be6438', '19', '1', 'MyApp', '[]', '0', '2019-09-30 14:53:32', '2019-09-30 14:53:32', '2020-09-30 14:53:32');
INSERT INTO `oauth_access_tokens` VALUES ('8457cead9e3b44834dfb4ef6b9a0a52fea4e33c635461b8f3afc0cf46a72755777b197beb2611845', '19', '1', 'MyApp', '[]', '0', '2019-08-19 13:28:10', '2019-08-19 13:28:10', '2020-08-19 13:28:10');
INSERT INTO `oauth_access_tokens` VALUES ('8472822286ef3335b42fb6d65b2a1d4bbdb19fa299c6876348e98c77ee63cf27056c353ae2e2be3d', '19', '1', 'MyApp', '[]', '0', '2019-09-25 13:18:59', '2019-09-25 13:18:59', '2020-09-25 13:18:59');
INSERT INTO `oauth_access_tokens` VALUES ('847a94cc4fcba7a8cdb2f4ddb5f588551bf250190d9ab4e3d3038db60af0a23dcdf1aab93178b455', '13', '1', 'MyApp', '[]', '0', '2019-05-30 11:46:08', '2019-05-30 11:46:08', '2020-05-30 11:46:08');
INSERT INTO `oauth_access_tokens` VALUES ('847d469ad0f39c2a116f79fbd64693fabc9728a2779c461c3f0174dff58ad60219a075eebdd76123', '19', '1', 'MyApp', '[]', '0', '2019-08-18 10:36:24', '2019-08-18 10:36:24', '2020-08-18 10:36:24');
INSERT INTO `oauth_access_tokens` VALUES ('84a166f49845cc448a00a80583bca62bee4d744ec6476f5fe0cbb920390161f9e79ca1e01576134d', '19', '1', 'MyApp', '[]', '0', '2019-09-29 15:41:37', '2019-09-29 15:41:37', '2020-09-29 15:41:37');
INSERT INTO `oauth_access_tokens` VALUES ('84a9f9da74367b76c9676b9f216cc3a22e1c37b2f5325d5115d799328adf4498f88aeee3ea703ce6', '121', '1', 'MyApp', '[]', '0', '2019-10-31 17:26:29', '2019-10-31 17:26:29', '2020-10-31 17:26:29');
INSERT INTO `oauth_access_tokens` VALUES ('84b9d3eb4c29434ba284abcc0dbf79a7a518d207bab67cb4b609aaae3b7c13e2fab470b2f197dcea', '5', '1', 'MyApp', '[]', '0', '2019-08-22 14:25:45', '2019-08-22 14:25:45', '2020-08-22 14:25:45');
INSERT INTO `oauth_access_tokens` VALUES ('8503e0575f62cf6d3795738e4d3fd40e642e72c3fd27dbab32d92a15be21b172e226d07c880111bc', '128', '1', 'MyApp', '[]', '0', '2019-11-03 16:49:14', '2019-11-03 16:49:14', '2020-11-03 16:49:14');
INSERT INTO `oauth_access_tokens` VALUES ('85292b88267a96b814dc751944130c1273f0fa2eb2a4e136299b1a22799af5fcc653b508d78693e6', '19', '1', 'MyApp', '[]', '0', '2019-09-08 11:22:59', '2019-09-08 11:22:59', '2020-09-08 11:22:59');
INSERT INTO `oauth_access_tokens` VALUES ('853dc613527ec7fd6bc79625f76c672d86d749cba87969f5aaaf36d91e16c5e87e842120af98d08b', '29', '1', 'MyApp', '[]', '0', '2019-10-23 10:20:46', '2019-10-23 10:20:46', '2020-10-23 10:20:46');
INSERT INTO `oauth_access_tokens` VALUES ('854d2a9391ceb814b58603d42dcfc79eb161dd80a1ea16ae4fc344fa8948566949e380f9cac83a9a', '15', '1', 'MyApp', '[]', '0', '2019-06-11 09:37:22', '2019-06-11 09:37:22', '2020-06-11 09:37:22');
INSERT INTO `oauth_access_tokens` VALUES ('856c4fe1d45270a8b8ed2367785faf9d67452d78d43af60fb6e3f1b366d4bd4e8d0c4e7d4323ea0a', '19', '1', 'MyApp', '[]', '0', '2019-09-25 13:25:08', '2019-09-25 13:25:08', '2020-09-25 13:25:08');
INSERT INTO `oauth_access_tokens` VALUES ('8570777964a1169b42beebcb3acc04bef8be188a4b57124279ba416567da06081fb95dbdc3121153', '29', '1', 'MyApp', '[]', '0', '2019-08-26 12:29:09', '2019-08-26 12:29:09', '2020-08-26 12:29:09');
INSERT INTO `oauth_access_tokens` VALUES ('859d9adb2af873a9ab3971a89ceb500099a25335aca3eeb8f3232b566a4a52cf08e23bb9fa7e46b3', '102', '1', 'MyApp', '[]', '0', '2019-10-22 09:26:36', '2019-10-22 09:26:36', '2020-10-22 09:26:36');
INSERT INTO `oauth_access_tokens` VALUES ('85a8e40bc31dd96dd1d56bdca511a419a9091e71bf7d870d2df041af29d8a093b230e3ad58cfe476', '68', '1', 'MyApp', '[]', '0', '2019-09-24 15:01:48', '2019-09-24 15:01:48', '2020-09-24 15:01:48');
INSERT INTO `oauth_access_tokens` VALUES ('85ce3d70b8d082dad7b6a5fdfc302c6397eb2ecb5916326f47e769d0b4617a4f7eec37ed85476c9e', '57', '1', 'MyApp', '[]', '0', '2019-08-29 16:16:11', '2019-08-29 16:16:11', '2020-08-29 16:16:11');
INSERT INTO `oauth_access_tokens` VALUES ('864538cac558ab2582e4bb7ccfa046a643a8e407d28b988342333f508c0d1696813a0fc45c72eccd', '109', '1', 'MyApp', '[]', '0', '2019-11-17 12:32:25', '2019-11-17 12:32:25', '2020-11-17 12:32:25');
INSERT INTO `oauth_access_tokens` VALUES ('867dd01b3c6042ea3f83ca7a18a140119d716a926085ec0f74b4c5515d68e52d128711deb53f1ac8', '109', '1', 'MyApp', '[]', '0', '2019-10-24 12:55:39', '2019-10-24 12:55:39', '2020-10-24 12:55:39');
INSERT INTO `oauth_access_tokens` VALUES ('868d23585a898682b7ec62073e4f0641a9be024f0b1d3621c1abfcff6e421021480e8760540449e2', null, '1', 'MyApp', '[]', '0', '2019-06-24 09:47:10', '2019-06-24 09:47:10', '2020-06-24 09:47:10');
INSERT INTO `oauth_access_tokens` VALUES ('86f73b44f448ec5d03714916c03baabd7497827507c0d7d26b2926255fd4c046412a92683e5bc500', '29', '1', 'MyApp', '[]', '0', '2019-08-13 22:18:23', '2019-08-13 22:18:23', '2020-08-13 22:18:23');
INSERT INTO `oauth_access_tokens` VALUES ('870a5d69b1d5bcfa0414bfe88bba9d0bddc231a202c709ad6d86b1bee1987adcd7aa8f8d99c0b8eb', '15', '1', 'MyApp', '[]', '0', '2019-08-19 14:09:32', '2019-08-19 14:09:32', '2020-08-19 14:09:32');
INSERT INTO `oauth_access_tokens` VALUES ('8722e624eb0e1930e79ea8ded404b57ea5917bd978debac9d32373f5a5b9eba4a5588c2800a85b56', '19', '1', 'MyApp', '[]', '0', '2019-09-01 11:08:02', '2019-09-01 11:08:02', '2020-09-01 11:08:02');
INSERT INTO `oauth_access_tokens` VALUES ('873bcdfb28c1023d23ef2a6869966032ad034d913ee78b815deaeae8907fabf49b1bdd9108a6e194', '109', '1', 'MyApp', '[]', '0', '2019-10-24 13:16:42', '2019-10-24 13:16:42', '2020-10-24 13:16:42');
INSERT INTO `oauth_access_tokens` VALUES ('873d059c80b4db44b1b7433d8296fb79651ca454e1afdb76c1cd11fd4c4198d3d9bf0ec349d31843', '128', '1', 'MyApp', '[]', '0', '2019-11-19 14:20:39', '2019-11-19 14:20:39', '2020-11-19 14:20:39');
INSERT INTO `oauth_access_tokens` VALUES ('87629feb34ca3a4b4d1d9d784fac4f50abe9efe74de77c5d8fc05aff7ba04909f79e1b536e1b05f5', '32', '1', 'MyApp', '[]', '0', '2019-09-24 11:29:06', '2019-09-24 11:29:06', '2020-09-24 11:29:06');
INSERT INTO `oauth_access_tokens` VALUES ('876ad58997b85443f6046cfc8532deb477ce0fe929c5dfaa747795d1e7b9e0420728db67f06cd181', '64', '1', 'MyApp', '[]', '0', '2019-10-10 10:40:18', '2019-10-10 10:40:18', '2020-10-10 10:40:18');
INSERT INTO `oauth_access_tokens` VALUES ('880c2b04de0f6ce11ce83e74e1c11c7895383df28b0d335d7afce10ef2f7c111d0d2d67348d57dbd', '32', '1', 'MyApp', '[]', '0', '2019-08-26 14:41:02', '2019-08-26 14:41:02', '2020-08-26 14:41:02');
INSERT INTO `oauth_access_tokens` VALUES ('881ecc5a037c96b927e51bdcf85d7f92464517bb989039f42e6d0de1f65715e20174a5ee4fa5bc7d', '121', '1', 'MyApp', '[]', '0', '2019-10-29 14:55:15', '2019-10-29 14:55:15', '2020-10-29 14:55:15');
INSERT INTO `oauth_access_tokens` VALUES ('8833cb82b3ee1c07fe77086e4f5b5069be0b2d26ccda20edb779978ce21ca817e7b9d1d909d92da5', '19', '1', 'MyApp', '[]', '0', '2019-08-19 13:22:16', '2019-08-19 13:22:16', '2020-08-19 13:22:16');
INSERT INTO `oauth_access_tokens` VALUES ('885052669ec29e339c775935b5ab675196c0ba628387d89cffbe99ff129c12ace16655b84546a9a4', '12', '1', 'MyApp', '[]', '0', '2019-06-20 12:55:37', '2019-06-20 12:55:37', '2020-06-20 12:55:37');
INSERT INTO `oauth_access_tokens` VALUES ('88668d8d65043391f4b31eae7ac6813c7b4924eff56131b6a9757f163c4562a15c493959df73a863', '10', '1', 'MyApp', '[]', '0', '2019-05-30 10:52:52', '2019-05-30 10:52:52', '2020-05-30 10:52:52');
INSERT INTO `oauth_access_tokens` VALUES ('888fe0f4516db017a033c4563778a5763b83ef93ba34f831c306424960e2f15a923395e7b0908c39', '111', '1', 'MyApp', '[]', '0', '2019-11-03 12:54:20', '2019-11-03 12:54:20', '2020-11-03 12:54:20');
INSERT INTO `oauth_access_tokens` VALUES ('88a5753820efe08715682a88f76f6a79b3e2e09ccf9f068e1f368647b20b22a20535c22693d0c5c4', '19', '1', 'MyApp', '[]', '0', '2019-08-25 15:12:41', '2019-08-25 15:12:41', '2020-08-25 15:12:41');
INSERT INTO `oauth_access_tokens` VALUES ('88df14d1370b52af8456ba6581b9a4b87dd912b92078291013bd072c574739a8713391e105d89460', '19', '1', 'MyApp', '[]', '0', '2019-08-19 13:27:47', '2019-08-19 13:27:47', '2020-08-19 13:27:47');
INSERT INTO `oauth_access_tokens` VALUES ('88e613f715b6a82168614b17dcd07cb2322e77191a5d0dff0b037ba4ccaf373b8264eeb1f90949bf', '19', '1', 'MyApp', '[]', '0', '2019-09-26 14:09:19', '2019-09-26 14:09:19', '2020-09-26 14:09:19');
INSERT INTO `oauth_access_tokens` VALUES ('88efcf2aeb3c4c3ab497d65c6f7f8017e3de4668c97d553f3fadac07bfcf80056ed4dd7733f609cb', '50', '1', 'MyApp', '[]', '0', '2019-08-25 14:05:15', '2019-08-25 14:05:15', '2020-08-25 14:05:15');
INSERT INTO `oauth_access_tokens` VALUES ('88f1c46afbea615acb618cc3acc73a4d72cfa7319b666c772217a0b27c81fa455a32f4678fb7921c', '108', '1', 'MyApp', '[]', '0', '2019-10-23 11:42:45', '2019-10-23 11:42:45', '2020-10-23 11:42:45');
INSERT INTO `oauth_access_tokens` VALUES ('891c2e4711cf8d15302c731eacac3e552303f55d0251643a5a6374fefd5ed87f9b3d6d370ae9ef04', '15', '1', 'MyApp', '[]', '0', '2019-08-19 13:57:46', '2019-08-19 13:57:46', '2020-08-19 13:57:46');
INSERT INTO `oauth_access_tokens` VALUES ('8926a3f4bbaeec556da7a3aa9ab7d64cea47c49fcc3dc2857f2ec2863f0d10b9ced04f9beabe1479', '109', '1', 'MyApp', '[]', '0', '2019-10-24 12:10:55', '2019-10-24 12:10:55', '2020-10-24 12:10:55');
INSERT INTO `oauth_access_tokens` VALUES ('8940bf133e0032130a6fea4ec7c86fc1baedc1d3f009b8a61626a210714f2131c4b39109039d182a', '29', '1', 'MyApp', '[]', '0', '2019-08-16 21:11:39', '2019-08-16 21:11:39', '2020-08-16 21:11:39');
INSERT INTO `oauth_access_tokens` VALUES ('89b717444cce9ddc84963a5abd5430f11a7ce25a88358d507af96e33acfa44c4535daf6ff74e3f24', null, '1', 'MyApp', '[]', '0', '2019-06-24 11:29:51', '2019-06-24 11:29:51', '2020-06-24 11:29:51');
INSERT INTO `oauth_access_tokens` VALUES ('89d1c07f64653d5e00ce3fac517e46aadcb56f96f19e7fe96b34b01c70f6c990cea5d1f9321ba8ab', '15', '1', 'MyApp', '[]', '0', '2019-08-19 13:30:57', '2019-08-19 13:30:57', '2020-08-19 13:30:57');
INSERT INTO `oauth_access_tokens` VALUES ('89e786516e5d4785fc513ee45267257348c15248cb5fab381e6cd2cd4d9a1c1876361703760058d8', null, '1', 'MyApp', '[]', '0', '2019-06-24 09:19:38', '2019-06-24 09:19:38', '2020-06-24 09:19:38');
INSERT INTO `oauth_access_tokens` VALUES ('8a75f5b8f120c6da84519f0f19498b12e2b3ca73f5af29682a5b83d4e1e402db7c974349f69a95ec', '19', '1', 'MyApp', '[]', '0', '2019-09-01 09:20:03', '2019-09-01 09:20:03', '2020-09-01 09:20:03');
INSERT INTO `oauth_access_tokens` VALUES ('8a92811bd44c842fef858a42df2abbad80c18f35c50e4dc336362401006d63b644f9f0731dc1304e', '32', '1', 'MyApp', '[]', '0', '2019-08-28 12:18:46', '2019-08-28 12:18:46', '2020-08-28 12:18:46');
INSERT INTO `oauth_access_tokens` VALUES ('8aade8b5b52892da9216910298fb979a29be83f7c5fa42813538ed9c4d82cb08fa041fc94131d6e9', '70', '1', 'MyApp', '[]', '0', '2019-09-24 15:40:03', '2019-09-24 15:40:03', '2020-09-24 15:40:03');
INSERT INTO `oauth_access_tokens` VALUES ('8af8a10b76dff61ad343e10a3b1588f816df06cd31a519835ca428e6fa7328cd2ce04ae1484db33d', '15', '1', 'MyApp', '[]', '0', '2019-09-04 13:22:54', '2019-09-04 13:22:54', '2020-09-04 13:22:54');
INSERT INTO `oauth_access_tokens` VALUES ('8b1f4c09fce8a6de525eb37b42ca346678763961f53adf8bda163037a061124357b8cace72bd69d5', '19', '1', 'MyApp', '[]', '0', '2019-08-08 15:06:05', '2019-08-08 15:06:05', '2020-08-08 15:06:05');
INSERT INTO `oauth_access_tokens` VALUES ('8b21039eee4b5e1d196eff285c0f95fc2403155399459508e5d5ee9a691fdb87e3c5210c0fda7252', '102', '1', 'MyApp', '[]', '0', '2019-10-22 08:06:37', '2019-10-22 08:06:37', '2020-10-22 08:06:37');
INSERT INTO `oauth_access_tokens` VALUES ('8b692b4ac6fd7e832b80b9b9dda9eb6a62e6344f3556932eecb3ec06685331a2266d392cbe554b45', '100', '1', 'MyApp', '[]', '0', '2019-09-26 11:52:56', '2019-09-26 11:52:56', '2020-09-26 11:52:56');
INSERT INTO `oauth_access_tokens` VALUES ('8b8b3ba72d632193b751728652a6989e4045f7c7073596f5ce8cfe1cb5c4622796aa223de41829af', '109', '1', 'MyApp', '[]', '0', '2019-10-24 12:38:55', '2019-10-24 12:38:55', '2020-10-24 12:38:55');
INSERT INTO `oauth_access_tokens` VALUES ('8bb1105a1f17abb92e32917ff2d421f8a680166d0eeea9a0eb822033cf8c16ca91714675c5d89973', '19', '1', 'MyApp', '[]', '0', '2019-08-19 13:26:15', '2019-08-19 13:26:15', '2020-08-19 13:26:15');
INSERT INTO `oauth_access_tokens` VALUES ('8c2dfb5fb49f278e272b7a107074b8d472698d29df3afb0d3bdb28572dfea7cccac69632490ff488', '32', '1', 'MyApp', '[]', '0', '2019-08-26 15:14:21', '2019-08-26 15:14:21', '2020-08-26 15:14:21');
INSERT INTO `oauth_access_tokens` VALUES ('8c4a659003e99f86493fbd596fadd3f87eece1564642cc231a2925a3ae8d2f4c00ce1dbf89cbf390', '70', '1', 'MyApp', '[]', '0', '2019-09-24 15:42:00', '2019-09-24 15:42:00', '2020-09-24 15:42:00');
INSERT INTO `oauth_access_tokens` VALUES ('8c6fbeb73f6f7c3769880670ce30f4a8082efe56678a7309a63797fb86c4caa4784d78f88b17cd8f', '19', '1', 'MyApp', '[]', '0', '2019-09-04 16:06:43', '2019-09-04 16:06:43', '2020-09-04 16:06:43');
INSERT INTO `oauth_access_tokens` VALUES ('8d2c02635c742c767cb37998a9180d5c72e125c7331351a5a5f5e822ff991dbc9e2fbd94f5e55d20', '19', '1', 'MyApp', '[]', '0', '2019-09-25 13:15:08', '2019-09-25 13:15:08', '2020-09-25 13:15:08');
INSERT INTO `oauth_access_tokens` VALUES ('8d6c0ce683cbe37bfe5728e99cbb84f7e4fc7b27a82dd7b2e2512b87cd18c3b28a6df42e8f7cb354', '19', '1', 'MyApp', '[]', '0', '2019-08-28 10:07:42', '2019-08-28 10:07:42', '2020-08-28 10:07:42');
INSERT INTO `oauth_access_tokens` VALUES ('8da91954c76a87e78e2890f3c861682024f49f99d92dcd0f65892f99c23e3ebed5a2143da202560b', '19', '1', 'MyApp', '[]', '0', '2019-08-26 09:43:34', '2019-08-26 09:43:34', '2020-08-26 09:43:34');
INSERT INTO `oauth_access_tokens` VALUES ('8dc671b248f25148a2c410ba978f559370b37da803ad766bad1249b7269a972c2320a61f17b17dff', '12', '1', 'MyApp', '[]', '0', '2019-06-25 09:27:34', '2019-06-25 09:27:34', '2020-06-25 09:27:34');
INSERT INTO `oauth_access_tokens` VALUES ('8dfe648fe687ab74bd7bd634fd305301d169cfc3593e874f02c43712f48f3bee24833b55a3a7556f', '19', '1', 'MyApp', '[]', '0', '2019-09-25 13:24:38', '2019-09-25 13:24:38', '2020-09-25 13:24:38');
INSERT INTO `oauth_access_tokens` VALUES ('8e167b8497093737174b994ca97eeaae5f915e81df08b9ae6b00f5d94e4d60fa963af1cf8bfd0d3b', '19', '1', 'MyApp', '[]', '0', '2019-09-25 13:26:13', '2019-09-25 13:26:13', '2020-09-25 13:26:13');
INSERT INTO `oauth_access_tokens` VALUES ('8e2b6548935e20f829bc4b4597f3b2f987c137501b442600b5fee92a2952f800e4790893db61b2fd', '19', '1', 'MyApp', '[]', '0', '2019-08-28 14:00:51', '2019-08-28 14:00:51', '2020-08-28 14:00:51');
INSERT INTO `oauth_access_tokens` VALUES ('8e496edd23c00292369e8cc275e83647a2120b7fadd6dc70f00c9c7bd3a5ab869bd146b45c175fa1', '15', '1', 'MyApp', '[]', '0', '2019-09-25 13:22:55', '2019-09-25 13:22:55', '2020-09-25 13:22:55');
INSERT INTO `oauth_access_tokens` VALUES ('8e5c9a1d3accf5c764fb26423a01a11c5a5ef38b0d932cdea58bd8f12b6379d9254a579588eebf9d', '112', '1', 'MyApp', '[]', '0', '2019-10-31 13:07:43', '2019-10-31 13:07:43', '2020-10-31 13:07:43');
INSERT INTO `oauth_access_tokens` VALUES ('8ecc2d60fac5404025d69baa0d1733a6a80cf8a0376f0c3cff92aac57e5192d20f102a0af0e38af6', '64', '1', 'MyApp', '[]', '0', '2019-09-24 10:09:18', '2019-09-24 10:09:18', '2020-09-24 10:09:18');
INSERT INTO `oauth_access_tokens` VALUES ('8eed6eb9d6490aa96142240c2cb1335f3e3402b47b261eec9e4d03b41ddd917d192aa71220a96c8e', '15', '1', 'MyApp', '[]', '0', '2019-09-25 13:22:37', '2019-09-25 13:22:37', '2020-09-25 13:22:37');
INSERT INTO `oauth_access_tokens` VALUES ('8ef0fcabc7584b0445cbce022c3a2b4d974bd44a33e51072266dcada145f259f08409e178839b817', '111', '1', 'MyApp', '[]', '0', '2019-10-23 16:46:53', '2019-10-23 16:46:53', '2020-10-23 16:46:53');
INSERT INTO `oauth_access_tokens` VALUES ('8ef3cbf60337afc071233a683bc12afcee73042683ef04183b5817ea6a8cb566b16a8869b9bbc3de', '109', '1', 'MyApp', '[]', '0', '2019-10-30 11:49:45', '2019-10-30 11:49:45', '2020-10-30 11:49:45');
INSERT INTO `oauth_access_tokens` VALUES ('8ef95eff1e61f3e0b466d19387438b21288aea60da8079d52a77681c39079cd27efdf71042cca8ac', '10', '1', 'MyApp', '[]', '0', '2019-05-30 11:02:52', '2019-05-30 11:02:52', '2020-05-30 11:02:52');
INSERT INTO `oauth_access_tokens` VALUES ('8efa8afbfd9bf99a27e5d6daa7a753920527d454272a5689571c15ffa76dd6dfde199dda95437546', '112', '1', 'MyApp', '[]', '0', '2019-10-31 15:00:27', '2019-10-31 15:00:27', '2020-10-31 15:00:27');
INSERT INTO `oauth_access_tokens` VALUES ('8f152790dcab95793073863d8c51ab937d36260d43c3b136e95706202b5885cc8a27b3a670407d6e', '15', '1', 'MyApp', '[]', '0', '2019-08-19 14:09:59', '2019-08-19 14:09:59', '2020-08-19 14:09:59');
INSERT INTO `oauth_access_tokens` VALUES ('8f55604f7e294eec0a5705496f187fb76b7e6c726e783d0170303e8c806b7a35f52842847fbcee7d', '19', '1', 'MyApp', '[]', '0', '2019-08-19 13:26:41', '2019-08-19 13:26:41', '2020-08-19 13:26:41');
INSERT INTO `oauth_access_tokens` VALUES ('8faf86e264fc1d1deb4fea6030adf249736964f0049f784245a19babc11e3cb0cc610e36e43f5401', '15', '1', 'MyApp', '[]', '0', '2019-09-25 13:21:24', '2019-09-25 13:21:24', '2020-09-25 13:21:24');
INSERT INTO `oauth_access_tokens` VALUES ('90066e082c491a645fe12562cde97d9e36e85b5d660a4806a1349d5c4f3436ad6d3954afe1a1cccd', null, '1', 'MyApp', '[]', '0', '2019-06-24 15:00:58', '2019-06-24 15:00:58', '2020-06-24 15:00:58');
INSERT INTO `oauth_access_tokens` VALUES ('900d5878486d58d8906742ac29d12a444bcfa48a0ee23d76711e86e19a155149b86ff29e0db92759', '128', '1', 'MyApp', '[]', '0', '2019-11-13 13:00:31', '2019-11-13 13:00:31', '2020-11-13 13:00:31');
INSERT INTO `oauth_access_tokens` VALUES ('90aab8a7f889d918db4db8bb9535f0e00269c170143f57cc2d6934a38756660e8b59b34b2351c4cc', '15', '1', 'MyApp', '[]', '0', '2019-08-29 11:39:57', '2019-08-29 11:39:57', '2020-08-29 11:39:57');
INSERT INTO `oauth_access_tokens` VALUES ('90b423e17df2e120159087adf7f4a48267ffa4d0ef0ad3fa2512204772d926a619cfa154d60e5d92', '5', '1', 'MyApp', '[]', '0', '2019-07-01 12:31:19', '2019-07-01 12:31:19', '2020-07-01 12:31:19');
INSERT INTO `oauth_access_tokens` VALUES ('90e96f53b402d4aa4845877611ae26c992408ac48d743ed5de8346e3572fccf27474f44f4b67bb39', '19', '1', 'MyApp', '[]', '0', '2019-06-20 13:28:43', '2019-06-20 13:28:43', '2020-06-20 13:28:43');
INSERT INTO `oauth_access_tokens` VALUES ('91182193648fbb3d744c266f3b702c84154739ad47d737f7465f6b0cecd9414d3a61819ed7ad2f55', '19', '1', 'MyApp', '[]', '0', '2019-09-29 08:35:48', '2019-09-29 08:35:48', '2020-09-29 08:35:48');
INSERT INTO `oauth_access_tokens` VALUES ('91309bd39617107d31663a40f0aa2b5c980604a52d6d80471252bd6ee8853bad945775dcac169ac3', '128', '1', 'MyApp', '[]', '0', '2019-11-20 16:48:06', '2019-11-20 16:48:06', '2020-11-20 16:48:06');
INSERT INTO `oauth_access_tokens` VALUES ('91a2d13c242734bf883ad2afee147ee2f0e19b4e4f05e36496dfd7e812cbaad026371b37da65bcdc', '59', '1', 'MyApp', '[]', '0', '2019-09-05 12:17:48', '2019-09-05 12:17:48', '2020-09-05 12:17:48');
INSERT INTO `oauth_access_tokens` VALUES ('91bad554d341c8e8cec6478cb34f9de89e7a42383a051ad5c45e8d33eee296d8ff0001133e6171bc', '15', '1', 'MyApp', '[]', '0', '2019-08-19 13:29:56', '2019-08-19 13:29:56', '2020-08-19 13:29:56');
INSERT INTO `oauth_access_tokens` VALUES ('91bb2e211cf2ea8d67c08df2d2a126a30a9011bbd435407582814f01236253ddedbbec66535048d2', '15', '1', 'MyApp', '[]', '0', '2019-09-25 13:26:51', '2019-09-25 13:26:51', '2020-09-25 13:26:51');
INSERT INTO `oauth_access_tokens` VALUES ('91c16c12399c2fe0edc264c30a9512fc3c260dbd2e74a9f64b6fecfde584caf85fa70bc2e272fb6a', '68', '1', 'MyApp', '[]', '0', '2019-09-24 15:03:37', '2019-09-24 15:03:37', '2020-09-24 15:03:37');
INSERT INTO `oauth_access_tokens` VALUES ('91c20d59dbeb2840ae6d7e94eaea0844a318f1818525f5ef333fa8d125aecbeb2ed826d3204e83ce', '32', '1', 'MyApp', '[]', '0', '2019-08-08 16:25:20', '2019-08-08 16:25:20', '2020-08-08 16:25:20');
INSERT INTO `oauth_access_tokens` VALUES ('925977b9aea22c94b480272c1f8f4dc7c9498fb04cf184937fb11ce6500242381f5a1684e4ebe77c', '19', '1', 'MyApp', '[]', '0', '2019-09-11 13:16:15', '2019-09-11 13:16:15', '2020-09-11 13:16:15');
INSERT INTO `oauth_access_tokens` VALUES ('9312f4780b054c322edcd2782245ced916bd88bd82dcbd7e767a7b2a070a3a66ceaa830ad8b7a268', '70', '1', 'MyApp', '[]', '0', '2019-09-24 15:28:07', '2019-09-24 15:28:07', '2020-09-24 15:28:07');
INSERT INTO `oauth_access_tokens` VALUES ('9319cca728e36e1f3adddd7bf65f4f4edb17b632d2b13f9960aea439cfd2d1dc99296b0878d1fe09', '109', '1', 'MyApp', '[]', '0', '2019-10-30 23:46:49', '2019-10-30 23:46:49', '2020-10-30 23:46:49');
INSERT INTO `oauth_access_tokens` VALUES ('9336d0d8754a64e6ff0e51742ec4d13d76ecc5e8bb730f2fd344d85ea12a246f0a8544977e54305c', '52', '1', 'MyApp', '[]', '0', '2019-08-25 12:59:29', '2019-08-25 12:59:29', '2020-08-25 12:59:29');
INSERT INTO `oauth_access_tokens` VALUES ('9341db4af0fdb2505ffc3566e1ca9f83e188421447bc20bd646bb13edf5bf0738243378618982b62', '49', '1', 'MyApp', '[]', '0', '2019-08-19 14:21:28', '2019-08-19 14:21:28', '2020-08-19 14:21:28');
INSERT INTO `oauth_access_tokens` VALUES ('934f20e2a9e3f2bc759bf89da1e4461df143e9f21db4a3e402f58eea748378d738c0d0e4b28e8dec', '15', '1', 'MyApp', '[]', '0', '2019-09-25 13:39:54', '2019-09-25 13:39:54', '2020-09-25 13:39:54');
INSERT INTO `oauth_access_tokens` VALUES ('9362f4f1e7d9bd0436fc48d4fafcbbb91ee4285aa088c594a62f76c5201b887929468964ce33f127', '19', '1', 'MyApp', '[]', '0', '2019-09-25 13:22:47', '2019-09-25 13:22:47', '2020-09-25 13:22:47');
INSERT INTO `oauth_access_tokens` VALUES ('93bee9ed1189677f1ef9f498c525e21267f3909e9469b96025f43b08763870ca652af411cf520247', '19', '1', 'MyApp', '[]', '0', '2019-08-19 13:24:11', '2019-08-19 13:24:11', '2020-08-19 13:24:11');
INSERT INTO `oauth_access_tokens` VALUES ('93cb8e1802644220504e397a5e979bb6e746cd1bc1a9bae494add6de37b5190db29dd5c5416f659b', '19', '1', 'MyApp', '[]', '0', '2019-09-25 13:26:50', '2019-09-25 13:26:50', '2020-09-25 13:26:50');
INSERT INTO `oauth_access_tokens` VALUES ('93e194a14415a24f18f6f0977156867c55da0ef3ea92c6cb2ced8551a9d19724ea983a9d8cbe1d23', '29', '1', 'MyApp', '[]', '0', '2019-10-14 12:26:27', '2019-10-14 12:26:27', '2020-10-14 12:26:27');
INSERT INTO `oauth_access_tokens` VALUES ('9415b224c635834dfdcc3f3462150a3b31109c1ecc26f705093152374f2f9f74b81b9befb06f8b33', '14', '1', 'MyApp', '[]', '0', '2019-05-30 13:53:03', '2019-05-30 13:53:03', '2020-05-30 13:53:03');
INSERT INTO `oauth_access_tokens` VALUES ('942e706ed1ba356a3dc55d9d1151a9110ce348f32a79c8a4a7d4bf110d21740817cd188a7fb1314b', '108', '1', 'MyApp', '[]', '0', '2019-10-23 14:32:45', '2019-10-23 14:32:45', '2020-10-23 14:32:45');
INSERT INTO `oauth_access_tokens` VALUES ('9473b32e9fc42d0d6c1540e9fd677fb16779fedf5504ab0701cd7c0881a49b92d8701739533ff265', '50', '1', 'MyApp', '[]', '0', '2019-08-20 14:25:47', '2019-08-20 14:25:47', '2020-08-20 14:25:47');
INSERT INTO `oauth_access_tokens` VALUES ('9478b944e04cd04c8aee0ea3f97abd1074818d3e65cc05b2a6a502e06772f7813b78427c89e269cb', null, '1', 'MyApp', '[]', '0', '2019-06-25 09:26:50', '2019-06-25 09:26:50', '2020-06-25 09:26:50');
INSERT INTO `oauth_access_tokens` VALUES ('94b510fa22b6acaa5fbf803ba52d2d7fa79134083a775a76936861fa2803bb28c7413b0fdb3337d5', '29', '1', 'MyApp', '[]', '0', '2019-10-09 11:19:20', '2019-10-09 11:19:20', '2020-10-09 11:19:20');
INSERT INTO `oauth_access_tokens` VALUES ('94fa72aa903d04a3c2bc37bdbbad1f4d05e56f2c87293b2f5ba47e6c644403ed28375cc99707c5c2', '19', '1', 'MyApp', '[]', '0', '2019-08-19 13:26:15', '2019-08-19 13:26:15', '2020-08-19 13:26:15');
INSERT INTO `oauth_access_tokens` VALUES ('94fbd9f40f1a360f26ee71f6b5983ef45df4df7de2b2d76c70457a3025a81ed34b040eeb4a8fffab', '109', '1', 'MyApp', '[]', '0', '2019-10-27 12:31:05', '2019-10-27 12:31:05', '2020-10-27 12:31:05');
INSERT INTO `oauth_access_tokens` VALUES ('9536e85986fca1b5e8e1ef459f6544961bab5296448fb7fed623569adf50cb33946b7d0d9d803c2b', '29', '1', 'MyApp', '[]', '0', '2019-08-16 21:55:12', '2019-08-16 21:55:12', '2020-08-16 21:55:12');
INSERT INTO `oauth_access_tokens` VALUES ('95519eb7f2c1e2ccf6c167016d8ed59acfb8d11e760376f0c6cc6a8c2c18423e0874fa5f4173ac21', '15', '1', 'MyApp', '[]', '0', '2019-09-29 14:46:34', '2019-09-29 14:46:34', '2020-09-29 14:46:34');
INSERT INTO `oauth_access_tokens` VALUES ('956e2ff23fcd61b56b16f14ae9eeaa9d3474964acdd8a3dd607b3625b7414912bdd653cbcfa9f2ad', '32', '1', 'MyApp', '[]', '0', '2019-08-26 12:25:28', '2019-08-26 12:25:28', '2020-08-26 12:25:28');
INSERT INTO `oauth_access_tokens` VALUES ('9654949751bbfc4a9434680c14e9f96711bb675f6d48efeea527855a1e8257dc6431f9b1f00c2f9d', '52', '1', 'MyApp', '[]', '0', '2019-08-25 12:35:08', '2019-08-25 12:35:08', '2020-08-25 12:35:08');
INSERT INTO `oauth_access_tokens` VALUES ('9681272c3ac05bd00e838b688de5823cd74dc71e7029a8e2828c61962bc7942a36112c70c12b94c8', '29', '1', 'MyApp', '[]', '0', '2019-09-10 10:52:11', '2019-09-10 10:52:11', '2020-09-10 10:52:11');
INSERT INTO `oauth_access_tokens` VALUES ('969c21cf1b5caa67b4d93f171df6f8633310c0ce9b0268cf9c58b6a6250d07254241ceafdc67adfc', '112', '1', 'MyApp', '[]', '0', '2019-10-27 14:42:12', '2019-10-27 14:42:12', '2020-10-27 14:42:12');
INSERT INTO `oauth_access_tokens` VALUES ('96a9bb26797785912b2f7ce47cf4aa1c15f30eff8e414d92acb9e1bab9ba406be60a579d0448d2bb', '50', '1', 'MyApp', '[]', '0', '2019-08-20 14:21:24', '2019-08-20 14:21:24', '2020-08-20 14:21:24');
INSERT INTO `oauth_access_tokens` VALUES ('96b13db319df9ba453691cccf8854d9f4a2fe02a42f0c1296012914d87512ccc912337837899ac1b', null, '1', 'MyApp', '[]', '0', '2019-06-24 12:33:44', '2019-06-24 12:33:44', '2020-06-24 12:33:44');
INSERT INTO `oauth_access_tokens` VALUES ('96b453f97e096fe99a9542c31d58d15270a5e3b577857ac5e45cf3505c4e3042e7f922c51a70b023', '109', '1', 'MyApp', '[]', '0', '2019-11-18 13:12:07', '2019-11-18 13:12:07', '2020-11-18 13:12:07');
INSERT INTO `oauth_access_tokens` VALUES ('96b5a55d52161dffb0061242be8a4cb3fbb9c3c2c991315a85d1e21fccaa738a67caf17354deb5e7', '19', '1', 'MyApp', '[]', '0', '2019-09-16 17:21:24', '2019-09-16 17:21:24', '2020-09-16 17:21:24');
INSERT INTO `oauth_access_tokens` VALUES ('96db14b5dd0767d91febd25dc3bdbe00a32a2ae139f3d89cc8f4de8b5a38aca996c459eece5e9a32', '29', '1', 'MyApp', '[]', '0', '2019-08-27 15:32:57', '2019-08-27 15:32:57', '2020-08-27 15:32:57');
INSERT INTO `oauth_access_tokens` VALUES ('96f6f48984c1336254ba603c89df724fffd72b3e122310fc6596c4af7857e7fcc92bafa07b6d7970', '29', '1', 'MyApp', '[]', '0', '2019-09-16 12:42:14', '2019-09-16 12:42:14', '2020-09-16 12:42:14');
INSERT INTO `oauth_access_tokens` VALUES ('9708c628851df21e695499d5550e16ad7a6bbdef7978d66e9992e36e0d475aeda275aab831968c0f', '12', '1', 'MyApp', '[]', '0', '2019-06-10 11:07:40', '2019-06-10 11:07:40', '2020-06-10 11:07:40');
INSERT INTO `oauth_access_tokens` VALUES ('97551fef1b442663c78a52bf683983690ba57a2d99281fdb52712253341af5ba3337633f9cf0f929', '111', '1', 'MyApp', '[]', '0', '2019-11-05 11:47:39', '2019-11-05 11:47:39', '2020-11-05 11:47:39');
INSERT INTO `oauth_access_tokens` VALUES ('97938bff4b506ff18849a975cb99bcc103a9ce8c4b74f1ee3d580e4305b8d23736cf762f684cc06a', '19', '1', 'MyApp', '[]', '0', '2019-09-25 13:24:51', '2019-09-25 13:24:51', '2020-09-25 13:24:51');
INSERT INTO `oauth_access_tokens` VALUES ('97c38df6eb8a161611040bedaf294e6576b8854d0752281da21d96f79dbc5bd2ada8a475ee073609', '129', '1', 'MyApp', '[]', '0', '2019-11-18 14:37:48', '2019-11-18 14:37:48', '2020-11-18 14:37:48');
INSERT INTO `oauth_access_tokens` VALUES ('97c7b5e8fbd994bc80f5efa1162b1cbbdafc27eee4f551bbfd65696fb97d70b5a4fb9074e9eb5c9d', '109', '1', 'MyApp', '[]', '0', '2019-11-19 14:13:08', '2019-11-19 14:13:08', '2020-11-19 14:13:08');
INSERT INTO `oauth_access_tokens` VALUES ('97e14478e4f1529d5aa138c004420b04a61015cd28510bb1afb14163a798c590a2a7d874105fed49', '19', '1', 'MyApp', '[]', '0', '2019-10-14 16:12:50', '2019-10-14 16:12:50', '2020-10-14 16:12:50');
INSERT INTO `oauth_access_tokens` VALUES ('97f613ec0ec1771702cf5a4a535de4b9cab9d9220126dbdd1ece2d96210471a1e69d0c42b71868fa', '19', '1', 'MyApp', '[]', '0', '2019-09-25 13:25:09', '2019-09-25 13:25:09', '2020-09-25 13:25:09');
INSERT INTO `oauth_access_tokens` VALUES ('9806cc062f9d1f04e585175a3e15d4bb171361146fa308e605a536543b1486a51a27b9d37113c603', '115', '1', 'MyApp', '[]', '0', '2019-10-27 13:59:11', '2019-10-27 13:59:11', '2020-10-27 13:59:11');
INSERT INTO `oauth_access_tokens` VALUES ('982798d56dcd1a25a627f0b374289d626fa07a532c360802532d53da4781355dba4bf83b215a5b7a', '12', '1', 'MyApp', '[]', '0', '2019-06-10 08:11:20', '2019-06-10 08:11:20', '2020-06-10 08:11:20');
INSERT INTO `oauth_access_tokens` VALUES ('98746fd765b4a33202d905985a90f66190cd2fc4d6d1c1a506babcb702b06e9b74fc7e207a1c3097', '109', '1', 'MyApp', '[]', '0', '2019-11-21 14:03:06', '2019-11-21 14:03:06', '2020-11-21 14:03:06');
INSERT INTO `oauth_access_tokens` VALUES ('98ba6d77ede5d72af0e0d28ced7b2095789fef925ccc1d853488b85714b5ffe67c13b579ea7b23e0', '15', '1', 'MyApp', '[]', '0', '2019-08-19 13:57:24', '2019-08-19 13:57:24', '2020-08-19 13:57:24');
INSERT INTO `oauth_access_tokens` VALUES ('98c90909898b5239493c108ac80b42474e8e1461d2434117a07de2f76c467cf2101711bc3a382c6e', '29', '1', 'MyApp', '[]', '0', '2019-08-28 14:48:21', '2019-08-28 14:48:21', '2020-08-28 14:48:21');
INSERT INTO `oauth_access_tokens` VALUES ('98eacc41749eb2a1a8f5a04b22c20dfaa5ea34ee261ddc7dc8ef11c1c7f455b41f29d60d65cbfc6c', '5', '1', 'MyApp', '[]', '0', '2019-07-14 11:39:43', '2019-07-14 11:39:43', '2020-07-14 11:39:43');
INSERT INTO `oauth_access_tokens` VALUES ('9916763d459139f8968ef9c5ad5300bd599bafec82a89ff874453f62c3bb59b205e092c53983c11d', null, '1', 'MyApp', '[]', '0', '2019-06-23 10:45:00', '2019-06-23 10:45:00', '2020-06-23 10:45:00');
INSERT INTO `oauth_access_tokens` VALUES ('9979991374eba0fcfc51902147e65a2cad040d843cd4d1ef65a379f87a020438e87b2ad59c1fdb85', '5', '1', 'MyApp', '[]', '0', '2019-05-09 11:14:40', '2019-05-09 11:14:40', '2020-05-09 11:14:40');
INSERT INTO `oauth_access_tokens` VALUES ('99a14b8b676c93f06c48886c842c3e63e3de886b2d298f75dca241a85acaccd1e935317c4a49c87f', '15', '1', 'MyApp', '[]', '0', '2019-09-04 13:01:38', '2019-09-04 13:01:38', '2020-09-04 13:01:38');
INSERT INTO `oauth_access_tokens` VALUES ('99a73e9d704f63bf5865b3699f065deb93e5b34fbff782acfc014191cd89735d63b7cd82c527fda6', '64', '1', 'MyApp', '[]', '0', '2019-09-24 09:40:43', '2019-09-24 09:40:43', '2020-09-24 09:40:43');
INSERT INTO `oauth_access_tokens` VALUES ('9a75e708c60ed6b0c4ac69e4ea336f7a52ee6fb23913d5fe2b629ec0a29f75fb81f39d7674f9318e', '12', '1', 'MyApp', '[]', '0', '2019-06-26 10:03:41', '2019-06-26 10:03:41', '2020-06-26 10:03:41');
INSERT INTO `oauth_access_tokens` VALUES ('9a7e32842e52d0a18f95dc4d81600600a502758dcd205a15a6d5d6410a6c9fba5abd074700cd65df', '19', '1', 'MyApp', '[]', '0', '2019-08-26 13:32:42', '2019-08-26 13:32:42', '2020-08-26 13:32:42');
INSERT INTO `oauth_access_tokens` VALUES ('9aa03b9c90f5ccbb0f8aef6820425737db8d36f0928fd74bdb8129303c136a1f14cb6441d60e8ced', '63', '1', 'MyApp', '[]', '0', '2019-09-24 09:23:18', '2019-09-24 09:23:18', '2020-09-24 09:23:18');
INSERT INTO `oauth_access_tokens` VALUES ('9b0d8410910f450542523ca21a6d59dc5c1fe5c57529757ee722a0b023f2b146cb878439c3b4b5a8', '15', '1', 'MyApp', '[]', '0', '2019-08-19 14:08:46', '2019-08-19 14:08:46', '2020-08-19 14:08:46');
INSERT INTO `oauth_access_tokens` VALUES ('9bd058c9f239bb430b9290fcbae3edcacdde0a104a9d5795d4a703e4de849e2be19ef37f62d670eb', '19', '1', 'MyApp', '[]', '0', '2019-09-25 13:25:35', '2019-09-25 13:25:35', '2020-09-25 13:25:35');
INSERT INTO `oauth_access_tokens` VALUES ('9bea06627d4565657a5833ef57e3ae64c4b91ac33bbe426a4330c0f1e391f04856f7f0ded80f6cae', '109', '1', 'MyApp', '[]', '0', '2019-10-28 12:12:00', '2019-10-28 12:12:00', '2020-10-28 12:12:00');
INSERT INTO `oauth_access_tokens` VALUES ('9c0cb5eea3488970e449e5a297fc119c22712bee84e2a67924f1cab20750e0b76af8aea3e3a4dd61', '126', '1', 'MyApp', '[]', '0', '2019-11-03 15:39:07', '2019-11-03 15:39:07', '2020-11-03 15:39:07');
INSERT INTO `oauth_access_tokens` VALUES ('9c700787fec510f84dd70eb693be44a1e370a457eb9c5774e041837455bc4bc00f0b219e491f3b90', '15', '1', 'MyApp', '[]', '0', '2019-09-25 13:25:25', '2019-09-25 13:25:25', '2020-09-25 13:25:25');
INSERT INTO `oauth_access_tokens` VALUES ('9c8893cc9436eadd7a8f7e1d4579000c36d151a162a14ee597eb0885bcde11f9778352995998922d', '102', '1', 'MyApp', '[]', '0', '2019-10-23 10:13:58', '2019-10-23 10:13:58', '2020-10-23 10:13:58');
INSERT INTO `oauth_access_tokens` VALUES ('9c8f249cb17e70d9cd4649724118249b9086b44cc7862b9a584f85c0aa9913fff8d07345b34a80c6', '19', '1', 'MyApp', '[]', '0', '2019-10-01 15:43:02', '2019-10-01 15:43:02', '2020-10-01 15:43:02');
INSERT INTO `oauth_access_tokens` VALUES ('9d26e5679240d546d1098057fb243906743c84759585153a5bcd6615cdfa8f34d029fb0f03d01fb4', '29', '1', 'MyApp', '[]', '0', '2019-08-28 11:14:37', '2019-08-28 11:14:37', '2020-08-28 11:14:37');
INSERT INTO `oauth_access_tokens` VALUES ('9d29982fdb485eafa44d31a5914fe5d940e9b39c3b4317bfb19fc54a3ee74b0246d4c070c1174099', '15', '1', 'MyApp', '[]', '0', '2019-08-19 13:56:45', '2019-08-19 13:56:45', '2020-08-19 13:56:45');
INSERT INTO `oauth_access_tokens` VALUES ('9d3dd3f762b7893bc5129728a5cce0c77a764f981f48a38e32804dfd893942b65f103a5ac5da675d', '111', '1', 'MyApp', '[]', '0', '2019-10-31 17:49:37', '2019-10-31 17:49:37', '2020-10-31 17:49:37');
INSERT INTO `oauth_access_tokens` VALUES ('9db28a64f75467e55c4b8c99b07a3e5f48d739bcefd012c8fe337423be4be1474aec9a5c2d960070', '128', '1', 'MyApp', '[]', '0', '2019-11-03 12:21:03', '2019-11-03 12:21:03', '2020-11-03 12:21:03');
INSERT INTO `oauth_access_tokens` VALUES ('9dd4d3b26749f8aab425089e34b74e77652f28b77e1854e5ca78307433ea090bc8654b6795c0622a', '68', '1', 'MyApp', '[]', '0', '2019-09-24 15:12:33', '2019-09-24 15:12:33', '2020-09-24 15:12:33');
INSERT INTO `oauth_access_tokens` VALUES ('9de64be36e5ac66a2e76dabed7a7c3ad4779bd2518cd08c8893cdf4d9b246106660103cf9a8e0572', '53', '1', 'MyApp', '[]', '0', '2019-08-26 10:51:40', '2019-08-26 10:51:40', '2020-08-26 10:51:40');
INSERT INTO `oauth_access_tokens` VALUES ('9dfbe505eeb1dd87f1f0f59999badd28b426046f7106e3f0747151782c8a6a39281d8c8f3f2b49bc', '29', '1', 'MyApp', '[]', '0', '2019-09-18 14:25:52', '2019-09-18 14:25:52', '2020-09-18 14:25:52');
INSERT INTO `oauth_access_tokens` VALUES ('9e3423a6114682cdccb76913fab42b6137cea137ab1ca485c3674eeb4fa25c6e23133036233fd3fc', '15', '1', 'MyApp', '[]', '0', '2019-09-25 12:11:33', '2019-09-25 12:11:33', '2020-09-25 12:11:33');
INSERT INTO `oauth_access_tokens` VALUES ('9e6b2a287a8c949974dbb5dfd4267ac11f01dbb5f9788d9d8566cfef07f6b580461d33f768896c3e', '29', '1', 'MyApp', '[]', '0', '2019-08-21 10:07:32', '2019-08-21 10:07:32', '2020-08-21 10:07:32');
INSERT INTO `oauth_access_tokens` VALUES ('9ea3e387429bf501a61cea6223d1709488ab9a0022baf7c83dca72c1916aaf9efd51a09a847533ac', '15', '1', 'MyApp', '[]', '0', '2019-08-19 13:32:17', '2019-08-19 13:32:17', '2020-08-19 13:32:17');
INSERT INTO `oauth_access_tokens` VALUES ('9eb8e7e6f3be847f08e4e73b4fb0c442e952b49154067529388bbbc8d1e15bb5fbc6224b3e8801b2', '15', '1', 'MyApp', '[]', '0', '2019-09-04 12:14:22', '2019-09-04 12:14:22', '2020-09-04 12:14:22');
INSERT INTO `oauth_access_tokens` VALUES ('9ec0ef874e9d4ed56edd0024ba3052536f1f00c4c7c7d3156f60ff8c44ce9ddbfdd1a87636a457c5', '112', '1', 'MyApp', '[]', '0', '2019-10-31 13:28:30', '2019-10-31 13:28:30', '2020-10-31 13:28:30');
INSERT INTO `oauth_access_tokens` VALUES ('9ee6a2f1ef382f725dd8c5f29d7903e4c329fdf522b36a68d57b66d0d8d02cca797d1b9b8686a19a', '100', '1', 'MyApp', '[]', '0', '2019-09-25 12:28:56', '2019-09-25 12:28:56', '2020-09-25 12:28:56');
INSERT INTO `oauth_access_tokens` VALUES ('9f0dfae17d2259e87902babb9ec6336e788cd7a0292f9a538c8e33a2238a65b9cf025433cc6c3b3e', '19', '1', 'MyApp', '[]', '0', '2019-10-08 10:19:04', '2019-10-08 10:19:04', '2020-10-08 10:19:04');
INSERT INTO `oauth_access_tokens` VALUES ('9f27b46530110d874ccf97af0515a110b2b31c6eeab4e586d1a39d6d14c6288c6c29f0f447925436', '110', '1', 'MyApp', '[]', '0', '2019-10-31 16:15:59', '2019-10-31 16:15:59', '2020-10-31 16:15:59');
INSERT INTO `oauth_access_tokens` VALUES ('9f7e4e7b8b0cbc1a794da0a3884ce772aa8a110e3ca45fe457747199b5106cf3c6b43b4ff54cdfeb', '14', '1', 'MyApp', '[]', '0', '2019-05-30 12:10:07', '2019-05-30 12:10:07', '2020-05-30 12:10:07');
INSERT INTO `oauth_access_tokens` VALUES ('9f960bf71259f52ee05a5a39d75bd3d213e8e0bb8c6ce1b9324c8f9c509aff2d65c1075ea2ae5012', '109', '1', 'MyApp', '[]', '0', '2019-10-30 23:37:31', '2019-10-30 23:37:31', '2020-10-30 23:37:31');
INSERT INTO `oauth_access_tokens` VALUES ('9fda021c5cbdb8a4b69da0489498a4460b15b568d898cbd60e2fbacaf586bd75e037b5bd307f0557', '12', '1', 'MyApp', '[]', '0', '2019-06-24 11:15:56', '2019-06-24 11:15:56', '2020-06-24 11:15:56');
INSERT INTO `oauth_access_tokens` VALUES ('a02b4537bf3e477552772566fb3aa3f07cad07218179866d613a13ca9e58acad2a512bbafed59630', '19', '1', 'MyApp', '[]', '0', '2019-10-01 08:29:46', '2019-10-01 08:29:46', '2020-10-01 08:29:46');
INSERT INTO `oauth_access_tokens` VALUES ('a065035d577acb6450d2ee508707b5354e55f30d251a66f543cd9a25ba3999c939ea8f3a4225167e', '15', '1', 'MyApp', '[]', '0', '2019-09-05 12:28:55', '2019-09-05 12:28:55', '2020-09-05 12:28:55');
INSERT INTO `oauth_access_tokens` VALUES ('a0b328f061df6feb008a28cd5419f51ee3144ae68609a9b4528b6a08e029ddc5f1dd5325cde77568', '15', '1', 'MyApp', '[]', '0', '2019-09-04 10:23:45', '2019-09-04 10:23:45', '2020-09-04 10:23:45');
INSERT INTO `oauth_access_tokens` VALUES ('a0cc349b5608b728c5c74ef8624ffb4a612c067876c4fb43b24aedbc8158b09898c7ce79a50728c6', '106', '1', 'MyApp', '[]', '0', '2019-10-22 12:41:44', '2019-10-22 12:41:44', '2020-10-22 12:41:44');
INSERT INTO `oauth_access_tokens` VALUES ('a0ddc30a8d505abe9475f5944c0017eb455f7cf0818863b6ae54d92e1e2a0350d386fbd91cb9d501', '68', '1', 'MyApp', '[]', '0', '2019-09-24 15:02:04', '2019-09-24 15:02:04', '2020-09-24 15:02:04');
INSERT INTO `oauth_access_tokens` VALUES ('a0f07fdea81254b02f0acc1f25c990098e17195a4074b03b5fd643e4f7c15a9d2e5934f476e01498', '12', '1', 'MyApp', '[]', '0', '2019-06-24 20:30:09', '2019-06-24 20:30:09', '2020-06-24 20:30:09');
INSERT INTO `oauth_access_tokens` VALUES ('a0f55f07757916f400ab659e70ffa1a6988d421a889cfc44130afa3931956331266c0da30508c4ce', '113', '1', 'MyApp', '[]', '0', '2019-11-15 00:45:29', '2019-11-15 00:45:29', '2020-11-15 00:45:29');
INSERT INTO `oauth_access_tokens` VALUES ('a101de41d656aae5313b3dba4bdb79c89e1c4b5966f71210a7debcf5fe3edb5b47ac72135bcd8767', '5', '1', 'MyApp', '[]', '0', '2019-09-29 00:58:10', '2019-09-29 00:58:10', '2020-09-29 00:58:10');
INSERT INTO `oauth_access_tokens` VALUES ('a11b06e344bf2ea3939bfefd7a3aaef57cf565dc2668866861582219ac42bdf53abbf9b71604111c', '15', '1', 'MyApp', '[]', '0', '2019-09-04 09:29:22', '2019-09-04 09:29:22', '2020-09-04 09:29:22');
INSERT INTO `oauth_access_tokens` VALUES ('a1835263ad3a13bfcc8bb0085a044e7c4d15c5c30696a2544513f0a811f9214ca85a62769e9cb3a5', '128', '1', 'MyApp', '[]', '0', '2019-11-12 17:33:27', '2019-11-12 17:33:27', '2020-11-12 17:33:27');
INSERT INTO `oauth_access_tokens` VALUES ('a189291559ef8101eeaa33be1e64c50298694225665ed8f0e867b6c0222adf85bea0f6be03f6e2af', '19', '1', 'MyApp', '[]', '0', '2019-08-08 17:21:01', '2019-08-08 17:21:01', '2020-08-08 17:21:01');
INSERT INTO `oauth_access_tokens` VALUES ('a1eb6e16809d1dae05da537725be2c0e7a61c137f01869f518299720efc04f16a5aaca010ef8d4c2', '15', '1', 'MyApp', '[]', '0', '2019-08-19 13:57:05', '2019-08-19 13:57:05', '2020-08-19 13:57:05');
INSERT INTO `oauth_access_tokens` VALUES ('a20a0e7af5127e7f380f2c6ff01bb07bad7c191a7ffc72d8fb208ee277bc1a601a8c7c9c2c8d3dd0', '19', '1', 'MyApp', '[]', '0', '2019-09-25 13:19:56', '2019-09-25 13:19:56', '2020-09-25 13:19:56');
INSERT INTO `oauth_access_tokens` VALUES ('a2168f82b6381848af70a5ac1d11e7cf1aa1fedec140c137a4eb7fc0a25cbc64fddc46a5df9c8651', '29', '1', 'MyApp', '[]', '0', '2019-09-22 11:01:09', '2019-09-22 11:01:09', '2020-09-22 11:01:09');
INSERT INTO `oauth_access_tokens` VALUES ('a21ea816cfbf48db6b7c665871dc606b5af130c1766d05237d36d336ee72c3afbf3a71b4d9f9684b', '15', '1', 'MyApp', '[]', '0', '2019-06-26 10:08:44', '2019-06-26 10:08:44', '2020-06-26 10:08:44');
INSERT INTO `oauth_access_tokens` VALUES ('a2325b31088f4f13a0e0f1ec7c54347f08aa425ec23f499de2ac7aac2d0f3f4c694c5bbfe10cd53e', '14', '1', 'MyApp', '[]', '0', '2019-05-30 12:09:08', '2019-05-30 12:09:08', '2020-05-30 12:09:08');
INSERT INTO `oauth_access_tokens` VALUES ('a259c1eaa16d473efdfc7f3cff7b6bbe14ce4a1accd48e15a17ea00869e5ca909a0170ce6d175e2d', '19', '1', 'MyApp', '[]', '0', '2019-09-18 14:20:13', '2019-09-18 14:20:13', '2020-09-18 14:20:13');
INSERT INTO `oauth_access_tokens` VALUES ('a26e304f9a4344a592bc5ee0caad60b27f9c95a08656479871e629f3661693d32f688899f51486fb', '96', '1', 'MyApp', '[]', '0', '2019-09-25 09:41:26', '2019-09-25 09:41:26', '2020-09-25 09:41:26');
INSERT INTO `oauth_access_tokens` VALUES ('a2ae289ee8714bcb685e629030917a7288e5da4e8b4fc2b8c54b48e25f9609282461c6cafc01b3c1', '15', '1', 'MyApp', '[]', '0', '2019-08-19 13:57:29', '2019-08-19 13:57:29', '2020-08-19 13:57:29');
INSERT INTO `oauth_access_tokens` VALUES ('a2d7108bcf0e1ca78433a280b41b0b9d2a634c885cf45376338e873413cf55392b85856b25cbc131', '29', '1', 'MyApp', '[]', '0', '2019-09-12 11:47:46', '2019-09-12 11:47:46', '2020-09-12 11:47:46');
INSERT INTO `oauth_access_tokens` VALUES ('a3057936f9aa47ebeac1e186d74c45f99545dff7f5170f9917a43f5e7584c26447e208fdf1d76546', '15', '1', 'MyApp', '[]', '0', '2019-09-04 12:39:27', '2019-09-04 12:39:27', '2020-09-04 12:39:27');
INSERT INTO `oauth_access_tokens` VALUES ('a32cff4e10f87d3ca96721cf53aa1aba9a73dd07cf2bd4dbcbcd9d5b040b05e4eb47f60e8df2ffba', '70', '1', 'MyApp', '[]', '0', '2019-09-24 15:28:48', '2019-09-24 15:28:48', '2020-09-24 15:28:48');
INSERT INTO `oauth_access_tokens` VALUES ('a3940c048fc80820726318875e10dc96df68e4fa369df156d010e4177ca9710a216020707fa07407', '19', '1', 'MyApp', '[]', '0', '2019-09-25 13:24:05', '2019-09-25 13:24:05', '2020-09-25 13:24:05');
INSERT INTO `oauth_access_tokens` VALUES ('a3cb3670c771a99b695960be6981f9c47767ddcd62267a37d434ed6dab04a017ddd8211ff1964cb5', '126', '1', 'MyApp', '[]', '0', '2019-11-05 16:09:26', '2019-11-05 16:09:26', '2020-11-05 16:09:26');
INSERT INTO `oauth_access_tokens` VALUES ('a434d17a2b15556bd89c33793a438f089e235f8b50fad452681c3a7587b288359a4853f9463a8691', '64', '1', 'MyApp', '[]', '0', '2019-09-24 09:58:27', '2019-09-24 09:58:27', '2020-09-24 09:58:27');
INSERT INTO `oauth_access_tokens` VALUES ('a43bd1a140e9a03c1d7463fc7f8cbeb4e04fad7926f7b3a02cac05adc9894528d983b12dda733ce3', null, '1', 'MyApp', '[]', '0', '2019-06-24 09:04:20', '2019-06-24 09:04:20', '2020-06-24 09:04:20');
INSERT INTO `oauth_access_tokens` VALUES ('a465312b51dab4c2ff96efd70d8a91d3fec1816ecc5e65118f7ace453289a255bbf7d40af1db5b01', '50', '1', 'MyApp', '[]', '0', '2019-08-20 10:56:58', '2019-08-20 10:56:58', '2020-08-20 10:56:58');
INSERT INTO `oauth_access_tokens` VALUES ('a4b52bbfad5af5329e0ccd520397dc81e7d3af407737ca47da1ddfc4f3b8b854c530e6173626decb', '109', '1', 'MyApp', '[]', '0', '2019-10-23 15:44:19', '2019-10-23 15:44:19', '2020-10-23 15:44:19');
INSERT INTO `oauth_access_tokens` VALUES ('a4ed0d7e0620d1a4c0e2c178db82dbe99ebac11367aa7cc32da60ce89cfc8838309b9cdfafd28e07', '112', '1', 'MyApp', '[]', '0', '2019-11-04 17:43:32', '2019-11-04 17:43:32', '2020-11-04 17:43:32');
INSERT INTO `oauth_access_tokens` VALUES ('a4ef550d6a704e799b2dd545457eb9b8a3962ce632958b287667cb9d8e4c1e7bc39e1ab8f8a250ff', '15', '1', 'MyApp', '[]', '0', '2019-09-04 12:41:21', '2019-09-04 12:41:21', '2020-09-04 12:41:21');
INSERT INTO `oauth_access_tokens` VALUES ('a4f8f00b2e13c69625904f6d80a52d046998a0b64ca322f6b2cb5432f64640f1846e5da01618db7c', '70', '1', 'MyApp', '[]', '0', '2019-09-24 15:26:22', '2019-09-24 15:26:22', '2020-09-24 15:26:22');
INSERT INTO `oauth_access_tokens` VALUES ('a51a4031b8172c756c31505340943330a867c3ced3b30156b8e39d32a6ddab943e9e2d3592a08825', '109', '1', 'MyApp', '[]', '0', '2019-10-24 13:10:41', '2019-10-24 13:10:41', '2020-10-24 13:10:41');
INSERT INTO `oauth_access_tokens` VALUES ('a5210d01988d5570994b578b632b3e6f5c11e4e4df9e303f4861fa31eb5bc89a2ffb7cb37ba220b5', '19', '1', 'MyApp', '[]', '0', '2019-09-25 13:25:03', '2019-09-25 13:25:03', '2020-09-25 13:25:03');
INSERT INTO `oauth_access_tokens` VALUES ('a53d58a1f14f65c6e8d9124db9765018ddf0ede9421bf8eda13b99e351b1a8e1f954a02eb41a9494', null, '1', 'MyApp', '[]', '0', '2019-06-24 12:04:44', '2019-06-24 12:04:44', '2020-06-24 12:04:44');
INSERT INTO `oauth_access_tokens` VALUES ('a54d4293f3831ee16edb14dab8b16757c4da4db4f04708c64f4aa255bbfbf9700b38c1e898d165d8', '15', '1', 'MyApp', '[]', '0', '2019-08-19 13:56:51', '2019-08-19 13:56:51', '2020-08-19 13:56:51');
INSERT INTO `oauth_access_tokens` VALUES ('a57806adab57018f35e81a5bd1acb83b8e5c739a27b72052659ecd8148138f1d4cc2c882340ff519', '111', '1', 'MyApp', '[]', '0', '2019-10-28 11:43:49', '2019-10-28 11:43:49', '2020-10-28 11:43:49');
INSERT INTO `oauth_access_tokens` VALUES ('a57da9340a160dce53c02882bcb568dbeb225cdf70a770cc991f3666bde2d3286989e26e4593284f', '19', '1', 'MyApp', '[]', '0', '2019-08-26 16:16:47', '2019-08-26 16:16:47', '2020-08-26 16:16:47');
INSERT INTO `oauth_access_tokens` VALUES ('a58b469cd2224e3b9e3772f20d0e5dea691f80cd0df966f12c01c41ced27b44b45d0c4c4b06432c5', '108', '1', 'MyApp', '[]', '0', '2019-10-23 15:10:10', '2019-10-23 15:10:10', '2020-10-23 15:10:10');
INSERT INTO `oauth_access_tokens` VALUES ('a5a1b1a4916eacc54b9e8f6469873a8ecd249996ea0f66e90c0f642cbc1298b2c06c67f6e548ba3d', '50', '1', 'MyApp', '[]', '0', '2019-08-20 08:57:54', '2019-08-20 08:57:54', '2020-08-20 08:57:54');
INSERT INTO `oauth_access_tokens` VALUES ('a5a5001ac8d093d2e7b2b2e0d8a2d439d9356458e06f7d8bb9491c878cbf7a0eef06b22698bee449', '29', '1', 'MyApp', '[]', '0', '2019-10-14 09:07:23', '2019-10-14 09:07:23', '2020-10-14 09:07:23');
INSERT INTO `oauth_access_tokens` VALUES ('a5d4894d42b9d0666af7d2313c0ecc616cf0c5ccf4fd73458de001511ff4626019d21bd92c0a081c', '68', '1', 'MyApp', '[]', '0', '2019-09-24 15:00:48', '2019-09-24 15:00:48', '2020-09-24 15:00:48');
INSERT INTO `oauth_access_tokens` VALUES ('a62dcd6669fa05f8597e56180032ebd998869c66cb5f148f551ee7a531af749621c0734e8c975114', '109', '1', 'MyApp', '[]', '0', '2019-10-30 22:56:07', '2019-10-30 22:56:07', '2020-10-30 22:56:07');
INSERT INTO `oauth_access_tokens` VALUES ('a67595895cd4c133dfe0fbfd4d146ce9288ba5a0f3a7aba444a4a365f625047747c319fe25ed8544', '41', '1', 'MyApp', '[]', '0', '2019-08-08 16:22:22', '2019-08-08 16:22:22', '2020-08-08 16:22:22');
INSERT INTO `oauth_access_tokens` VALUES ('a68801fa94c6ab82b2d0d512446404428ea75df0280ae9cc3796e99ae03d2cd34d03022146f0e68d', '66', '1', 'MyApp', '[]', '0', '2019-09-24 10:22:57', '2019-09-24 10:22:57', '2020-09-24 10:22:57');
INSERT INTO `oauth_access_tokens` VALUES ('a6a46d579edf167706272058f81570d7e6ebef0ff82a9b2176e5cdd962a15de9b832e071fa9eacd6', '19', '1', 'MyApp', '[]', '0', '2019-08-19 13:26:35', '2019-08-19 13:26:35', '2020-08-19 13:26:35');
INSERT INTO `oauth_access_tokens` VALUES ('a6c5d480ed34bcfca60855c2836540cdcc2301f94c650bd2a8cb4cbf3966fc1883eca478631d272c', '19', '1', 'MyApp', '[]', '0', '2019-09-16 11:23:18', '2019-09-16 11:23:18', '2020-09-16 11:23:18');
INSERT INTO `oauth_access_tokens` VALUES ('a70125984411013782262dd1bf06cd2b22f6867732559a08ae0423c6714e335f68e58b4da06ce6c7', '5', '1', 'MyApp', '[]', '0', '2019-05-22 10:01:43', '2019-05-22 10:01:43', '2020-05-22 10:01:43');
INSERT INTO `oauth_access_tokens` VALUES ('a7709d2c541be744ab2f75c350f6c9b9ebf7c63b0e7e2ccd8c4f5e1d7eb9cf510ae4c5874950c5a9', '108', '1', 'MyApp', '[]', '0', '2019-10-23 14:41:10', '2019-10-23 14:41:10', '2020-10-23 14:41:10');
INSERT INTO `oauth_access_tokens` VALUES ('a77b9fb936ecfcd0b8443bef53d8141adffde63297e2df41d6217796156d8942ccf12bcfe0111d74', '15', '1', 'MyApp', '[]', '0', '2019-09-04 12:16:38', '2019-09-04 12:16:38', '2020-09-04 12:16:38');
INSERT INTO `oauth_access_tokens` VALUES ('a7a5cd727c6586ff62d9158e2845d4a4419fbc2e28fe5d3444737ffc3a40e4f3263a4e59b9b07b81', '19', '1', 'MyApp', '[]', '0', '2019-08-19 13:26:47', '2019-08-19 13:26:47', '2020-08-19 13:26:47');
INSERT INTO `oauth_access_tokens` VALUES ('a7d30318bad575907e52db56a9b0b7dd9ff8918ccc0a1499b9ad0413c03391f7c328cfbe146e8be6', '112', '1', 'MyApp', '[]', '0', '2019-10-27 15:38:57', '2019-10-27 15:38:57', '2020-10-27 15:38:57');
INSERT INTO `oauth_access_tokens` VALUES ('a81866d2b6d79722663a713ea6319366daeccd6956ef3d9856d58e049146a4e01bf639e434c43505', null, '1', 'MyApp', '[]', '0', '2019-07-14 13:14:05', '2019-07-14 13:14:05', '2020-07-14 13:14:05');
INSERT INTO `oauth_access_tokens` VALUES ('a81c30bd15c55fea5c10d1c23fc41cae3fc008f42a6dbb02d199a572ca81e5c3cb6120e19ec91544', '113', '1', 'MyApp', '[]', '0', '2019-10-24 18:49:56', '2019-10-24 18:49:56', '2020-10-24 18:49:56');
INSERT INTO `oauth_access_tokens` VALUES ('a82d6bbaab808db1c05572793a1fc9a71e782f815bfd76174f5872fb11018fcf9da216e72425282e', '128', '1', 'MyApp', '[]', '0', '2019-11-12 14:13:15', '2019-11-12 14:13:15', '2020-11-12 14:13:15');
INSERT INTO `oauth_access_tokens` VALUES ('a84d2f18f1a0313b978b8ad6d7d11eead825810211fc5a6e79ee10b877440b42c42d59639ff0a355', '109', '1', 'MyApp', '[]', '0', '2019-11-03 16:56:19', '2019-11-03 16:56:19', '2020-11-03 16:56:19');
INSERT INTO `oauth_access_tokens` VALUES ('a89e9884805b46d62da291613cb0817e5e9d75e64e63020ca4e260ca7c12a2f683f39c6c0c85b6a1', '19', '1', 'MyApp', '[]', '0', '2019-08-19 13:26:00', '2019-08-19 13:26:00', '2020-08-19 13:26:00');
INSERT INTO `oauth_access_tokens` VALUES ('a8b9aa8bafb9bd96d314c5522b4ffc456bed5b4f299454bf3343d3ad4f9eafce3233878bd307bdde', '19', '1', 'MyApp', '[]', '0', '2019-09-04 13:56:09', '2019-09-04 13:56:09', '2020-09-04 13:56:09');
INSERT INTO `oauth_access_tokens` VALUES ('a8e4f0dd1ce4d0c82d7dce5851753a9d0ee662304cbe2b05900733de8edadcee5f9e46a87f54e7f0', '32', '1', 'MyApp', '[]', '0', '2019-09-15 09:13:19', '2019-09-15 09:13:19', '2020-09-15 09:13:19');
INSERT INTO `oauth_access_tokens` VALUES ('a8faa2acadb7e9d96a106bc87f53fd2d3db6c259750ed4cc64cecb6a10fb5fbac81efa4482ffcdc6', '19', '1', 'MyApp', '[]', '0', '2019-08-18 10:30:17', '2019-08-18 10:30:17', '2020-08-18 10:30:17');
INSERT INTO `oauth_access_tokens` VALUES ('a90046397dc35891760d9a3d5a3453c53a6a5a45df7851e05abd764ffbc16ba31e0a2e9de3c779a9', null, '1', 'MyApp', '[]', '0', '2019-07-14 13:24:30', '2019-07-14 13:24:30', '2020-07-14 13:24:30');
INSERT INTO `oauth_access_tokens` VALUES ('a980d5d32772f3c9a19816a1d5a06f55a84695e72c89919238656a45ab06569973caae4540f802a7', '15', '1', 'MyApp', '[]', '0', '2019-08-19 14:09:48', '2019-08-19 14:09:48', '2020-08-19 14:09:48');
INSERT INTO `oauth_access_tokens` VALUES ('a9f60a6b9ae8ccb21d3dfed49d9783837cff3b305cea40ded779ec40946609e729e18c666e262b4b', '30', '1', 'MyApp', '[]', '0', '2019-10-22 18:06:54', '2019-10-22 18:06:54', '2020-10-22 18:06:54');
INSERT INTO `oauth_access_tokens` VALUES ('aa0ea1b167a9c0b6da27e3acfc7414ca0200f74cc62c6a6c6c2a675a9dab5a9bf2c109e52331335e', null, '1', 'MyApp', '[]', '0', '2019-06-24 11:01:47', '2019-06-24 11:01:47', '2020-06-24 11:01:47');
INSERT INTO `oauth_access_tokens` VALUES ('aa16727fb413c4a6068e4c2b96e727faa6fc1ec05e9dc2e497c91a232ada543df701fa8bb67a82a7', '29', '1', 'MyApp', '[]', '0', '2019-09-29 11:11:02', '2019-09-29 11:11:02', '2020-09-29 11:11:02');
INSERT INTO `oauth_access_tokens` VALUES ('aa909325cbe84c2ea9d18ac7adeb3ab3be43fe0e3a3667ff84173d54dae1e72f91219cf9654fb4d0', null, '1', 'MyApp', '[]', '0', '2019-07-14 13:24:10', '2019-07-14 13:24:10', '2020-07-14 13:24:10');
INSERT INTO `oauth_access_tokens` VALUES ('aaa4eb0b88765cc15ad8722d2ee016d0cabf4bda4eb7961a30783a8f83efe13338b5c108a3d2ccf6', '15', '1', 'MyApp', '[]', '0', '2019-08-19 14:09:05', '2019-08-19 14:09:05', '2020-08-19 14:09:05');
INSERT INTO `oauth_access_tokens` VALUES ('aac72304d002d6a61d0b21f3add54f643f7f4577188185ed5eb882a330ba41ec374711c5e8a06132', '108', '1', 'MyApp', '[]', '0', '2019-10-23 14:39:47', '2019-10-23 14:39:47', '2020-10-23 14:39:47');
INSERT INTO `oauth_access_tokens` VALUES ('aaca24b2541b8abe729c3296439f155f6b6aa66ce365d17578b09049467b772c483443746f2fae67', '19', '1', 'MyApp', '[]', '0', '2019-10-08 10:38:04', '2019-10-08 10:38:04', '2020-10-08 10:38:04');
INSERT INTO `oauth_access_tokens` VALUES ('ab23a2e99149de8b711a95c55254f05082cdd2c1b908dfc1042329565ba8097601c526180e5e11e2', '11', '1', 'MyApp', '[]', '0', '2019-05-30 11:18:03', '2019-05-30 11:18:03', '2020-05-30 11:18:03');
INSERT INTO `oauth_access_tokens` VALUES ('ab8492c53ea487a808af0027845831213b5ff99a92c92c2c420fe5f3dc5ad4cd2744c43a86cac320', '29', '1', 'MyApp', '[]', '0', '2019-10-03 12:54:46', '2019-10-03 12:54:46', '2020-10-03 12:54:46');
INSERT INTO `oauth_access_tokens` VALUES ('ab95f2de768e09d2a5d06459d5dabfa1820cefa5c7d653a77b4c9582fa950f4d41877035b515541f', '15', '1', 'MyApp', '[]', '0', '2019-08-19 14:09:35', '2019-08-19 14:09:35', '2020-08-19 14:09:35');
INSERT INTO `oauth_access_tokens` VALUES ('abcec97e5b3b93aa5d3688b98db280f5c13d80a4948f0ec1231694c4d5e0234217f4c4016d137cd0', '12', '1', 'MyApp', '[]', '0', '2019-06-11 13:55:17', '2019-06-11 13:55:17', '2020-06-11 13:55:17');
INSERT INTO `oauth_access_tokens` VALUES ('abe66f7f7e00ca8a25492bc2a0cb1a2dd0e3e5eaa57318d0c906ab8d6f253d8be33f320a4ca77285', '109', '1', 'MyApp', '[]', '0', '2019-11-20 10:35:10', '2019-11-20 10:35:10', '2020-11-20 10:35:10');
INSERT INTO `oauth_access_tokens` VALUES ('ac1138ccefc7b03772a74ffaf4b4af7d38c73bb3be319f4980201c9dde77b8537e844a582699df64', '1', '1', 'MyApp', '[]', '0', '2019-05-30 11:14:05', '2019-05-30 11:14:05', '2020-05-30 11:14:05');
INSERT INTO `oauth_access_tokens` VALUES ('ac2a8750f955d2242e345d6a86ab4faee4919214e343896b2ed0cdf8e2b6bbbb79ba45a90ae5748d', '19', '1', 'MyApp', '[]', '0', '2019-09-25 13:24:32', '2019-09-25 13:24:32', '2020-09-25 13:24:32');
INSERT INTO `oauth_access_tokens` VALUES ('ac3495b8dd48a09a294b8d97302803ee71e9ba75a335e2bbe63ba588a94be9355eed68ebbe6de8ae', '19', '1', 'MyApp', '[]', '0', '2019-08-19 13:28:32', '2019-08-19 13:28:32', '2020-08-19 13:28:32');
INSERT INTO `oauth_access_tokens` VALUES ('ac6da161eeece0f7f7a65293abf25c22ebb067674d88b91aed6f9642351afbee71a1f89f0de1a810', '19', '1', 'MyApp', '[]', '0', '2019-10-02 10:21:40', '2019-10-02 10:21:40', '2020-10-02 10:21:40');
INSERT INTO `oauth_access_tokens` VALUES ('ac70cccbde77a473e6121461eeffc1a70b96f485c43437567ef9a65a6929a56660bd8b0abb8e18fa', '112', '1', 'MyApp', '[]', '0', '2019-10-24 11:15:14', '2019-10-24 11:15:14', '2020-10-24 11:15:14');
INSERT INTO `oauth_access_tokens` VALUES ('ac74c53648ed0a98c6593f3eaf4457db083e46123f7c7ff0c67ad2453acf1e9f9bf9969a824f2529', '15', '1', 'MyApp', '[]', '0', '2019-09-15 09:20:43', '2019-09-15 09:20:43', '2020-09-15 09:20:43');
INSERT INTO `oauth_access_tokens` VALUES ('aca71876aa16ca5ea833b840fd9bbda9ed948568ac0e7678131843fcc46e90b42a69342eaebe4118', '19', '1', 'MyApp', '[]', '0', '2019-09-01 18:44:07', '2019-09-01 18:44:07', '2020-09-01 18:44:07');
INSERT INTO `oauth_access_tokens` VALUES ('ace3e5c49dc544b06ae8f54e99922d9c3978dced77029b596ec359cd3bfa5f7744172e87d888c3b6', '107', '1', 'MyApp', '[]', '0', '2019-10-22 14:14:02', '2019-10-22 14:14:02', '2020-10-22 14:14:02');
INSERT INTO `oauth_access_tokens` VALUES ('ad3b87a95473d8850edca8d00f1440258250124c79b66bb989467c5654d6e0e399c32b2b812bd3ad', '50', '1', 'MyApp', '[]', '0', '2019-08-25 14:00:19', '2019-08-25 14:00:19', '2020-08-25 14:00:19');
INSERT INTO `oauth_access_tokens` VALUES ('ad9871e43a0d69589dac1383783c4681205d6c023fad06e826241335f56317067fb4c522e8f174d3', '19', '1', 'MyApp', '[]', '0', '2019-09-16 08:54:15', '2019-09-16 08:54:15', '2020-09-16 08:54:15');
INSERT INTO `oauth_access_tokens` VALUES ('ada8fb1f3dd04c608f983dd79c072c566ca756e40b91edbe787b421984078ee61598edd9b535b84f', '19', '1', 'MyApp', '[]', '0', '2019-09-11 15:38:59', '2019-09-11 15:38:59', '2020-09-11 15:38:59');
INSERT INTO `oauth_access_tokens` VALUES ('adcd8dc26f04246a7c4e5be5dfadd1931b5f8ea69a6d811c6e78e2ba5ef3fdbae1139e34b5845d7f', '12', '1', 'MyApp', '[]', '0', '2019-06-23 08:49:52', '2019-06-23 08:49:52', '2020-06-23 08:49:52');
INSERT INTO `oauth_access_tokens` VALUES ('add546046dbacfad22f56ae58c3b10d70298eee03728ab8170da288347f6d87b322fcdc9e587396e', '109', '1', 'MyApp', '[]', '0', '2019-10-28 13:05:57', '2019-10-28 13:05:57', '2020-10-28 13:05:57');
INSERT INTO `oauth_access_tokens` VALUES ('ade1fa030ad3feeb22abd2e45f3a9d70538648d882fa535b8c816f22b6019b56122128e34a591b7d', '12', '1', 'MyApp', '[]', '0', '2019-05-30 11:04:13', '2019-05-30 11:04:13', '2020-05-30 11:04:13');
INSERT INTO `oauth_access_tokens` VALUES ('ae173295030c1a695050d01c9c343677d90ad6d369cd00709683cf5d7d37ce565feda35a7db48b2a', '5', '1', 'MyApp', '[]', '0', '2019-05-22 10:02:09', '2019-05-22 10:02:09', '2020-05-22 10:02:09');
INSERT INTO `oauth_access_tokens` VALUES ('ae259f21f83752542e8865ac0500ad8e2aa06129f0336b6ac79c981129e7bb6dc804266808a76b24', '12', '1', 'MyApp', '[]', '0', '2019-10-17 12:36:10', '2019-10-17 12:36:10', '2020-10-17 12:36:10');
INSERT INTO `oauth_access_tokens` VALUES ('ae682489b57b63de2ae38b0bbba1a61289fd9b62616b346089d39cfe1ce2e08a5c5b556fddada652', '19', '1', 'MyApp', '[]', '0', '2019-09-25 13:21:43', '2019-09-25 13:21:43', '2020-09-25 13:21:43');
INSERT INTO `oauth_access_tokens` VALUES ('aecb4ff98da4f832ae92460ce6d61473d1b12bcf3c7b0abbc71d2f0f4696e86dea21695fab1bf027', '109', '1', 'MyApp', '[]', '0', '2019-10-23 14:40:18', '2019-10-23 14:40:18', '2020-10-23 14:40:18');
INSERT INTO `oauth_access_tokens` VALUES ('af3849e9450920dea2481c30f2a06bc6fa0e4e753cbc417431cea5dd8417567827e9d42173f1d28d', '10', '1', 'MyApp', '[]', '0', '2019-05-30 10:53:28', '2019-05-30 10:53:28', '2020-05-30 10:53:28');
INSERT INTO `oauth_access_tokens` VALUES ('af3b7867ba3704b0db705651a340331f9787dbf42015c2cb8c26eac47d67b7e039701bce5b91f369', '64', '1', 'MyApp', '[]', '0', '2019-10-10 16:04:15', '2019-10-10 16:04:15', '2020-10-10 16:04:15');
INSERT INTO `oauth_access_tokens` VALUES ('af71de76d2cc977859c89f31bffe627f63d357c25bc021abd6f4547bc71d451a21604aa80a5df166', '15', '1', 'MyApp', '[]', '0', '2019-08-19 13:29:56', '2019-08-19 13:29:56', '2020-08-19 13:29:56');
INSERT INTO `oauth_access_tokens` VALUES ('afbf45d96a04ce7cf5344a40121c77a8c842eb619820d328804b790e8d0ff8e8ff42ca1a47b8d1bf', '109', '1', 'MyApp', '[]', '0', '2019-10-29 13:33:55', '2019-10-29 13:33:55', '2020-10-29 13:33:55');
INSERT INTO `oauth_access_tokens` VALUES ('b00fae036c355200dbca1165dc54452972ec81a6d6042f4a838d29a549658c51183950500305932b', '19', '1', 'MyApp', '[]', '0', '2019-09-24 12:29:40', '2019-09-24 12:29:40', '2020-09-24 12:29:40');
INSERT INTO `oauth_access_tokens` VALUES ('b060c238d33ef2081ecc19604ed32b69ab32ff5ceaadd1e7165718052ab3f0794f23c00a019d1d57', '108', '1', 'MyApp', '[]', '0', '2019-10-23 14:33:26', '2019-10-23 14:33:26', '2020-10-23 14:33:26');
INSERT INTO `oauth_access_tokens` VALUES ('b0ac65e7a7887b3c0fb4d6744c15c552a9d20ce46d0858b4864241e93abd92f560f568e4791b3877', '119', '1', 'MyApp', '[]', '0', '2019-10-28 17:01:51', '2019-10-28 17:01:51', '2020-10-28 17:01:51');
INSERT INTO `oauth_access_tokens` VALUES ('b0afecc6f8dbf11e1ea63dc942de73615191c57a0c1f5bf04c9f8065b695b8d4ffa365fd571a803c', '129', '1', 'MyApp', '[]', '0', '2019-11-19 12:07:28', '2019-11-19 12:07:28', '2020-11-19 12:07:28');
INSERT INTO `oauth_access_tokens` VALUES ('b0cab8ea63d8fe8a10acfc50c117ae515f5849a7496856ba8095ce93185f6d9a31a2ee43dd5e4455', '15', '1', 'MyApp', '[]', '0', '2019-09-25 13:22:30', '2019-09-25 13:22:30', '2020-09-25 13:22:30');
INSERT INTO `oauth_access_tokens` VALUES ('b0f49501a24962d42a00440bab9e4b21bacc33be8978f36c0b814fffb33b2a4908ecbb94c728d1be', '19', '1', 'MyApp', '[]', '0', '2019-08-19 13:28:43', '2019-08-19 13:28:43', '2020-08-19 13:28:43');
INSERT INTO `oauth_access_tokens` VALUES ('b111c18c51b03ccdb6cf76eea3e8098419e1483059cdb24935b54b813b22e2d60df6ce0966239cce', '32', '1', 'MyApp', '[]', '0', '2019-09-05 13:00:47', '2019-09-05 13:00:47', '2020-09-05 13:00:47');
INSERT INTO `oauth_access_tokens` VALUES ('b11d5dbe74b28d465fc55081f93ca978f690990e42000593d21b7f8c1256976bf5f09c139518c363', '19', '1', 'MyApp', '[]', '0', '2019-10-07 08:16:50', '2019-10-07 08:16:50', '2020-10-07 08:16:50');
INSERT INTO `oauth_access_tokens` VALUES ('b13471eef6ce7a7f266d38be8fd49926fe74019cdcf11ebfaa2f3f5f93fc63f3107b519874345328', '109', '1', 'MyApp', '[]', '0', '2019-10-24 13:06:39', '2019-10-24 13:06:39', '2020-10-24 13:06:39');
INSERT INTO `oauth_access_tokens` VALUES ('b17cedfe7df84f27be3aed884940f84df6bcaf63142ad481cf6cdb97c8954554ad5b3250c9ebbf4b', '108', '1', 'MyApp', '[]', '0', '2019-10-23 14:02:21', '2019-10-23 14:02:21', '2020-10-23 14:02:21');
INSERT INTO `oauth_access_tokens` VALUES ('b1998a4fc531a891f62bc81fc23bb5f635a4ae07d840f1887a1603749f124398f56293720b23ebf8', '12', '1', 'MyApp', '[]', '0', '2019-06-19 15:46:07', '2019-06-19 15:46:07', '2020-06-19 15:46:07');
INSERT INTO `oauth_access_tokens` VALUES ('b1a624234529269835d309159ac83c596b17067cbb241fbfce97db5afe6987991bd2d173b3602232', '15', '1', 'MyApp', '[]', '0', '2019-09-25 13:25:16', '2019-09-25 13:25:16', '2020-09-25 13:25:16');
INSERT INTO `oauth_access_tokens` VALUES ('b1cda1227f53526ccb9af829e76afa08ecddcc476ff02cf824dd058e186392263aaccb5db089dfee', '5', '1', 'MyApp', '[]', '0', '2019-05-09 11:15:48', '2019-05-09 11:15:48', '2020-05-09 11:15:48');
INSERT INTO `oauth_access_tokens` VALUES ('b1f495d55a03ceb6c4031c160e21e9922cb2dd98745efbb2450f9563258aff6e335b88a93b174b4c', '29', '1', 'MyApp', '[]', '0', '2019-08-21 10:22:44', '2019-08-21 10:22:44', '2020-08-21 10:22:44');
INSERT INTO `oauth_access_tokens` VALUES ('b2203089b59397dd0e9f2a2133a3e3da994439473488a70809e6b421002dd6b25c88d886b6d62096', '68', '1', 'MyApp', '[]', '0', '2019-09-24 15:16:58', '2019-09-24 15:16:58', '2020-09-24 15:16:58');
INSERT INTO `oauth_access_tokens` VALUES ('b24e4de1a6fdc461a6a3bbd2aa0e7183968925879916dc140dfe3f855f6c2859ac0cf015d6e2f7dc', '19', '1', 'MyApp', '[]', '0', '2019-09-08 13:11:02', '2019-09-08 13:11:02', '2020-09-08 13:11:02');
INSERT INTO `oauth_access_tokens` VALUES ('b2bc2e0532b39502cdf76a5acbb1809b08cb9c810cb3d2fea853e444186bc9ac19dcee8ab4ba3ff9', '128', '1', 'MyApp', '[]', '0', '2019-11-20 16:23:49', '2019-11-20 16:23:49', '2020-11-20 16:23:49');
INSERT INTO `oauth_access_tokens` VALUES ('b2d698f81e0ffa1325a28400992597ac6431062370877f208785ed2e25f16993dfe7b987e35b56a1', '19', '1', 'MyApp', '[]', '0', '2019-09-15 17:03:46', '2019-09-15 17:03:46', '2020-09-15 17:03:46');
INSERT INTO `oauth_access_tokens` VALUES ('b2f3ac05c000be8da41d0bdb23cca11ffc1b9a79dc22abd03a2858cd78d5ba9fe3b9b5c8284947ac', '15', '1', 'MyApp', '[]', '0', '2019-06-25 09:33:53', '2019-06-25 09:33:53', '2020-06-25 09:33:53');
INSERT INTO `oauth_access_tokens` VALUES ('b3240f298c0ca98ab435fd54ee4312b148107578026360503655887183f47db6a6034786c649bfa9', '109', '1', 'MyApp', '[]', '0', '2019-10-30 22:50:58', '2019-10-30 22:50:58', '2020-10-30 22:50:58');
INSERT INTO `oauth_access_tokens` VALUES ('b34c8932417a7bccffc0d2a9a443df851f94910f9fab978496131aeaaa64329c937c804151978cf6', '32', '1', 'MyApp', '[]', '0', '2019-08-26 15:26:59', '2019-08-26 15:26:59', '2020-08-26 15:26:59');
INSERT INTO `oauth_access_tokens` VALUES ('b35240758ef7e84db9d44cdaeca8357acddec6647aa9b96e7251bc346e5e2beb632ad78bfa12e373', '12', '1', 'MyApp', '[]', '0', '2019-06-27 10:29:02', '2019-06-27 10:29:02', '2020-06-27 10:29:02');
INSERT INTO `oauth_access_tokens` VALUES ('b3bafaaa4af8bbaf19ad1867bc3e8d8df26d4d9a881632b5dca186a3f3436a21067ea36a96c60dd1', '64', '1', 'MyApp', '[]', '0', '2019-10-13 13:07:34', '2019-10-13 13:07:34', '2020-10-13 13:07:34');
INSERT INTO `oauth_access_tokens` VALUES ('b3f3739924af6bc2079fd208a7bec3792bb075e440c73c1a924882231249732120a374e17b0a3116', '15', '1', 'MyApp', '[]', '0', '2019-08-19 14:08:58', '2019-08-19 14:08:58', '2020-08-19 14:08:58');
INSERT INTO `oauth_access_tokens` VALUES ('b48571d16e90a212bbffd619f82088355af36bfb186d673b42af915d26756cd3f887ef7f3169c0c3', '15', '1', 'MyApp', '[]', '0', '2019-09-04 15:37:48', '2019-09-04 15:37:48', '2020-09-04 15:37:48');
INSERT INTO `oauth_access_tokens` VALUES ('b4a367fe034182b6b4d8566610b1f6029d024f0ee7208b55a5bc9d08015cad61c6b0228f78690d8d', '19', '1', 'MyApp', '[]', '0', '2019-09-25 13:20:51', '2019-09-25 13:20:51', '2020-09-25 13:20:51');
INSERT INTO `oauth_access_tokens` VALUES ('b4be24d52f703d7c0b4499ea193105f351dae3fe6c1fdec57b34d88c706e56107940688914791004', '67', '1', 'MyApp', '[]', '0', '2019-09-24 10:26:29', '2019-09-24 10:26:29', '2020-09-24 10:26:29');
INSERT INTO `oauth_access_tokens` VALUES ('b4d13ad4dd094fb6d4a4111eaa9955b38f699774443273df076744f3c7caa193ca93bcf7be975173', '19', '1', 'MyApp', '[]', '0', '2019-10-08 10:21:02', '2019-10-08 10:21:02', '2020-10-08 10:21:02');
INSERT INTO `oauth_access_tokens` VALUES ('b4e0f750e5f03346dfffdb5dd426b14b6905cae581b55249362c507e05f74a2bd9430b9709477abc', '41', '1', 'MyApp', '[]', '0', '2019-08-08 15:31:45', '2019-08-08 15:31:45', '2020-08-08 15:31:45');
INSERT INTO `oauth_access_tokens` VALUES ('b50deae90864a37d8258cbd7d53c6325ace963e489a6fbcdec75982d9d2d6bf0ffce889201edcbec', '19', '1', 'MyApp', '[]', '0', '2019-09-04 14:45:10', '2019-09-04 14:45:10', '2020-09-04 14:45:10');
INSERT INTO `oauth_access_tokens` VALUES ('b51d07f4de5fe70ee5b11c5298a4a93eedea609983763f89f1f71012be6c63015a69e2ed29054ff5', null, '1', 'MyApp', '[]', '0', '2019-06-24 09:44:14', '2019-06-24 09:44:14', '2020-06-24 09:44:14');
INSERT INTO `oauth_access_tokens` VALUES ('b5360aa06d165fb309bc6351ffa40ca756d235622e44401af32fcd06f27b68a18155f757bae36a32', '19', '1', 'MyApp', '[]', '0', '2019-08-19 13:21:58', '2019-08-19 13:21:58', '2020-08-19 13:21:58');
INSERT INTO `oauth_access_tokens` VALUES ('b53b92512c053148eb26052f32770b47d73a8e48d6470b41b4c2b2182fb790b3c7133fa14b3caeee', '70', '1', 'MyApp', '[]', '0', '2019-09-24 15:29:26', '2019-09-24 15:29:26', '2020-09-24 15:29:26');
INSERT INTO `oauth_access_tokens` VALUES ('b543cce2896e18c2755aa9f897344ea98d20ffebf7b319ba28fa25c91e3a845594d046f2d657eb55', '5', '1', 'MyApp', '[]', '0', '2019-06-18 16:41:37', '2019-06-18 16:41:37', '2020-06-18 16:41:37');
INSERT INTO `oauth_access_tokens` VALUES ('b583327d01a6e306c2bdc6c443bfad06a7715fc785fd016a95671bd3dedb1945727e5b219f6e026b', '29', '1', 'MyApp', '[]', '0', '2019-08-18 09:01:37', '2019-08-18 09:01:37', '2020-08-18 09:01:37');
INSERT INTO `oauth_access_tokens` VALUES ('b58acfbc067eb19742b977b6b18937071711105aa3c4c936faff287cb4ca6dcbb8490ea269b7c7ef', '5', '1', 'MyApp', '[]', '0', '2019-08-01 15:56:12', '2019-08-01 15:56:12', '2020-08-01 15:56:12');
INSERT INTO `oauth_access_tokens` VALUES ('b5d11f46850fc4c799fe702dae0f37f82168df3467ee42f70b3659f577e5713d73e67f5e255fc05e', '12', '1', 'MyApp', '[]', '0', '2019-06-25 15:03:53', '2019-06-25 15:03:53', '2020-06-25 15:03:53');
INSERT INTO `oauth_access_tokens` VALUES ('b614c679e491fa5a478bc8b9b0e4e76ba8bcfddb8e7043568a155b2f8913318e5bdaa16a507a69bb', '19', '1', 'MyApp', '[]', '0', '2019-08-19 13:26:15', '2019-08-19 13:26:15', '2020-08-19 13:26:15');
INSERT INTO `oauth_access_tokens` VALUES ('b6211814f58438f5d9ac85b38ee619cdc03c1e959d3d1300aceba6635a9e0155fad79c985bf9b5a4', '12', '1', 'MyApp', '[]', '0', '2019-08-25 11:54:44', '2019-08-25 11:54:44', '2020-08-25 11:54:44');
INSERT INTO `oauth_access_tokens` VALUES ('b67e0595f5b2b2a143bfc063636964aa6ee599339f8687c2706de6823e925d1693fa5a8103cdbccf', '30', '1', 'MyApp', '[]', '0', '2019-08-26 12:00:15', '2019-08-26 12:00:15', '2020-08-26 12:00:15');
INSERT INTO `oauth_access_tokens` VALUES ('b6aca1041aa265f74edfee14b43da9d2f6af159dc7ef765a8ddd5f927a5eccb29615ab74ad2583fc', '19', '1', 'MyApp', '[]', '0', '2019-10-08 10:54:20', '2019-10-08 10:54:20', '2020-10-08 10:54:20');
INSERT INTO `oauth_access_tokens` VALUES ('b6bec05e2ab38901ff31f5003345aa339a05e3749aaa4aeb5e25ff84f17d76b1f857be72ffd2ee50', '109', '1', 'MyApp', '[]', '0', '2019-10-30 22:35:54', '2019-10-30 22:35:54', '2020-10-30 22:35:54');
INSERT INTO `oauth_access_tokens` VALUES ('b6cf02558f6f5da634acab3428f1487b1069a829361d65351de1a9dcae530bfbe2b5237e123eda67', '19', '1', 'MyApp', '[]', '0', '2019-10-08 10:28:43', '2019-10-08 10:28:43', '2020-10-08 10:28:43');
INSERT INTO `oauth_access_tokens` VALUES ('b6f73e0c8b090e2c9300adfb493a23e340a3ba7a5164ca19622ab18437dbf385df12e0db2c92cf8f', '117', '1', 'MyApp', '[]', '0', '2019-10-25 23:18:59', '2019-10-25 23:18:59', '2020-10-25 23:18:59');
INSERT INTO `oauth_access_tokens` VALUES ('b723f7e89f834801aa8709f962627693dfc458d13f0d08028e911e0c54906815222d473f83cf25da', '19', '1', 'MyApp', '[]', '0', '2019-09-17 10:12:41', '2019-09-17 10:12:41', '2020-09-17 10:12:41');
INSERT INTO `oauth_access_tokens` VALUES ('b72ad5884e5fe5819047ff10c77efaf573cc9cd2bdc60246752a6f1db6899127b5b9399d85bc1293', '94', '1', 'MyApp', '[]', '0', '2019-09-25 09:11:58', '2019-09-25 09:11:58', '2020-09-25 09:11:58');
INSERT INTO `oauth_access_tokens` VALUES ('b75cd48d1df56d357975fa4de901602e41ae65cda9cac07bd296745464d8df2bdb5e39b1cce892d8', '19', '1', 'MyApp', '[]', '0', '2019-09-01 09:31:34', '2019-09-01 09:31:34', '2020-09-01 09:31:34');
INSERT INTO `oauth_access_tokens` VALUES ('b75da495d57b06c208de3cb654fcad0b6f3e60b0fbcf25f0f62d85fb6a73b5930dc721fae0f73dfc', '19', '1', 'MyApp', '[]', '0', '2019-08-26 13:25:22', '2019-08-26 13:25:22', '2020-08-26 13:25:22');
INSERT INTO `oauth_access_tokens` VALUES ('b7954082159e85f5dab5e3cffd27a23a98c8235b6fc9ea063a2d5fece3d801a8d0e4d45b58a5f57c', '64', '1', 'MyApp', '[]', '0', '2019-09-24 09:39:33', '2019-09-24 09:39:33', '2020-09-24 09:39:33');
INSERT INTO `oauth_access_tokens` VALUES ('b7c21138a276e934fe6feb46717e1d36e60aef0d7a3282a1f126e8a627d1b0d87dd0cbb64086aca3', '30', '1', 'MyApp', '[]', '0', '2019-08-26 13:31:10', '2019-08-26 13:31:10', '2020-08-26 13:31:10');
INSERT INTO `oauth_access_tokens` VALUES ('b7c3cbb041dc64bd0922326b3480803cb35a791b447a48ce64eae67635598cc4eedfdabc1aaebf48', '15', '1', 'MyApp', '[]', '0', '2019-09-29 11:10:55', '2019-09-29 11:10:55', '2020-09-29 11:10:55');
INSERT INTO `oauth_access_tokens` VALUES ('b7d966d71ee0f905e777f389a78523d14c2dd5d19ae340ab8febaf9fe9b0d6f80d2f42556c280e67', '109', '1', 'MyApp', '[]', '0', '2019-10-31 00:01:45', '2019-10-31 00:01:45', '2020-10-31 00:01:45');
INSERT INTO `oauth_access_tokens` VALUES ('b7f78dadc08088485a932d09ddb87aab7a575bec0ec9784a30f137b30dc278651c38552b4d255659', '15', '1', 'MyApp', '[]', '0', '2019-09-04 13:14:21', '2019-09-04 13:14:21', '2020-09-04 13:14:21');
INSERT INTO `oauth_access_tokens` VALUES ('b8252fc9c274a0d288c124e9054a81addd1378bbf2e4d39d7bc70b31cc2b8bce6d57b04dfdaec613', '70', '1', 'MyApp', '[]', '0', '2019-09-24 15:40:54', '2019-09-24 15:40:54', '2020-09-24 15:40:54');
INSERT INTO `oauth_access_tokens` VALUES ('b82fd726197137bce128e7de57c5c3e3f0e90370fdd44d0fe446aa1426927aca2958c6c3e93481f5', '109', '1', 'MyApp', '[]', '0', '2019-10-30 10:46:17', '2019-10-30 10:46:17', '2020-10-30 10:46:17');
INSERT INTO `oauth_access_tokens` VALUES ('b86f2f5e0c665b91d9cbdf6853a6125579125d245c34f6b5cfb753f412fe044bb0a21aac75342ee2', '111', '1', 'MyApp', '[]', '0', '2019-10-31 17:46:46', '2019-10-31 17:46:46', '2020-10-31 17:46:46');
INSERT INTO `oauth_access_tokens` VALUES ('b871ad489ae46d38a0c6b5eda3f3e5de17350d4025163f43303b9016e23bb2c3146022bf1a105488', '15', '1', 'MyApp', '[]', '0', '2019-09-04 12:36:16', '2019-09-04 12:36:16', '2020-09-04 12:36:16');
INSERT INTO `oauth_access_tokens` VALUES ('b8d87b9505506c77fee0d874cfc9fa4247d2c73f05e74a85317447937e535d96b55ff3e3d84d3cf8', '15', '1', 'MyApp', '[]', '0', '2019-08-19 14:09:45', '2019-08-19 14:09:45', '2020-08-19 14:09:45');
INSERT INTO `oauth_access_tokens` VALUES ('b8fc3038e60a221ba6b6d8b0a2a802447cfcee42b1221690629b84d897686d48aa58f63286c15aae', '15', '1', 'MyApp', '[]', '0', '2019-09-25 13:25:29', '2019-09-25 13:25:29', '2020-09-25 13:25:29');
INSERT INTO `oauth_access_tokens` VALUES ('b91b9b28ef83eec45d3bfbbbe91ff2c341d772731e49e05116613d8db35a9428b40cb2639481e9a7', null, '1', 'MyApp', '[]', '0', '2019-06-24 12:12:30', '2019-06-24 12:12:30', '2020-06-24 12:12:30');
INSERT INTO `oauth_access_tokens` VALUES ('b92424638a2abce5cd4c135a45c392ba4c8251e48fd36f8fc94a640ac10c63c274a3b1135d2b8742', '15', '1', 'MyApp', '[]', '0', '2019-08-19 13:58:16', '2019-08-19 13:58:16', '2020-08-19 13:58:16');
INSERT INTO `oauth_access_tokens` VALUES ('b9a6a1de89972c04232869a3c372bfab346f460c8a3a32535907befdf52389e821eb10a96a43b82a', '109', '1', 'MyApp', '[]', '0', '2019-10-27 16:47:57', '2019-10-27 16:47:57', '2020-10-27 16:47:57');
INSERT INTO `oauth_access_tokens` VALUES ('b9d5d1cf7ee7300a2682a54292d4b624cb22f897d51073d76c558c3b8ad8a57bbc29076728245f00', '15', '1', 'MyApp', '[]', '0', '2019-08-19 14:04:33', '2019-08-19 14:04:33', '2020-08-19 14:04:33');
INSERT INTO `oauth_access_tokens` VALUES ('ba054ea4ab4a0b4992ed0e9a62dda5e51d49d747e555ff18aa5d7540d5528b6814f5aff6ac7e2f1e', '29', '1', 'MyApp', '[]', '0', '2019-09-18 14:19:56', '2019-09-18 14:19:56', '2020-09-18 14:19:56');
INSERT INTO `oauth_access_tokens` VALUES ('ba4765c364952838900d8f364598c02e8c8b0ec816767f6a206ad8408a857f95546ddc0d4112f093', '97', '1', 'MyApp', '[]', '0', '2019-09-25 09:51:07', '2019-09-25 09:51:07', '2020-09-25 09:51:07');
INSERT INTO `oauth_access_tokens` VALUES ('ba54b9bb245f01af554e526273b1d5bcfd2cfa51113408a2e32d6c060d7a6c57426ebe10300ddbb7', '19', '1', 'MyApp', '[]', '0', '2019-10-07 09:46:09', '2019-10-07 09:46:09', '2020-10-07 09:46:09');
INSERT INTO `oauth_access_tokens` VALUES ('ba5dfdf9ae900117626f1dc1543edbc9bf4bb77cf1f9d4f5aa31b34a76cf8866c3c2e7c69303a6a3', '29', '1', 'MyApp', '[]', '0', '2019-10-17 21:49:27', '2019-10-17 21:49:27', '2020-10-17 21:49:27');
INSERT INTO `oauth_access_tokens` VALUES ('ba8a1c2cc58c56ea6b777428371825136ab169a13336b1456d531fb7405f13319754e298ffdbeaa2', '19', '1', 'MyApp', '[]', '0', '2019-09-01 11:04:59', '2019-09-01 11:04:59', '2020-09-01 11:04:59');
INSERT INTO `oauth_access_tokens` VALUES ('bac2a627894610debb3097e1a118ff9a6bed26478df5e26892a8ff249a6ad81dba307316ca3a7c3a', '15', '1', 'MyApp', '[]', '0', '2019-08-19 14:07:54', '2019-08-19 14:07:54', '2020-08-19 14:07:54');
INSERT INTO `oauth_access_tokens` VALUES ('bb0790b8d280f0c589cf4ec9f8f03628beca31377c3f2ec7403300af4a0142acf934e38ed76343c6', '109', '1', 'MyApp', '[]', '0', '2019-10-28 14:15:18', '2019-10-28 14:15:18', '2020-10-28 14:15:18');
INSERT INTO `oauth_access_tokens` VALUES ('bb07ed2abdfb95f3974073e380a19ffed70763fef2788ef850c4291443f3a70eab52a8dcaa9c9d6f', '68', '1', 'MyApp', '[]', '0', '2019-09-24 11:26:16', '2019-09-24 11:26:16', '2020-09-24 11:26:16');
INSERT INTO `oauth_access_tokens` VALUES ('bb0d386e7126d53417d394043123bee4c2b37e604a84bfd8da03f5228a600c383d01731be296c024', '19', '1', 'MyApp', '[]', '0', '2019-09-25 13:23:55', '2019-09-25 13:23:55', '2020-09-25 13:23:55');
INSERT INTO `oauth_access_tokens` VALUES ('bb6818dae149859ffac88bf62391755e8a1b88b266d3fb4d3a6b7976c6f24f315fa35fd28f4f70fe', '15', '1', 'MyApp', '[]', '0', '2019-08-18 15:48:25', '2019-08-18 15:48:25', '2020-08-18 15:48:25');
INSERT INTO `oauth_access_tokens` VALUES ('bb8e8a1474024c4cc8ad92398b31bdef8655752b1619dac3ca344127160545c3f4e81a77609395bc', '29', '1', 'MyApp', '[]', '0', '2019-08-25 12:54:21', '2019-08-25 12:54:21', '2020-08-25 12:54:21');
INSERT INTO `oauth_access_tokens` VALUES ('bbbb98d325684a871c5ca308793fd5bf23ec4996b8b2b0d7a4e35980c4f12a5519b960275921961c', '15', '1', 'MyApp', '[]', '0', '2019-09-29 14:55:46', '2019-09-29 14:55:46', '2020-09-29 14:55:46');
INSERT INTO `oauth_access_tokens` VALUES ('bbc9b8c6f0e7ce8cd6753b22c0ff192503be737ab0f0c094ce8af999d29b3a14018f6b217838912f', '126', '1', 'MyApp', '[]', '0', '2019-10-31 11:03:36', '2019-10-31 11:03:36', '2020-10-31 11:03:36');
INSERT INTO `oauth_access_tokens` VALUES ('bbeb2a758a6d2efecd81a9319c06380bf154e5a9f2962011651f7e4c74efcadc21b2459ceaf64dea', '19', '1', 'MyApp', '[]', '0', '2019-08-26 13:32:24', '2019-08-26 13:32:24', '2020-08-26 13:32:24');
INSERT INTO `oauth_access_tokens` VALUES ('bbfd1b71decbaa494c70a6e4e965ab0d5b4d497c6794a283c09877341340b833b741a7544e966692', '19', '1', 'MyApp', '[]', '0', '2019-09-25 13:19:28', '2019-09-25 13:19:28', '2020-09-25 13:19:28');
INSERT INTO `oauth_access_tokens` VALUES ('bc568959ecc5e6cd448b19e30c4d91813488599beffd53c98669ee1681828a6a92f22e7996120530', '19', '1', 'MyApp', '[]', '0', '2019-09-01 10:43:11', '2019-09-01 10:43:11', '2020-09-01 10:43:11');
INSERT INTO `oauth_access_tokens` VALUES ('bc66f9dfeb674f0c8df517de48d512a673770ee17dd51b004581cefb68cc05d8256f071a0c466b33', '29', '1', 'MyApp', '[]', '0', '2019-08-25 09:48:58', '2019-08-25 09:48:58', '2020-08-25 09:48:58');
INSERT INTO `oauth_access_tokens` VALUES ('bc8bcc3313cee9f0698c231d9f8ac2d440dec82d301647f00fc39a45f79b07240feca70f1b4e2743', '71', '1', 'MyApp', '[]', '0', '2019-09-24 15:32:36', '2019-09-24 15:32:36', '2020-09-24 15:32:36');
INSERT INTO `oauth_access_tokens` VALUES ('bc9f729e2914c5458228bf0f305a7f74d3e6823347e021f50beaef9b938dda689a13fdfad48ec8c7', '15', '1', 'MyApp', '[]', '0', '2019-06-11 09:36:26', '2019-06-11 09:36:26', '2020-06-11 09:36:26');
INSERT INTO `oauth_access_tokens` VALUES ('bcd043cbfb4eece548bf7d5889f80969b5548766d6afd68b59075c24ef8cf8fdcd5bc4025b5a4195', '50', '1', 'MyApp', '[]', '0', '2019-08-25 14:05:26', '2019-08-25 14:05:26', '2020-08-25 14:05:26');
INSERT INTO `oauth_access_tokens` VALUES ('bd2bb7a799680a184272671dc7669966743a7d4b6762b2bfdda43ab2df0fe444e17fb1514812ea1e', '19', '1', 'MyApp', '[]', '0', '2019-09-18 13:18:13', '2019-09-18 13:18:13', '2020-09-18 13:18:13');
INSERT INTO `oauth_access_tokens` VALUES ('bd31cc50470cfd7812ec46b6c9df317aa930a7c47b834a26464e0b232d1af56f49d429ae9198b6f2', '19', '1', 'MyApp', '[]', '0', '2019-08-26 16:26:02', '2019-08-26 16:26:02', '2020-08-26 16:26:02');
INSERT INTO `oauth_access_tokens` VALUES ('bd38fc0c7cd9c01f0f83eeb468f69504a0ea595620531f5c86f72e0d8107a13b0cdc6f7ead247242', '15', '1', 'MyApp', '[]', '0', '2019-09-02 10:22:33', '2019-09-02 10:22:33', '2020-09-02 10:22:33');
INSERT INTO `oauth_access_tokens` VALUES ('bda8538aa98d66fc2ccab335c725b8b30efb2e54fa362b1067587f7de5c8dfa7c984a0137cf082a2', '19', '1', 'MyApp', '[]', '0', '2019-08-26 13:33:24', '2019-08-26 13:33:24', '2020-08-26 13:33:24');
INSERT INTO `oauth_access_tokens` VALUES ('bdb954c2935ac4cba000c056b321bcb3337cb041195502ef2244ba6fab8f9f060fd5a2e921ce22b1', '19', '1', 'MyApp', '[]', '0', '2019-10-03 10:13:58', '2019-10-03 10:13:58', '2020-10-03 10:13:58');
INSERT INTO `oauth_access_tokens` VALUES ('bdd7e5cd2953bd3d22c4fab03eacdcd6df6ffc3b84d530e7e93fee90265b5f8b3428f97c868e8ec6', '19', '1', 'MyApp', '[]', '0', '2019-09-25 13:20:11', '2019-09-25 13:20:11', '2020-09-25 13:20:11');
INSERT INTO `oauth_access_tokens` VALUES ('be0c1b2a1fc31b4a7fe6394a0f2e26aefa25f8944c9899361768b3e204394373e8c0b9a6fce28c8e', '15', '1', 'MyApp', '[]', '0', '2019-09-04 14:47:40', '2019-09-04 14:47:40', '2020-09-04 14:47:40');
INSERT INTO `oauth_access_tokens` VALUES ('be2d15892f5349fad81cf39b7acd16e7fe94856a5c1314f9060a09d48fccba345e9955089b99b7fd', '53', '1', 'MyApp', '[]', '0', '2019-08-25 13:34:59', '2019-08-25 13:34:59', '2020-08-25 13:34:59');
INSERT INTO `oauth_access_tokens` VALUES ('be3a3931e9d9a264abaab6d55c304ed1d2a17daf6f3862db2cacad34e3c553b4463fd5ca8e47c87c', '19', '1', 'MyApp', '[]', '0', '2019-08-18 10:04:19', '2019-08-18 10:04:19', '2020-08-18 10:04:19');
INSERT INTO `oauth_access_tokens` VALUES ('be69f2a7a3eda016ba05862064be1e63faaab0b1529f7c288f2d2769a070612357241163021e0485', '15', '1', 'MyApp', '[]', '0', '2019-08-19 14:04:36', '2019-08-19 14:04:36', '2020-08-19 14:04:36');
INSERT INTO `oauth_access_tokens` VALUES ('be887f8051fbce9c64cc894f813be73f2747a3a4c522b3a1c91db98d9ae0615050ea21edfca3e207', '128', '1', 'MyApp', '[]', '0', '2019-11-03 12:18:34', '2019-11-03 12:18:34', '2020-11-03 12:18:34');
INSERT INTO `oauth_access_tokens` VALUES ('be8af9aff9a363f207fa7f8d8ef95a2d1a8372853ed32fbb0b61e989c15efb8f93658266a1549a08', '68', '1', 'MyApp', '[]', '0', '2019-09-24 15:06:52', '2019-09-24 15:06:52', '2020-09-24 15:06:52');
INSERT INTO `oauth_access_tokens` VALUES ('be8d5506bc7ad80386054d8752daacc90a76ddeaad8b0c06f4675c98f67716f9e2d24a4ec467194b', '128', '1', 'MyApp', '[]', '0', '2019-11-13 12:05:43', '2019-11-13 12:05:43', '2020-11-13 12:05:43');
INSERT INTO `oauth_access_tokens` VALUES ('bebc17b21db4d970a173cdebdcec29fa35a971ddec19dd4e6240539edb70d0909c3f5e2b4080558e', '29', '1', 'MyApp', '[]', '0', '2019-08-22 11:20:10', '2019-08-22 11:20:10', '2020-08-22 11:20:10');
INSERT INTO `oauth_access_tokens` VALUES ('bf31e0a66f46ae50211379215bd2720597f36522aec003a367bf4355fa7f46426feefd2cd4bfd115', '29', '1', 'MyApp', '[]', '0', '2019-08-28 15:10:01', '2019-08-28 15:10:01', '2020-08-28 15:10:01');
INSERT INTO `oauth_access_tokens` VALUES ('bf4fe80b561199a1c134d2a7a695c1d66224aed3b2651a4ddb783b8dd79c97d929f0795548dbd97f', '19', '1', 'MyApp', '[]', '0', '2019-10-08 10:16:16', '2019-10-08 10:16:16', '2020-10-08 10:16:16');
INSERT INTO `oauth_access_tokens` VALUES ('bf584bbb38bcd1c0e6cf815894d0b1333c65a4fa93a0f6baf79a94d533f10c205052ea4e19c46ffb', '128', '1', 'MyApp', '[]', '0', '2019-11-24 12:28:05', '2019-11-24 12:28:05', '2020-11-24 12:28:05');
INSERT INTO `oauth_access_tokens` VALUES ('bf73cc588460c9feb5bab45ea74533c96f422a48be164f443fa0380b4701075d6f8953b57483be53', '70', '1', 'MyApp', '[]', '0', '2019-09-24 15:41:53', '2019-09-24 15:41:53', '2020-09-24 15:41:53');
INSERT INTO `oauth_access_tokens` VALUES ('bfa2523d87f1489268d2e4b373d51851ed532659a01016451e7ba87d49c336e02570389fc73961c1', '29', '1', 'MyApp', '[]', '0', '2019-10-14 08:44:18', '2019-10-14 08:44:18', '2020-10-14 08:44:18');
INSERT INTO `oauth_access_tokens` VALUES ('bfe1fa70d3099a013f426de6ecf2dcbab5e788de15b477f59a21c20e7468907a5bd0ab984da7df6e', '15', '1', 'MyApp', '[]', '0', '2019-09-04 11:36:26', '2019-09-04 11:36:26', '2020-09-04 11:36:26');
INSERT INTO `oauth_access_tokens` VALUES ('bffc0f7b226b4fcda3bc55e37617216d2c32e030755b648be1524c46084f39f78deb060e9609ce03', '15', '1', 'MyApp', '[]', '0', '2019-09-25 13:26:56', '2019-09-25 13:26:56', '2020-09-25 13:26:56');
INSERT INTO `oauth_access_tokens` VALUES ('c05fd20ddbcea0dcb08718618b46bc745b6a402ceac73c297a238bb219bbbb64be070455f0dc3768', '29', '1', 'MyApp', '[]', '0', '2019-09-25 08:26:21', '2019-09-25 08:26:21', '2020-09-25 08:26:21');
INSERT INTO `oauth_access_tokens` VALUES ('c066c32a18c79c25cf6c8548b8cd560119b223457fbc53cb66d6d5a9458ea6cac21a3233e3c99cd5', '15', '1', 'MyApp', '[]', '0', '2019-09-25 13:25:32', '2019-09-25 13:25:32', '2020-09-25 13:25:32');
INSERT INTO `oauth_access_tokens` VALUES ('c0d8db57e7a8e6531be294a052ba61bde945f7ebd0c65b79ecda7b78b160b68dfa528e3c6e548100', '15', '1', 'MyApp', '[]', '0', '2019-10-02 10:07:46', '2019-10-02 10:07:46', '2020-10-02 10:07:46');
INSERT INTO `oauth_access_tokens` VALUES ('c0ec1325691651ba56879cb329a220920e5755f5a11df3cbb42f3a583d589708c6c436db359453d6', '4', '1', 'MyApp', '[]', '0', '2019-05-09 09:31:03', '2019-05-09 09:31:03', '2020-05-09 09:31:03');
INSERT INTO `oauth_access_tokens` VALUES ('c0fadc66f0e851ceb24ec844297c5ea77639b548a3356fd239983a38e714506bcdc97e1b45bb5b1e', '15', '1', 'MyApp', '[]', '0', '2019-09-04 11:34:40', '2019-09-04 11:34:40', '2020-09-04 11:34:40');
INSERT INTO `oauth_access_tokens` VALUES ('c0fb46364262877a409962b9623e0b851b931f7581555c7961480122ddb96a7e21fdd60497422f25', '17', '1', 'MyApp', '[]', '0', '2019-08-20 08:51:57', '2019-08-20 08:51:57', '2020-08-20 08:51:57');
INSERT INTO `oauth_access_tokens` VALUES ('c10cffa8d75124f35d19af51d1c70fd335d3fd1f393274a8d5d8fdaced86bde55afa9bc4c588951d', null, '1', 'MyApp', '[]', '0', '2019-06-24 11:14:21', '2019-06-24 11:14:21', '2020-06-24 11:14:21');
INSERT INTO `oauth_access_tokens` VALUES ('c1179a655c93bb1d97c3a314b27a62d3b94d70c741b262e868e2a51d95f0031241bf438972d0a8bc', '32', '1', 'MyApp', '[]', '0', '2019-09-04 13:49:51', '2019-09-04 13:49:51', '2020-09-04 13:49:51');
INSERT INTO `oauth_access_tokens` VALUES ('c12053a14bd2a974d949e65da6e5fa2aab372dceff939aecf8b75fe1fd2a9e2f2fae615eebacd45b', '19', '1', 'MyApp', '[]', '0', '2019-08-26 15:25:26', '2019-08-26 15:25:26', '2020-08-26 15:25:26');
INSERT INTO `oauth_access_tokens` VALUES ('c152f6dc84bdd676794df6254b36dbe2554a7a08496ace64900bd00ad0843ef9d3546b2896f7285d', '19', '1', 'MyApp', '[]', '0', '2019-10-03 09:54:03', '2019-10-03 09:54:03', '2020-10-03 09:54:03');
INSERT INTO `oauth_access_tokens` VALUES ('c17f215ab9dfd23b4527eb1bbbf555684299e6b85a187d76eff4993c4fd3da27160270fc8eb4f172', null, '1', 'MyApp', '[]', '0', '2019-06-24 11:09:48', '2019-06-24 11:09:48', '2020-06-24 11:09:48');
INSERT INTO `oauth_access_tokens` VALUES ('c19b146a7308c8aa8e5e78d784a56c12f723c35e34b6370501592138824febfad00bb5cdde29f22c', '66', '1', 'MyApp', '[]', '0', '2019-09-24 10:21:58', '2019-09-24 10:21:58', '2020-09-24 10:21:58');
INSERT INTO `oauth_access_tokens` VALUES ('c1a7f46aaf9e8f86a85cb13de703a6b8566be70385b0b03d667406f48c7b88f9339e3fb0b845caff', '19', '1', 'MyApp', '[]', '0', '2019-10-02 09:51:42', '2019-10-02 09:51:42', '2020-10-02 09:51:42');
INSERT INTO `oauth_access_tokens` VALUES ('c2202b8183003bfeac36a41293f2f1c64332d0f8a2323774464d91f236cf4f10c6292777a611580d', '12', '1', 'MyApp', '[]', '0', '2019-06-21 14:07:58', '2019-06-21 14:07:58', '2020-06-21 14:07:58');
INSERT INTO `oauth_access_tokens` VALUES ('c233d44f8eabef617c6cf0084b80c12a2763e17ea6f01b2c5c33ac076abc596d2d944c9897ea5174', '102', '1', 'MyApp', '[]', '0', '2019-10-22 09:26:33', '2019-10-22 09:26:33', '2020-10-22 09:26:33');
INSERT INTO `oauth_access_tokens` VALUES ('c26aa42bc52a8eeb7e3cf115f839c5c4408bc795c0ad9e955475cead0b57a5c87f88bbffde9ab3f0', '115', '1', 'MyApp', '[]', '0', '2019-10-24 19:06:15', '2019-10-24 19:06:15', '2020-10-24 19:06:15');
INSERT INTO `oauth_access_tokens` VALUES ('c2e215b6383dfa471f9b73244f0d87e47a8537c8e81c923eca0d61e0ddf4ccc7ba8e3716397c074b', '19', '1', 'MyApp', '[]', '0', '2019-08-26 13:34:08', '2019-08-26 13:34:08', '2020-08-26 13:34:08');
INSERT INTO `oauth_access_tokens` VALUES ('c31f705f3eaf5e75a2ee6a5676e6fded4e116c4791bb5e43e23817b2ecf2fdff2aeb0801d1b5039e', '128', '1', 'MyApp', '[]', '0', '2019-11-04 14:51:08', '2019-11-04 14:51:08', '2020-11-04 14:51:08');
INSERT INTO `oauth_access_tokens` VALUES ('c34002da3cc46c7607c6edd37ac39ba77f89493898a6a9c207d65becfd4ce2976abb1d9c55175359', '129', '1', 'MyApp', '[]', '0', '2019-11-20 09:54:41', '2019-11-20 09:54:41', '2020-11-20 09:54:41');
INSERT INTO `oauth_access_tokens` VALUES ('c3a819ed8848be0e10bf801630e53f6a46e4dde3377b342a4fb20c9fcbd6bddf86212416b522055e', '109', '1', 'MyApp', '[]', '0', '2019-10-31 14:45:06', '2019-10-31 14:45:06', '2020-10-31 14:45:06');
INSERT INTO `oauth_access_tokens` VALUES ('c3adc6eb2371431b21a6f4d7cc03870a646fe7d531c24e131124770d1a422cb0bff29df3c3c941c3', '109', '1', 'MyApp', '[]', '0', '2019-10-29 12:20:29', '2019-10-29 12:20:29', '2020-10-29 12:20:29');
INSERT INTO `oauth_access_tokens` VALUES ('c3cd960a1dd3de13f075d035361d9e5673b955f66cf3be90b12830ad121cf3e52eed099b6556440c', '19', '1', 'MyApp', '[]', '0', '2019-10-07 08:16:33', '2019-10-07 08:16:33', '2020-10-07 08:16:33');
INSERT INTO `oauth_access_tokens` VALUES ('c3df86b734b757b3e89b36c25306ba527e09282f11ff62d5ae6a7619b923c3c0235c449ad07ca1d9', '94', '1', 'MyApp', '[]', '0', '2019-09-25 09:20:45', '2019-09-25 09:20:45', '2020-09-25 09:20:45');
INSERT INTO `oauth_access_tokens` VALUES ('c438508a8fc0b7e60bcca581207f5710e47fba7bf7a7526e7f4431c69b29bdf4afcb3acc2d4d458b', '19', '1', 'MyApp', '[]', '0', '2019-09-25 13:25:58', '2019-09-25 13:25:58', '2020-09-25 13:25:58');
INSERT INTO `oauth_access_tokens` VALUES ('c43a6b7999f535de20656221eb4026523cc26460fffa0c752d93bbd9255edce3d9a476a6466de795', '19', '1', 'MyApp', '[]', '0', '2019-09-11 15:55:33', '2019-09-11 15:55:33', '2020-09-11 15:55:33');
INSERT INTO `oauth_access_tokens` VALUES ('c483fe08eaf9176d7b3554a7098bf3ac7cc7f28baf15c9b4374d8a59b4ec708a142a00ea02a3f260', '29', '1', 'MyApp', '[]', '0', '2019-09-24 11:51:38', '2019-09-24 11:51:38', '2020-09-24 11:51:38');
INSERT INTO `oauth_access_tokens` VALUES ('c4c21faa5f3791f693f905d27d0d51fc3d145747793ffbb77e975df9e943c0bcd484ade4bd6d1a69', '15', '1', 'MyApp', '[]', '0', '2019-08-19 14:09:53', '2019-08-19 14:09:53', '2020-08-19 14:09:53');
INSERT INTO `oauth_access_tokens` VALUES ('c5074813acb367d8596b0e9c5affadfbeb308824e4b036516798921c8188eda4f8513b5fb31e7181', '109', '1', 'MyApp', '[]', '0', '2019-11-18 16:52:32', '2019-11-18 16:52:32', '2020-11-18 16:52:32');
INSERT INTO `oauth_access_tokens` VALUES ('c5218b71d137d0b37471ebd85eaf68a0e84f4b22523f90875d8c0b0fd5c00c57c48adc5dbf1ab374', '15', '1', 'MyApp', '[]', '0', '2019-08-19 13:58:38', '2019-08-19 13:58:38', '2020-08-19 13:58:38');
INSERT INTO `oauth_access_tokens` VALUES ('c54555b2501227ff203a6013dd15db13c06934c9296bc0d4c7dcad25aec948a5d075b66861bb0b5e', '109', '1', 'MyApp', '[]', '0', '2019-10-31 11:38:02', '2019-10-31 11:38:02', '2020-10-31 11:38:02');
INSERT INTO `oauth_access_tokens` VALUES ('c5806a6cbeb3bc4e83c49644389ae176ba139cfc128ae7e2b9a246f1dc2ee2c7ce2bff3444d32644', '19', '1', 'MyApp', '[]', '0', '2019-08-26 12:28:59', '2019-08-26 12:28:59', '2020-08-26 12:28:59');
INSERT INTO `oauth_access_tokens` VALUES ('c6188638fa0e54dc742c3c576b321f4ff23260e275e5c8b8a7b32931dd40f1731b7713e866890eeb', '19', '1', 'MyApp', '[]', '0', '2019-10-22 12:05:41', '2019-10-22 12:05:41', '2020-10-22 12:05:41');
INSERT INTO `oauth_access_tokens` VALUES ('c63a63b03983c0a135d213f35de57e25734a20401050bf7e0a8d9cd88f41e8322901b8d0ac7d55f3', '29', '1', 'MyApp', '[]', '0', '2019-09-11 15:34:26', '2019-09-11 15:34:26', '2020-09-11 15:34:26');
INSERT INTO `oauth_access_tokens` VALUES ('c646e2492f69b24020f4504029779b09cee176010c9ed9778fc0f0e2e158a8397267a040e6b35a7d', '108', '1', 'MyApp', '[]', '0', '2019-10-23 14:38:01', '2019-10-23 14:38:01', '2020-10-23 14:38:01');
INSERT INTO `oauth_access_tokens` VALUES ('c6513b1aa64bb07c6ad0fc4898a48871ecc2551bea4ceb44752771c664fa16d1f6d2056bd8a8b9a5', '19', '1', 'MyApp', '[]', '0', '2019-09-25 13:22:37', '2019-09-25 13:22:37', '2020-09-25 13:22:37');
INSERT INTO `oauth_access_tokens` VALUES ('c6828a751015ecd496cc874204cb705b3ca0f39278ec5d14cba92aa352351093c29934375698c503', '19', '1', 'MyApp', '[]', '0', '2019-10-08 10:39:06', '2019-10-08 10:39:06', '2020-10-08 10:39:06');
INSERT INTO `oauth_access_tokens` VALUES ('c690e88f34220cc172d3c328e52fb0e1841fd980f553d0af4be21c8221cf4a63f3507de3c2ba57d4', '49', '1', 'MyApp', '[]', '0', '2019-08-19 14:04:15', '2019-08-19 14:04:15', '2020-08-19 14:04:15');
INSERT INTO `oauth_access_tokens` VALUES ('c70aef00f640e3fa173fdfbbfee27b85de9648c22dfa8971d5ed9c4d44f80e8c16908904c4513b30', '19', '1', 'MyApp', '[]', '0', '2019-10-03 15:23:16', '2019-10-03 15:23:16', '2020-10-03 15:23:16');
INSERT INTO `oauth_access_tokens` VALUES ('c70e4c689b50fda86dca0fb708b1cec04cd4c1b3e155e5450cfebe1d04db3a83ffeb420c75c8f472', '15', '1', 'MyApp', '[]', '0', '2019-08-19 13:29:52', '2019-08-19 13:29:52', '2020-08-19 13:29:52');
INSERT INTO `oauth_access_tokens` VALUES ('c761281e4a7c1fc266ee24f9ba17a05d3aa09094e862f180a06ed051a44a6d352557cba8f8bb5f18', '15', '1', 'MyApp', '[]', '0', '2019-09-25 13:25:36', '2019-09-25 13:25:36', '2020-09-25 13:25:36');
INSERT INTO `oauth_access_tokens` VALUES ('c77e89fa22862be7bc2131dcfefb320f386d54f61c5fb06f126b1d10f7655fd661217ca9640836ec', '29', '1', 'MyApp', '[]', '0', '2019-08-27 08:36:17', '2019-08-27 08:36:17', '2020-08-27 08:36:17');
INSERT INTO `oauth_access_tokens` VALUES ('c7bcd225aac69622490040d2db67411ecab6a6d842af617350786b2a157b9bf54c2f36c6fb764bd4', '109', '1', 'MyApp', '[]', '0', '2019-10-25 22:02:54', '2019-10-25 22:02:54', '2020-10-25 22:02:54');
INSERT INTO `oauth_access_tokens` VALUES ('c7be6adeb0d2788f38fd397d75c275390cf84ca9f3d42621c41e314bddaa9b9362761a9734a3487a', '19', '1', 'MyApp', '[]', '0', '2019-10-08 10:27:51', '2019-10-08 10:27:51', '2020-10-08 10:27:51');
INSERT INTO `oauth_access_tokens` VALUES ('c7f09a6bad461aa77eac4ad0a4b0403c447780f9fadafecd8ad3d19f6c68ff63803c70068139ebbf', '12', '1', 'MyApp', '[]', '0', '2019-06-18 14:11:33', '2019-06-18 14:11:33', '2020-06-18 14:11:33');
INSERT INTO `oauth_access_tokens` VALUES ('c8240b082f94f86e8a1ddc1a4e6fa4971c2311982540c70553b75501ab0d683d5c1f654c4b9d5f36', '5', '1', 'MyApp', '[]', '0', '2019-08-01 16:01:08', '2019-08-01 16:01:08', '2020-08-01 16:01:08');
INSERT INTO `oauth_access_tokens` VALUES ('c837b468b5b0b39f9007003870bbcca5188532ac5e597593ed6313c84f2e5e83a20af1cdb2d6b65c', '19', '1', 'MyApp', '[]', '0', '2019-09-25 13:26:07', '2019-09-25 13:26:07', '2020-09-25 13:26:07');
INSERT INTO `oauth_access_tokens` VALUES ('c84c70b0c5cea33265e4d35dcf23199515dce77fb15e45a4e33098802e382a1c7c411dce35644cc3', '20', '1', 'MyApp', '[]', '0', '2019-06-25 12:23:02', '2019-06-25 12:23:02', '2020-06-25 12:23:02');
INSERT INTO `oauth_access_tokens` VALUES ('c8795c421a5be827a524a8cf2c75494e8600507cb733fc3a5fbc4e0b800632066da0482cc9e4382a', '108', '1', 'MyApp', '[]', '0', '2019-10-23 11:40:48', '2019-10-23 11:40:48', '2020-10-23 11:40:48');
INSERT INTO `oauth_access_tokens` VALUES ('c8bf0f7a6d34364bf9477d240ccac965b02fb1386838d9bb7effe116652a4591a69840320fd83bd8', '50', '1', 'MyApp', '[]', '0', '2019-08-20 14:14:32', '2019-08-20 14:14:32', '2020-08-20 14:14:32');
INSERT INTO `oauth_access_tokens` VALUES ('c8d84f30fc9f0492dcfed735ed1baaa19c67a5a5569a18b2da68e1ce52664efe76deae9f571a0900', '108', '1', 'MyApp', '[]', '0', '2019-10-23 14:33:32', '2019-10-23 14:33:32', '2020-10-23 14:33:32');
INSERT INTO `oauth_access_tokens` VALUES ('c9050ff16f82adefae470a4d3baa186d38d0a7fee1ccf7debe818f0d32aeea2c697c52cbd60b730c', '109', '1', 'MyApp', '[]', '0', '2019-10-24 12:45:04', '2019-10-24 12:45:04', '2020-10-24 12:45:04');
INSERT INTO `oauth_access_tokens` VALUES ('c932d2081ad07270dc580ad10907029ca4ff054979b11cad658095df36e72a7408f6642fd1447289', '19', '1', 'MyApp', '[]', '0', '2019-09-11 14:55:46', '2019-09-11 14:55:46', '2020-09-11 14:55:46');
INSERT INTO `oauth_access_tokens` VALUES ('c946663c68613acf301bda881fc7e86f6d581e928dca5aeaf16023b2a1a9001a49a13ea6b6dd1658', '109', '1', 'MyApp', '[]', '0', '2019-10-24 12:33:23', '2019-10-24 12:33:23', '2020-10-24 12:33:23');
INSERT INTO `oauth_access_tokens` VALUES ('c95368d4578cbb841b95b303da2311efa05dadc32516fe95c0b74f8336f7a8a90a4f19be0ac2ab6a', '105', '1', 'MyApp', '[]', '0', '2019-10-22 12:37:42', '2019-10-22 12:37:42', '2020-10-22 12:37:42');
INSERT INTO `oauth_access_tokens` VALUES ('c96674fc9b0bbea200590d9dd1f44afec554a2dab7003905689d4c9d9170c24f41ad8c70869bfc18', '128', '1', 'MyApp', '[]', '0', '2019-11-12 15:09:12', '2019-11-12 15:09:12', '2020-11-12 15:09:12');
INSERT INTO `oauth_access_tokens` VALUES ('c9984ef525fee8bf5c8fbcaa5d61762f9a0124ac78e71b1218e954b89de75fe7b96977baed8f9020', '102', '1', 'MyApp', '[]', '0', '2019-10-22 09:03:03', '2019-10-22 09:03:03', '2020-10-22 09:03:03');
INSERT INTO `oauth_access_tokens` VALUES ('c99c2b73dca43f4bc1ac0d7b451e813cce6f95bcfc5f2b3161411bff8e1bc9c5500c5d6334adc7de', '68', '1', 'MyApp', '[]', '0', '2019-09-24 14:57:20', '2019-09-24 14:57:20', '2020-09-24 14:57:20');
INSERT INTO `oauth_access_tokens` VALUES ('c9c1a1b4faa7c5a6eb4a7a497f49caaba4bb9ce670c6e85cb3623d3a322977706ef678475c13abb1', '19', '1', 'MyApp', '[]', '0', '2019-08-26 13:34:41', '2019-08-26 13:34:41', '2020-08-26 13:34:41');
INSERT INTO `oauth_access_tokens` VALUES ('c9d12e492440eaa8424d28564e8fb8b5c9d159c8c3e0e40b520ea81f208f67ca4e5c17c1d45c53dd', '109', '1', 'MyApp', '[]', '0', '2019-10-27 15:50:27', '2019-10-27 15:50:27', '2020-10-27 15:50:27');
INSERT INTO `oauth_access_tokens` VALUES ('c9e289d9a9c86b2f3790598ec7286628c78ec980859fb52d2213c205a17798fe69a172dc1e9f9bf3', '15', '1', 'MyApp', '[]', '0', '2019-08-25 14:16:15', '2019-08-25 14:16:15', '2020-08-25 14:16:15');
INSERT INTO `oauth_access_tokens` VALUES ('ca306065d9feb872759b8a7cfc7c3eaee91eaac0c9a2a5ffbf0945650c41b578ef19f6e67051f5c8', '32', '1', 'MyApp', '[]', '0', '2019-08-29 11:39:05', '2019-08-29 11:39:05', '2020-08-29 11:39:05');
INSERT INTO `oauth_access_tokens` VALUES ('ca3806438fdf06c7eda8f82337f81c4a48112fd89f6a16f801734214e602c8fe1f2c70923c0fbe89', '12', '1', 'MyApp', '[]', '0', '2019-06-27 14:48:00', '2019-06-27 14:48:00', '2020-06-27 14:48:00');
INSERT INTO `oauth_access_tokens` VALUES ('ca3f53dc23618797932ebc721277c29191269c6ddf6b21685e8ea82e4e73a9e73753b748f978920f', null, '1', 'MyApp', '[]', '0', '2019-07-14 13:24:54', '2019-07-14 13:24:54', '2020-07-14 13:24:54');
INSERT INTO `oauth_access_tokens` VALUES ('ca66d5d0406725ece6839eab77c99f3758ed650e6dfbedeaa0d1d597ca451c3dcb2abd33034a509e', '109', '1', 'MyApp', '[]', '0', '2019-10-23 11:55:47', '2019-10-23 11:55:47', '2020-10-23 11:55:47');
INSERT INTO `oauth_access_tokens` VALUES ('caedb9a4d6de8af28a9ca63411adcba3e9176412abe8bc992c3bbfbb26d925f2f82aa4e330edc138', '19', '1', 'MyApp', '[]', '0', '2019-09-30 13:03:06', '2019-09-30 13:03:06', '2020-09-30 13:03:06');
INSERT INTO `oauth_access_tokens` VALUES ('cb716422e5483e12ccbdaed664911699e97d065ae02b6ba1d89502c39544e91537bb82dc123b5077', '15', '1', 'MyApp', '[]', '0', '2019-09-04 11:28:08', '2019-09-04 11:28:08', '2020-09-04 11:28:08');
INSERT INTO `oauth_access_tokens` VALUES ('cb84b0d7c36bb3f52ba9941a615c2159b8e64c44c8dc223958fd515c492b49ddd1039b42243704c4', '15', '1', 'MyApp', '[]', '0', '2019-08-26 11:36:53', '2019-08-26 11:36:53', '2020-08-26 11:36:53');
INSERT INTO `oauth_access_tokens` VALUES ('cc06c5194a41efe05e9a1f4c49b0ccb2ef9fe60b4e2e1efff567ecbaf3a898fca36c3deeffe8a4ff', '109', '1', 'MyApp', '[]', '0', '2019-10-29 13:19:59', '2019-10-29 13:19:59', '2020-10-29 13:19:59');
INSERT INTO `oauth_access_tokens` VALUES ('cc37469b8269ab445b0c33b73ad62207713225ff8dee68099d8db1fe3b12fca7b0cb9dbc64cb9ab6', '128', '1', 'MyApp', '[]', '0', '2019-11-12 12:49:22', '2019-11-12 12:49:22', '2020-11-12 12:49:22');
INSERT INTO `oauth_access_tokens` VALUES ('cc3f72a433c9066624219a524c9f2c862d2c72d0c95fc6ee57f7c57593c5654fee31528dfb2d78fe', '68', '1', 'MyApp', '[]', '0', '2019-09-24 15:19:14', '2019-09-24 15:19:14', '2020-09-24 15:19:14');
INSERT INTO `oauth_access_tokens` VALUES ('cc403cc1d0fdda78dd80adfd4c3832040dcc1583e213c058536a20a473f80de6b63a6ee95181f08b', '15', '1', 'MyApp', '[]', '0', '2019-08-28 10:15:20', '2019-08-28 10:15:20', '2020-08-28 10:15:20');
INSERT INTO `oauth_access_tokens` VALUES ('cc4bc5d9ae77482eca35660f9116e1d4940232d86ed1662c640195b3f3ea88c89939d1ded46a6010', '15', '1', 'MyApp', '[]', '0', '2019-06-25 11:22:29', '2019-06-25 11:22:29', '2020-06-25 11:22:29');
INSERT INTO `oauth_access_tokens` VALUES ('cc6d7b914fbb30c1da719c0dc1d5d88e0e4a86a088e2d9ea2e1b384e0e85b7391933c73f14f6e087', '19', '1', 'MyApp', '[]', '0', '2019-08-26 08:32:58', '2019-08-26 08:32:58', '2020-08-26 08:32:58');
INSERT INTO `oauth_access_tokens` VALUES ('cc7c39aaab6462a90581e6c05bb44cb28845dcae95649b12d331cd868084b1dccae664cf2ba30803', '15', '1', 'MyApp', '[]', '0', '2019-08-25 14:19:01', '2019-08-25 14:19:01', '2020-08-25 14:19:01');
INSERT INTO `oauth_access_tokens` VALUES ('cce193b064ad7d044bdfa69edf735f74a8c6893c58ddc5fb09d1202522b3b325cd95bc4d244594ce', '10', '1', 'MyApp', '[]', '0', '2019-05-30 10:47:07', '2019-05-30 10:47:07', '2020-05-30 10:47:07');
INSERT INTO `oauth_access_tokens` VALUES ('cd0f92073ded33f84e6648eee77dbe4c2ba741794ff1844e87f8c5a67a66c6cfe2e02f59c1b3beca', '19', '1', 'MyApp', '[]', '0', '2019-10-08 10:42:18', '2019-10-08 10:42:18', '2020-10-08 10:42:18');
INSERT INTO `oauth_access_tokens` VALUES ('cd31fa20b5b9f34465e28ca6f02031912a64625007456718252323cfbb1789ad728a9af7c0175385', '50', '1', 'MyApp', '[]', '0', '2019-08-20 14:21:31', '2019-08-20 14:21:31', '2020-08-20 14:21:31');
INSERT INTO `oauth_access_tokens` VALUES ('cd433c7a89dfaa8d2148a936820acd12fc3c1d525709bd17b09c97c6e9f1261b8b8b8e3fa4ac0725', '29', '1', 'MyApp', '[]', '0', '2019-09-25 11:32:55', '2019-09-25 11:32:55', '2020-09-25 11:32:55');
INSERT INTO `oauth_access_tokens` VALUES ('cd7cb9b2bacba86a6fa8b6b53ce0dc3e0ec5bc21e0ff2528ad7ac6a5917346538c1d08f71a8484f4', '29', '1', 'MyApp', '[]', '0', '2019-09-12 14:30:18', '2019-09-12 14:30:18', '2020-09-12 14:30:18');
INSERT INTO `oauth_access_tokens` VALUES ('cd94de64f30235772059a795c67f5b0397e9cdb0e49c60087dc2ea5b98d7cd8bfc78d2121b6f963a', '19', '1', 'MyApp', '[]', '0', '2019-09-01 13:24:51', '2019-09-01 13:24:51', '2020-09-01 13:24:51');
INSERT INTO `oauth_access_tokens` VALUES ('cdcaf26aac4e3bc687fdc65373178b708b21564afaf230f786f4b3f1e2628744a9221c50cf5f11b8', '112', '1', 'MyApp', '[]', '0', '2019-10-30 11:24:07', '2019-10-30 11:24:07', '2020-10-30 11:24:07');
INSERT INTO `oauth_access_tokens` VALUES ('cdeb0d0ff2dcdbcaa4f6c4fa150a8c505dc78b740c3921544fb731946c270e7fe7eb02eb8dc310f1', '19', '1', 'MyApp', '[]', '0', '2019-08-20 11:46:13', '2019-08-20 11:46:13', '2020-08-20 11:46:13');
INSERT INTO `oauth_access_tokens` VALUES ('cdf94d76d96506fe233480ae5ccf6030c460c37280019bb43b490a29c48b60bd7d3cf61a295bcb53', '29', '1', 'MyApp', '[]', '0', '2019-09-25 11:15:19', '2019-09-25 11:15:19', '2020-09-25 11:15:19');
INSERT INTO `oauth_access_tokens` VALUES ('ce40176db976f7e1dcea74f8005cfe0615989b8f6b4b530ac6a26e2afa2fede36258d96424f3b781', '68', '1', 'MyApp', '[]', '0', '2019-09-24 15:18:31', '2019-09-24 15:18:31', '2020-09-24 15:18:31');
INSERT INTO `oauth_access_tokens` VALUES ('ce4fd85946540b6bff58f94469fe1432274f42fa3738ef73394723e1571e585db9b1a297563928c8', '19', '1', 'MyApp', '[]', '0', '2019-10-01 12:01:18', '2019-10-01 12:01:18', '2020-10-01 12:01:18');
INSERT INTO `oauth_access_tokens` VALUES ('ce5755db2a7418b04f22f386bfc01fc83e0b0990af155c04ba16b7eb90ceacfd2ac720725f76e336', '107', '1', 'MyApp', '[]', '0', '2019-10-22 16:36:01', '2019-10-22 16:36:01', '2020-10-22 16:36:01');
INSERT INTO `oauth_access_tokens` VALUES ('ce966a64adc991fd7cfbd02e9035d85eb2ccfc306720f0b391d7d3abcd22e00dd5f2f00b6cb77244', '29', '1', 'MyApp', '[]', '0', '2019-08-27 09:07:25', '2019-08-27 09:07:25', '2020-08-27 09:07:25');
INSERT INTO `oauth_access_tokens` VALUES ('cea41ad7178cdd3578ad9508ab35b3dd951133f9695b6f626493dfd417a3c798f1151aacc72094b1', '29', '1', 'MyApp', '[]', '0', '2019-10-21 11:36:11', '2019-10-21 11:36:11', '2020-10-21 11:36:11');
INSERT INTO `oauth_access_tokens` VALUES ('ced292310e527717a43929cad50d9470e46007edf08c48a7472cf2fb38d0a8abb0ade21459ac1411', '19', '1', 'MyApp', '[]', '0', '2019-08-26 13:33:31', '2019-08-26 13:33:31', '2020-08-26 13:33:31');
INSERT INTO `oauth_access_tokens` VALUES ('ced54437e939e4732812ebc0509975e6f8948a2cafbd1a01d25dff1fc7ed68670120e7f2c8880945', '15', '1', 'MyApp', '[]', '0', '2019-08-19 13:29:56', '2019-08-19 13:29:56', '2020-08-19 13:29:56');
INSERT INTO `oauth_access_tokens` VALUES ('cf0d79449ac968e2946fbee379c88b7a2a0d999c2ce07ff2880f498a7819f95feff9098fec729b4f', '15', '1', 'MyApp', '[]', '0', '2019-09-11 14:43:51', '2019-09-11 14:43:51', '2020-09-11 14:43:51');
INSERT INTO `oauth_access_tokens` VALUES ('cf1e64a99508f7abe7a919d5950c9ec3ece4fb161c66d6a496428f811898cd8723c20028c3c89bc7', '19', '1', 'MyApp', '[]', '0', '2019-10-08 10:17:31', '2019-10-08 10:17:31', '2020-10-08 10:17:31');
INSERT INTO `oauth_access_tokens` VALUES ('cf49b2c04e9610ca12947902cfaf8fd3157cacb09b2e4a3a80151eccbc4cc443e46959ef99b2edd8', '15', '1', 'MyApp', '[]', '0', '2019-09-30 16:27:36', '2019-09-30 16:27:36', '2020-09-30 16:27:36');
INSERT INTO `oauth_access_tokens` VALUES ('cf4f8582cc14c57e00bbb398831a5d7c351fd67dba3b83e02035dcffeb144c76e5f74f732721af94', '19', '1', 'MyApp', '[]', '0', '2019-09-18 09:40:14', '2019-09-18 09:40:14', '2020-09-18 09:40:14');
INSERT INTO `oauth_access_tokens` VALUES ('cf8e8b1307c5dc23ec5309f1b02cd59a74b21a00eaa16569bfa37d533681204184d42d34457e911e', '8', '1', 'MyApp', '[]', '0', '2019-05-30 10:10:45', '2019-05-30 10:10:45', '2020-05-30 10:10:45');
INSERT INTO `oauth_access_tokens` VALUES ('cfc464adea198442c507447aaea5f3dc5eb407dae95a11067d67d88226cef6a0bc2141a779980f9d', '12', '1', 'MyApp', '[]', '0', '2019-06-24 18:14:47', '2019-06-24 18:14:47', '2020-06-24 18:14:47');
INSERT INTO `oauth_access_tokens` VALUES ('cfebf17632a17bd62c44a6c1b0cb5ded17ef30e058b5eb629500e2df737d50484a56ecfaa501a3b3', '70', '1', 'MyApp', '[]', '0', '2019-09-25 08:41:22', '2019-09-25 08:41:22', '2020-09-25 08:41:22');
INSERT INTO `oauth_access_tokens` VALUES ('cfed37c50dc9b817399dbff14c039b8fac6566b288500c3d4e88d69e2b938eacd68d92ba6e84b80e', '32', '1', 'MyApp', '[]', '0', '2019-09-12 11:56:44', '2019-09-12 11:56:44', '2020-09-12 11:56:44');
INSERT INTO `oauth_access_tokens` VALUES ('cff1d8bc3dc8bb8283680f0ab02f802cbce3ebf95ea1f8ec2b88d434cf13da6ca4f53d2de90c9f42', '41', '1', 'MyApp', '[]', '0', '2019-08-08 15:12:57', '2019-08-08 15:12:57', '2020-08-08 15:12:57');
INSERT INTO `oauth_access_tokens` VALUES ('d07a03a22a233f344d4b1ba93407e5c35a78b8b55cb3126c60ec04c41536d06d6bb735f710211032', '128', '1', 'MyApp', '[]', '0', '2019-11-05 16:49:27', '2019-11-05 16:49:27', '2020-11-05 16:49:27');
INSERT INTO `oauth_access_tokens` VALUES ('d083f5a3535441b0d00726274ed251cc74254bb61091db9ab4a4bdbb5bca1e26415f629e64f41fd5', '109', '1', 'MyApp', '[]', '0', '2019-11-05 15:08:00', '2019-11-05 15:08:00', '2020-11-05 15:08:00');
INSERT INTO `oauth_access_tokens` VALUES ('d09e732afaf54aec2962120a24e0aac19531072a6068f9d39b2001cc997819d0fb67a61688499a28', '14', '1', 'MyApp', '[]', '0', '2019-05-30 13:12:25', '2019-05-30 13:12:25', '2020-05-30 13:12:25');
INSERT INTO `oauth_access_tokens` VALUES ('d14dca4d71ea040f7f2442a9d57ce0a110c5b038d33a81c7ef08e028635b97aa3ded72c485f2b69b', '15', '1', 'MyApp', '[]', '0', '2019-09-04 12:46:00', '2019-09-04 12:46:00', '2020-09-04 12:46:00');
INSERT INTO `oauth_access_tokens` VALUES ('d15a2f5163aff37e3d00d97e92ca587004a3973444b31504b409fb85dda60b61f535973074c652c4', '15', '1', 'MyApp', '[]', '0', '2019-08-19 13:30:51', '2019-08-19 13:30:51', '2020-08-19 13:30:51');
INSERT INTO `oauth_access_tokens` VALUES ('d1709efaadbd56985ad741cd24b89b664bae7e1bf527232396afd99cc6370e7301cf8d18d3a95e40', '15', '1', 'MyApp', '[]', '0', '2019-09-04 13:09:00', '2019-09-04 13:09:00', '2020-09-04 13:09:00');
INSERT INTO `oauth_access_tokens` VALUES ('d18cbd942b99658bbda275e429058a07e196dc5b97790a9fb443c9fefa07d93f15858ffb31ac3670', '128', '1', 'MyApp', '[]', '0', '2019-11-13 12:04:27', '2019-11-13 12:04:27', '2020-11-13 12:04:27');
INSERT INTO `oauth_access_tokens` VALUES ('d1a9df2f936a8376eaa022d686ef9087fa19462d6132e333d2afa1d7be1343ce5903fb4e3330dede', '29', '1', 'MyApp', '[]', '0', '2019-08-22 08:35:08', '2019-08-22 08:35:08', '2020-08-22 08:35:08');
INSERT INTO `oauth_access_tokens` VALUES ('d1ae03ce68d79c7f9a32c7e83703eda263062d44ba995959045ba7d59d91094617b925ecdac73474', '19', '1', 'MyApp', '[]', '0', '2019-08-19 13:28:35', '2019-08-19 13:28:35', '2020-08-19 13:28:35');
INSERT INTO `oauth_access_tokens` VALUES ('d1db7bfda7c79cd98c738d16b777a507a6bf751bd5b81948b5d7cfe7b0f97cf024130ce5e50608f0', '19', '1', 'MyApp', '[]', '0', '2019-10-02 09:09:06', '2019-10-02 09:09:06', '2020-10-02 09:09:06');
INSERT INTO `oauth_access_tokens` VALUES ('d1db9a909691ad9a08f926e06a48b3de72224a8fe9f9a822db3500e29c87f525ce3380868471164d', '128', '1', 'MyApp', '[]', '0', '2019-11-24 16:57:07', '2019-11-24 16:57:07', '2020-11-24 16:57:07');
INSERT INTO `oauth_access_tokens` VALUES ('d1efa7866a639931d99127d6dcf94035439860e6668627601766a0e3452b88e4e8da72fe959f5c09', '19', '1', 'MyApp', '[]', '0', '2019-08-19 13:26:46', '2019-08-19 13:26:46', '2020-08-19 13:26:46');
INSERT INTO `oauth_access_tokens` VALUES ('d1f021ad9d5558edd38ef3f15e9756331ac67ecb9c4b55c5d2c2e1e640bb46b573584a41c289e148', '128', '1', 'MyApp', '[]', '0', '2019-11-24 16:55:55', '2019-11-24 16:55:55', '2020-11-24 16:55:55');
INSERT INTO `oauth_access_tokens` VALUES ('d1fa45d4703fbfdf4dc708b0f424d8ba7170a413af63c3bfdf32924cc4baa5821e335988c1b352d6', '100', '1', 'MyApp', '[]', '0', '2019-09-25 12:24:39', '2019-09-25 12:24:39', '2020-09-25 12:24:39');
INSERT INTO `oauth_access_tokens` VALUES ('d1fa7bff9aed5f34d18d2b2541c68118ff5db865ffb22ec2a323db682c7e5b0d95318d624536df57', '111', '1', 'MyApp', '[]', '0', '2019-10-31 11:15:02', '2019-10-31 11:15:02', '2020-10-31 11:15:02');
INSERT INTO `oauth_access_tokens` VALUES ('d21da5ff275fc3b3cfa74c1c89a3b2cd4312a66b77d744e91343dc8e91fc983a6e2635abfd79058b', '112', '1', 'MyApp', '[]', '0', '2019-10-29 14:35:43', '2019-10-29 14:35:43', '2020-10-29 14:35:43');
INSERT INTO `oauth_access_tokens` VALUES ('d24822192e092c409ac43d60165ac9d1ed65badb5aa9ed14729d48021700f0c3360130b5329b2989', null, '1', 'MyApp', '[]', '0', '2019-07-14 13:16:39', '2019-07-14 13:16:39', '2020-07-14 13:16:39');
INSERT INTO `oauth_access_tokens` VALUES ('d2e86e671ee830c318e9941f6e7137646dcf63f1692f55efec33f37783a99765a481e4c151a2c0c2', null, '1', 'MyApp', '[]', '0', '2019-06-24 12:17:57', '2019-06-24 12:17:57', '2020-06-24 12:17:57');
INSERT INTO `oauth_access_tokens` VALUES ('d32dc54a6431cfa179fdfb701455eeb6bfaa5f7b5405682f769b9302f224042a76307949093463a0', '128', '1', 'MyApp', '[]', '0', '2019-11-18 11:00:09', '2019-11-18 11:00:09', '2020-11-18 11:00:09');
INSERT INTO `oauth_access_tokens` VALUES ('d33222cb2b4e5da6602457d4e7316fe583aaa5d71f629af6547d2a8cabcee71c089a5ee3e0a7602c', '29', '1', 'MyApp', '[]', '0', '2019-08-27 09:59:06', '2019-08-27 09:59:06', '2020-08-27 09:59:06');
INSERT INTO `oauth_access_tokens` VALUES ('d37267c6bac5ea62c31bce2c8434f07a41a0dada263f97ca9f23e858bb0e106974542e6e3a586372', '19', '1', 'MyApp', '[]', '0', '2019-09-11 15:37:21', '2019-09-11 15:37:21', '2020-09-11 15:37:21');
INSERT INTO `oauth_access_tokens` VALUES ('d38cadd96572e1af232ddeeb7eca7add8539f8652622db45e7257df2115f019d8367ba91ecd51185', '111', '1', 'MyApp', '[]', '0', '2019-10-24 13:14:39', '2019-10-24 13:14:39', '2020-10-24 13:14:39');
INSERT INTO `oauth_access_tokens` VALUES ('d3e2c20a2beefecacbf4dec4be43e68a3ef891829020b2f562de263a72f80a7f82866b5792cf4a22', '99', '1', 'MyApp', '[]', '0', '2019-09-25 10:48:40', '2019-09-25 10:48:40', '2020-09-25 10:48:40');
INSERT INTO `oauth_access_tokens` VALUES ('d41b7369b713070af048575f5832d41b5a296e2088f10f3d6c0437ffbefea803c4b847a769e67aed', '128', '1', 'MyApp', '[]', '0', '2019-11-18 16:58:51', '2019-11-18 16:58:51', '2020-11-18 16:58:51');
INSERT INTO `oauth_access_tokens` VALUES ('d42fe2a1cc38eaf8e953cb9f9d5430294b69810dcbc095be5c93a9bb177b4cde444091fa5d9bf9bf', '29', '1', 'MyApp', '[]', '0', '2019-10-23 10:44:16', '2019-10-23 10:44:16', '2020-10-23 10:44:16');
INSERT INTO `oauth_access_tokens` VALUES ('d4416042f0bd5a5f1ab912221ff8c1b645ba28af3116a3cdaee67d29b8755385f89e1a1a61138c76', '29', '1', 'MyApp', '[]', '0', '2019-10-07 10:02:34', '2019-10-07 10:02:34', '2020-10-07 10:02:34');
INSERT INTO `oauth_access_tokens` VALUES ('d458f5af8a0df2a6e9431b30065af4a51c1036f5ddced1b2e910484ff146a3fb0cf9b7a796956ae2', '19', '1', 'MyApp', '[]', '0', '2019-08-19 13:24:11', '2019-08-19 13:24:11', '2020-08-19 13:24:11');
INSERT INTO `oauth_access_tokens` VALUES ('d46971b886cf833f7f477c63adaa2d1140ca013f79ee102335f0d3e2e073de97b56acbfcc073accd', null, '1', 'MyApp', '[]', '0', '2019-06-24 12:18:53', '2019-06-24 12:18:53', '2020-06-24 12:18:53');
INSERT INTO `oauth_access_tokens` VALUES ('d4b4624dfc271ae1dccc3f9bef1ca04f9293f3188901036f2c86af1e14043a0f215fdd46eef65dc5', null, '1', 'MyApp', '[]', '0', '2019-06-24 11:59:49', '2019-06-24 11:59:49', '2020-06-24 11:59:49');
INSERT INTO `oauth_access_tokens` VALUES ('d4b9f41315120f7f847d0f5e56bedbbd354d0335abcab0a33027c112e104eda980104b3f96922cdb', '19', '1', 'MyApp', '[]', '0', '2019-09-01 18:54:08', '2019-09-01 18:54:08', '2020-09-01 18:54:08');
INSERT INTO `oauth_access_tokens` VALUES ('d4bb39358949cb5a70fdbc9d40949fba0f5552edbe15f4e7e6370ea5f339d8962f127f1e54b5d1ca', '123', '1', 'MyApp', '[]', '0', '2019-10-30 15:43:13', '2019-10-30 15:43:13', '2020-10-30 15:43:13');
INSERT INTO `oauth_access_tokens` VALUES ('d4d75b521faf5511e0b815098895f9619ed88c4e2e1d9d0b4291818b485ef0b2020ca96156f2a045', '98', '1', 'MyApp', '[]', '0', '2019-09-25 10:29:18', '2019-09-25 10:29:18', '2020-09-25 10:29:18');
INSERT INTO `oauth_access_tokens` VALUES ('d4d8a1171208c147906f185f6981c2ffd9df5e972d4d7f7c374f2e5d9fc45689327c528b3da00f3e', '102', '1', 'MyApp', '[]', '0', '2019-10-15 00:06:44', '2019-10-15 00:06:44', '2020-10-15 00:06:44');
INSERT INTO `oauth_access_tokens` VALUES ('d4d96dcbe5e270ee7468988fe0d454eff84eefd3054fe723b6f410ebcaafd22ea12a055bb4cac9f9', '15', '1', 'MyApp', '[]', '0', '2019-09-25 13:25:45', '2019-09-25 13:25:45', '2020-09-25 13:25:45');
INSERT INTO `oauth_access_tokens` VALUES ('d548d62584471aa650f36624c42e289bf9dedb783c38976e632540bf1304c4cee70b53bf88f59d1a', '109', '1', 'MyApp', '[]', '0', '2019-10-24 13:19:55', '2019-10-24 13:19:55', '2020-10-24 13:19:55');
INSERT INTO `oauth_access_tokens` VALUES ('d59e391c2a8d52c6fcbda0764599d6d28768f9965d5b0eababee8ad328c5bbd2a0bed79ef13ade30', '15', '1', 'MyApp', '[]', '0', '2019-08-19 13:32:11', '2019-08-19 13:32:11', '2020-08-19 13:32:11');
INSERT INTO `oauth_access_tokens` VALUES ('d64be0c01b6344ca07e479f4a7d4d93e7da7e5351fed640456d7db63e2a503e108b49d3ef3547e3e', '109', '1', 'MyApp', '[]', '0', '2019-11-20 17:14:55', '2019-11-20 17:14:55', '2020-11-20 17:14:55');
INSERT INTO `oauth_access_tokens` VALUES ('d654def52d6a13fadc4fd58dbf498a34949bd0148403e4d0c72c4953fe59b0fd913a32a7489f3d6e', '12', '1', 'MyApp', '[]', '0', '2019-06-30 11:05:14', '2019-06-30 11:05:14', '2020-06-30 11:05:14');
INSERT INTO `oauth_access_tokens` VALUES ('d68089a507a56686030d95860d06a859f39130340dbfce00936bf193aa51d46cb070ea1739ee6dab', '19', '1', 'MyApp', '[]', '0', '2019-08-26 08:42:55', '2019-08-26 08:42:55', '2020-08-26 08:42:55');
INSERT INTO `oauth_access_tokens` VALUES ('d683810f22e2f57bb226629b42b653e042d47305071473b26775da01e2eff610897d3c8122c56016', '98', '1', 'MyApp', '[]', '0', '2019-09-25 10:04:50', '2019-09-25 10:04:50', '2020-09-25 10:04:50');
INSERT INTO `oauth_access_tokens` VALUES ('d69abbf957cbc2aa1fba5e4d03e1232a82bee5eb432812907440327d66e623ce44a0d8e2c6ee1c33', '66', '1', 'MyApp', '[]', '0', '2019-09-24 10:23:23', '2019-09-24 10:23:23', '2020-09-24 10:23:23');
INSERT INTO `oauth_access_tokens` VALUES ('d69ef6aa33968d567771fff0b5c3645111f2aad86b40a91680466295c5cd71111c65e32ba2e3e3b6', '19', '1', 'MyApp', '[]', '0', '2019-08-19 13:26:34', '2019-08-19 13:26:34', '2020-08-19 13:26:34');
INSERT INTO `oauth_access_tokens` VALUES ('d6b09ff15c48c78e081bd67a32e197e10bb87ac88495ee031fb3b01020d65f255edb161bbbfd791b', '112', '1', 'MyApp', '[]', '0', '2019-11-05 14:56:48', '2019-11-05 14:56:48', '2020-11-05 14:56:48');
INSERT INTO `oauth_access_tokens` VALUES ('d6b14aeb4fb92a81420b8cee154628fe6e252b235c95e222fc8f6041924ed3011d5b85ee7fed8c11', '15', '1', 'MyApp', '[]', '0', '2019-08-21 13:25:38', '2019-08-21 13:25:38', '2020-08-21 13:25:38');
INSERT INTO `oauth_access_tokens` VALUES ('d72822c433937c36db0a6caffb526c1c2542b1f0fa8d7fad37347b15bc4a670ae5a865b61360e0f2', '15', '1', 'MyApp', '[]', '0', '2019-09-05 12:38:34', '2019-09-05 12:38:34', '2020-09-05 12:38:34');
INSERT INTO `oauth_access_tokens` VALUES ('d7475f24d9022b34d6cea2fc81f82dbe57d544c6922195c4769eec8ea777569146f19a33d672463c', '5', '1', 'MyApp', '[]', '0', '2019-05-09 09:32:09', '2019-05-09 09:32:09', '2020-05-09 09:32:09');
INSERT INTO `oauth_access_tokens` VALUES ('d751433b56135700d0761f73958a1464aaef63aa7ac8fabc3f1a5485180449d38785a71f4ff28916', '109', '1', 'MyApp', '[]', '0', '2019-11-04 17:40:34', '2019-11-04 17:40:34', '2020-11-04 17:40:34');
INSERT INTO `oauth_access_tokens` VALUES ('d764ef209c80b29a68b0a05096e2f885e9fb40778e92c23ca0e1ef0e1798e0d06a840fa3c55be431', '15', '1', 'MyApp', '[]', '0', '2019-08-19 13:32:11', '2019-08-19 13:32:11', '2020-08-19 13:32:11');
INSERT INTO `oauth_access_tokens` VALUES ('d79879d88591411f704dea82242acfdcb78781d1c77db667033d877d7abbd880334ac4400e70c13a', '15', '1', 'MyApp', '[]', '0', '2019-08-19 14:07:58', '2019-08-19 14:07:58', '2020-08-19 14:07:58');
INSERT INTO `oauth_access_tokens` VALUES ('d79bdc908b56110d0cd9510f6228735fb22fc91fe9ec3a47d43c1db75710f896c78dc1aa9c0864f9', '19', '1', 'MyApp', '[]', '0', '2019-08-19 13:27:47', '2019-08-19 13:27:47', '2020-08-19 13:27:47');
INSERT INTO `oauth_access_tokens` VALUES ('d87a6bdce1221240810f2ddbc96bac4593c1fa0132de10b97ad7b0eb94aec22a2bf776c4dd8bd3e2', '30', '1', 'MyApp', '[]', '0', '2019-10-14 12:32:15', '2019-10-14 12:32:15', '2020-10-14 12:32:15');
INSERT INTO `oauth_access_tokens` VALUES ('d87e2a57abd636b036604d2edf7af52a5bc89062d41d8ca0b2132e945e832b34004e46de140cc50f', '15', '1', 'MyApp', '[]', '0', '2019-09-04 12:47:08', '2019-09-04 12:47:08', '2020-09-04 12:47:08');
INSERT INTO `oauth_access_tokens` VALUES ('d87f6745537cd582f8399117e861f8db57292029bb34e25c4736f824507c8310497344f9181e648d', '109', '1', 'MyApp', '[]', '0', '2019-11-12 10:42:44', '2019-11-12 10:42:44', '2020-11-12 10:42:44');
INSERT INTO `oauth_access_tokens` VALUES ('d88f095f7d606e59da366ce05daf7fd29f0d4868a77c149f973da1fad997341ac01e689f2eceb836', '129', '1', 'MyApp', '[]', '0', '2019-11-18 14:39:26', '2019-11-18 14:39:26', '2020-11-18 14:39:26');
INSERT INTO `oauth_access_tokens` VALUES ('d9270244713d23065cc8a299a1ff9839ff15e6456eb9cdca432e2e39fbd965390647ccb45c13b5e8', '5', '1', 'MyApp', '[]', '0', '2019-10-08 09:22:46', '2019-10-08 09:22:46', '2020-10-08 09:22:46');
INSERT INTO `oauth_access_tokens` VALUES ('d94ec6140befb7ff96f0ac0822292163a141ad77cea019bfde13c8d4293829e30540fe8abecb43b6', '112', '1', 'MyApp', '[]', '0', '2019-10-27 12:39:48', '2019-10-27 12:39:48', '2020-10-27 12:39:48');
INSERT INTO `oauth_access_tokens` VALUES ('d97e78841f4462fa7ef69249ff5b43f6a99cbd9140a5ca004471574eea9773d74459abf5cdae6c46', '102', '1', 'MyApp', '[]', '0', '2019-10-22 08:22:33', '2019-10-22 08:22:33', '2020-10-22 08:22:33');
INSERT INTO `oauth_access_tokens` VALUES ('d9ab4ad02def375dd8c1e1c9925892fd62ac565960eace5de74c5ee8f423fd3ef650c597ac638718', '109', '1', 'MyApp', '[]', '0', '2019-10-24 13:04:02', '2019-10-24 13:04:02', '2020-10-24 13:04:02');
INSERT INTO `oauth_access_tokens` VALUES ('d9eb651df38a747ce9b33765036048a2db757e9ea576512c0b2d06cce2de0c9505236568b9faec17', '19', '1', 'MyApp', '[]', '0', '2019-10-09 09:27:21', '2019-10-09 09:27:21', '2020-10-09 09:27:21');
INSERT INTO `oauth_access_tokens` VALUES ('da10524e232e0a9203e90f6fa205e87dcc368fc05eebc3266310e26db27a950e6cc56e5d3142e4a3', '15', '1', 'MyApp', '[]', '0', '2019-08-19 11:16:04', '2019-08-19 11:16:04', '2020-08-19 11:16:04');
INSERT INTO `oauth_access_tokens` VALUES ('da2ff00272d5edc7bef448c146b227c09bfe6254a49d76a67ec2cf5d1d76c3375d8d5a703a398e81', '15', '1', 'MyApp', '[]', '0', '2019-10-20 09:20:31', '2019-10-20 09:20:31', '2020-10-20 09:20:31');
INSERT INTO `oauth_access_tokens` VALUES ('dab347b9daec8cca947c83fccd818845fc0993f2ad7607c41f9613d80ca3cd83f0dbe8579ac318dc', '15', '1', 'MyApp', '[]', '0', '2019-08-19 13:32:17', '2019-08-19 13:32:17', '2020-08-19 13:32:17');
INSERT INTO `oauth_access_tokens` VALUES ('db78cfee48aa55ab1346bbd9c549181d9cedd21cd48120f711865d2b63aba6cecd35a462db402a9e', '19', '1', 'MyApp', '[]', '0', '2019-10-08 10:33:35', '2019-10-08 10:33:35', '2020-10-08 10:33:35');
INSERT INTO `oauth_access_tokens` VALUES ('db90e70787c96f73ae786a31293379160bcdd3100f096007acf7103812d8dabfc03871b3a1eaca03', '98', '1', 'MyApp', '[]', '0', '2019-09-25 10:30:02', '2019-09-25 10:30:02', '2020-09-25 10:30:02');
INSERT INTO `oauth_access_tokens` VALUES ('dbc4e0b07d68def0988d66203ec74282c3cda609843780b9519d40fcffc7c5c601180e75e8da1cb4', '52', '1', 'MyApp', '[]', '0', '2019-08-25 13:01:51', '2019-08-25 13:01:51', '2020-08-25 13:01:51');
INSERT INTO `oauth_access_tokens` VALUES ('dc0a3608521afa9e71bbf30a36cbffd91518c26e6ff167ba163ad96ca70c1fee44e3035f39f355f1', '12', '1', 'MyApp', '[]', '0', '2019-10-02 19:23:04', '2019-10-02 19:23:04', '2020-10-02 19:23:04');
INSERT INTO `oauth_access_tokens` VALUES ('dc2c8193939759143cdfceb3efcf8f1a7727bcc3de2aeeafb47930b9b2f48c1e0f762f70572ce580', '64', '1', 'MyApp', '[]', '0', '2019-09-24 10:09:48', '2019-09-24 10:09:48', '2020-09-24 10:09:48');
INSERT INTO `oauth_access_tokens` VALUES ('dcb8d44f843611d21b212b11e1d5107e681d8a901310845943b71c35ddf62358f408d05efd91638d', '30', '1', 'MyApp', '[]', '0', '2019-10-16 11:32:30', '2019-10-16 11:32:30', '2020-10-16 11:32:30');
INSERT INTO `oauth_access_tokens` VALUES ('dccd6cdfc63cf2812eb8960f38d74d410b234a9836ff7e7e638b4cc89a7757aa2b813dd867424a8f', '29', '1', 'MyApp', '[]', '0', '2019-10-21 15:25:22', '2019-10-21 15:25:22', '2020-10-21 15:25:22');
INSERT INTO `oauth_access_tokens` VALUES ('dcd33e4f433ae04de395ca76818f1f2af011d2f1e17f37c59e3ea3567cd06828455b99cbbff154d9', '19', '1', 'MyApp', '[]', '0', '2019-09-25 13:24:19', '2019-09-25 13:24:19', '2020-09-25 13:24:19');
INSERT INTO `oauth_access_tokens` VALUES ('dcd67fb561438c0514fa251f4b7dbfdd5b6603085b40da6f3d729ae9da0fa2b44a7aee61ce390a7a', '124', '1', 'MyApp', '[]', '0', '2019-10-31 12:20:27', '2019-10-31 12:20:27', '2020-10-31 12:20:27');
INSERT INTO `oauth_access_tokens` VALUES ('dd0135488234f8e808c0b0be25dc9861211c6e72dfb98aa3b842a230837c66cb1f1491353956a66d', '19', '1', 'MyApp', '[]', '0', '2019-08-26 13:32:55', '2019-08-26 13:32:55', '2020-08-26 13:32:55');
INSERT INTO `oauth_access_tokens` VALUES ('dd5a15286f4587e5781be7c9c4f8f420d0d886739c579f9983caa26987288c1dc77291e4f7bb43a3', '15', '1', 'MyApp', '[]', '0', '2019-08-19 13:59:09', '2019-08-19 13:59:09', '2020-08-19 13:59:09');
INSERT INTO `oauth_access_tokens` VALUES ('dd8675684299cff55e4b45dacb1d6448e3fd2cc6e5753e9d5b548a09e353d981f55674801446eec4', '103', '1', 'MyApp', '[]', '0', '2019-10-01 15:14:03', '2019-10-01 15:14:03', '2020-10-01 15:14:03');
INSERT INTO `oauth_access_tokens` VALUES ('dda65b85799bb56b16f7845d735c7b0b9469921ef882d9dc80b9592169ef2f467f23be50881a97f2', null, '1', 'MyApp', '[]', '0', '2019-06-25 13:32:12', '2019-06-25 13:32:12', '2020-06-25 13:32:12');
INSERT INTO `oauth_access_tokens` VALUES ('ddb47585a6bac9a2723c395ce66b486964afeb99b486bb674023e258b37ff24ca99325f2b0f493d6', '5', '1', 'MyApp', '[]', '0', '2019-08-28 09:28:44', '2019-08-28 09:28:44', '2020-08-28 09:28:44');
INSERT INTO `oauth_access_tokens` VALUES ('ddd84b197038a1258db4113a905245e6343552c287899232b14ad0c85cbdce7cb151e5ca4859cc15', '19', '1', 'MyApp', '[]', '0', '2019-09-04 14:58:34', '2019-09-04 14:58:34', '2020-09-04 14:58:34');
INSERT INTO `oauth_access_tokens` VALUES ('ddeb4e9ee11dfafefecc7beb2c9bf9e7b63cfbab77d46298a09c4db0358d022e8c059c5e09ff1cff', '66', '1', 'MyApp', '[]', '0', '2019-09-24 10:21:56', '2019-09-24 10:21:56', '2020-09-24 10:21:56');
INSERT INTO `oauth_access_tokens` VALUES ('de14d6b4c0f031bf25c28928972eb943c00f2910cc46bb227456ef06fde468b9ddda75e17efbb3b3', '15', '1', 'MyApp', '[]', '0', '2019-09-04 10:39:09', '2019-09-04 10:39:09', '2020-09-04 10:39:09');
INSERT INTO `oauth_access_tokens` VALUES ('dea479c2ba615bc8bf7fee03f8edeb84c7a1e6dea3745bd737ef4b2fa3405011f748c8333ce26f95', '15', '1', 'MyApp', '[]', '0', '2019-09-03 11:38:34', '2019-09-03 11:38:34', '2020-09-03 11:38:34');
INSERT INTO `oauth_access_tokens` VALUES ('deb16d6eaa8fda388dc503d1a2cae3203a9efe7421a3fd256edc26151c3aba9b554823583284799f', '15', '1', 'MyApp', '[]', '0', '2019-09-04 12:30:32', '2019-09-04 12:30:32', '2020-09-04 12:30:32');
INSERT INTO `oauth_access_tokens` VALUES ('df08a38c9a9f83c42d2684a958b3575aedc13d127c141269550d44aced65bdea6b63962674428df3', null, '1', 'MyApp', '[]', '0', '2019-06-24 10:04:59', '2019-06-24 10:04:59', '2020-06-24 10:04:59');
INSERT INTO `oauth_access_tokens` VALUES ('df34124df17872fd88079d859c5f063ed70f25b0f6ef45446f539ab5459a5682786a800588081248', '108', '1', 'MyApp', '[]', '0', '2019-10-23 14:40:18', '2019-10-23 14:40:18', '2020-10-23 14:40:18');
INSERT INTO `oauth_access_tokens` VALUES ('df72af19c8a3b8f160e966b6747727f1ed8adb21a4d411c4868a23204ab1dad02cc401506e638679', '19', '1', 'MyApp', '[]', '0', '2019-10-07 08:16:43', '2019-10-07 08:16:43', '2020-10-07 08:16:43');
INSERT INTO `oauth_access_tokens` VALUES ('dfa80c4c031b037480cdae7c91c4ebe6846c5c1a54d60744597ced4413d3d512197a164a58031642', '53', '1', 'MyApp', '[]', '0', '2019-10-02 10:19:06', '2019-10-02 10:19:06', '2020-10-02 10:19:06');
INSERT INTO `oauth_access_tokens` VALUES ('dfb406cbbc989a29b9bb703457050e405044f5a0b3582d1a04b7df0bd80a7eb832e3b94cd0710c32', '109', '1', 'MyApp', '[]', '0', '2019-10-24 12:47:35', '2019-10-24 12:47:35', '2020-10-24 12:47:35');
INSERT INTO `oauth_access_tokens` VALUES ('e01592fe7f3581c98dc3e4ab97e0a8a4d24be781564a756c5bc18e7bb2e71a32d029a56b0ddb18e9', '102', '1', 'MyApp', '[]', '0', '2019-10-17 16:13:02', '2019-10-17 16:13:02', '2020-10-17 16:13:02');
INSERT INTO `oauth_access_tokens` VALUES ('e01b395b1bfc4cf5d8c43b5c37d0464934249ff5d8ae6b12686e8c1fdf9db8119c93b8798bab1bff', '129', '1', 'MyApp', '[]', '0', '2019-11-18 14:39:38', '2019-11-18 14:39:38', '2020-11-18 14:39:38');
INSERT INTO `oauth_access_tokens` VALUES ('e0926ba5a0dedf70ea2e8632b0133a5c28c1b50ffa9f9d62c802eede4b59e5a4fa12ef0c8c2b5846', '112', '1', 'MyApp', '[]', '0', '2019-10-30 15:45:54', '2019-10-30 15:45:54', '2020-10-30 15:45:54');
INSERT INTO `oauth_access_tokens` VALUES ('e11fe51e3b811f416d24abadf0eacddbf3193210325c9835ea9143e15be1232c641257fad7fce338', '32', '1', 'MyApp', '[]', '0', '2019-09-12 14:03:30', '2019-09-12 14:03:30', '2020-09-12 14:03:30');
INSERT INTO `oauth_access_tokens` VALUES ('e18a68d4a8b422d79259888eded87842a854c0805ae14d4d2523d4606ee8bcb8032f33be036a3462', '19', '1', 'MyApp', '[]', '0', '2019-09-25 13:25:20', '2019-09-25 13:25:20', '2020-09-25 13:25:20');
INSERT INTO `oauth_access_tokens` VALUES ('e18da22d10031bc0357aec0c17e18fb4b8595a3dcc029d4a7a537d01b506e02d3eee5d2d7cdd2b69', '19', '1', 'MyApp', '[]', '0', '2019-08-19 13:25:52', '2019-08-19 13:25:52', '2020-08-19 13:25:52');
INSERT INTO `oauth_access_tokens` VALUES ('e19452ab99a381085b4abf463cfaccf016556ff8f0f715731f8940a8910a7ae3389125bfeca53c72', '109', '1', 'MyApp', '[]', '0', '2019-10-31 11:58:30', '2019-10-31 11:58:30', '2020-10-31 11:58:30');
INSERT INTO `oauth_access_tokens` VALUES ('e1db5de102b97cc2b87320e5a5b46d7b0e9726e9fe1a9297e1752e9305d2b20a8cd5f2a09e576917', '19', '1', 'MyApp', '[]', '0', '2019-08-31 14:50:17', '2019-08-31 14:50:17', '2020-08-31 14:50:17');
INSERT INTO `oauth_access_tokens` VALUES ('e1eb490c13a8458e32c18fb54f36aa3b6e457a77b009ea003af0ede88a5fbdf0a4bdae743af61e83', '100', '1', 'MyApp', '[]', '0', '2019-09-25 12:24:38', '2019-09-25 12:24:38', '2020-09-25 12:24:38');
INSERT INTO `oauth_access_tokens` VALUES ('e2560ef683a8c486d2c5c2d3da849bc5dbc5fd7e7f014bc64ecfdcc9e5b9f16960366294bbf7f38d', '15', '1', 'MyApp', '[]', '0', '2019-09-05 12:41:52', '2019-09-05 12:41:52', '2020-09-05 12:41:52');
INSERT INTO `oauth_access_tokens` VALUES ('e28f20e17d06646829b8920af6770cf79d6fc9c1239a0b1106413f3087b15e36563bf2526ecc66b8', '12', '1', 'MyApp', '[]', '0', '2019-06-12 07:41:55', '2019-06-12 07:41:55', '2020-06-12 07:41:55');
INSERT INTO `oauth_access_tokens` VALUES ('e2a110702b5405d15d9098e8efe9cf63573b06d922f830dc562dee1df426a3bcd7449927cec411a2', '15', '1', 'MyApp', '[]', '0', '2019-08-08 14:22:24', '2019-08-08 14:22:24', '2020-08-08 14:22:24');
INSERT INTO `oauth_access_tokens` VALUES ('e2d9db51a7503b21b56e0c463c8aa5f9838209acebae90b7352cf37c1bc479d72ecc3bcf4d99ffdd', '15', '1', 'MyApp', '[]', '0', '2019-08-19 13:57:06', '2019-08-19 13:57:06', '2020-08-19 13:57:06');
INSERT INTO `oauth_access_tokens` VALUES ('e2eb260336652721bb62b2e9ed7ce6d4f6a629e7a28eb837ac8160d063e363c6bf467f32d5f51031', '19', '1', 'MyApp', '[]', '0', '2019-08-26 15:32:35', '2019-08-26 15:32:35', '2020-08-26 15:32:35');
INSERT INTO `oauth_access_tokens` VALUES ('e32f60ecfee07d96579639889b853d989ffc1f8fd8f94e84f56d4ea94705527b713893d62b4d9d79', '112', '1', 'MyApp', '[]', '0', '2019-11-14 17:45:46', '2019-11-14 17:45:46', '2020-11-14 17:45:46');
INSERT INTO `oauth_access_tokens` VALUES ('e38391ff11f2374ee5afbc28ba93636daea17b76e19dd5f81ba8f2934a1cb5249fb88358ed6679db', '19', '1', 'MyApp', '[]', '0', '2019-09-25 13:24:33', '2019-09-25 13:24:33', '2020-09-25 13:24:33');
INSERT INTO `oauth_access_tokens` VALUES ('e3f487b1cac4bee1de52eda8a5ec94e19370db8f9768b7f9c00e97819d708ea5159baf8425a87467', '70', '1', 'MyApp', '[]', '0', '2019-09-25 09:19:26', '2019-09-25 09:19:26', '2020-09-25 09:19:26');
INSERT INTO `oauth_access_tokens` VALUES ('e4cb0b78ed01f21c1ac4c6c70e5e4bfe192a6367f6040f4aa5c71a917d80c3ea242cf6247b59e66e', '109', '1', 'MyApp', '[]', '0', '2019-10-27 11:46:11', '2019-10-27 11:46:11', '2020-10-27 11:46:11');
INSERT INTO `oauth_access_tokens` VALUES ('e51005ad168995406adf3eff30dcfc2cfa7b5a4d86e9a20fd615dc012ab72bca135e83c70b313880', '15', '1', 'MyApp', '[]', '0', '2019-09-01 07:58:25', '2019-09-01 07:58:25', '2020-09-01 07:58:25');
INSERT INTO `oauth_access_tokens` VALUES ('e592ee655c9940ba019e401fcc92451fa29e82bb58b32531978b094c4c475b77d9b02dc367c47d81', '19', '1', 'MyApp', '[]', '0', '2019-10-01 15:17:22', '2019-10-01 15:17:22', '2020-10-01 15:17:22');
INSERT INTO `oauth_access_tokens` VALUES ('e59971675db41d4e1673a30ed38a61c72954ab080c45333998410d485aa003d115f56fe9822a0d27', '112', '1', 'MyApp', '[]', '0', '2019-10-31 14:32:51', '2019-10-31 14:32:51', '2020-10-31 14:32:51');
INSERT INTO `oauth_access_tokens` VALUES ('e5abb87c8e1d19fbeb88697d3900ccf975b23c72eda21c41a41f26ae09ed433c18072ad5b35ec973', '19', '1', 'MyApp', '[]', '0', '2019-09-29 15:41:45', '2019-09-29 15:41:45', '2020-09-29 15:41:45');
INSERT INTO `oauth_access_tokens` VALUES ('e5d73e549d112fde39ead3f5f1f1a78723f6b4159674176f21ee7fa2c1b076b0160221cba343025a', '5', '1', 'MyApp', '[]', '0', '2019-08-01 16:15:15', '2019-08-01 16:15:15', '2020-08-01 16:15:15');
INSERT INTO `oauth_access_tokens` VALUES ('e5ebb0cc366b0a0cc2177830b1a7d118fa514db313a0f6f2187068f36f2649b9ef5f1837f77833cd', '19', '1', 'MyApp', '[]', '0', '2019-09-25 13:26:14', '2019-09-25 13:26:14', '2020-09-25 13:26:14');
INSERT INTO `oauth_access_tokens` VALUES ('e5f2f6cd66a86cfe75217ad0c534293c2af73d663a5b7efd187d2360e14323a53e851edb14cc8d30', '19', '1', 'MyApp', '[]', '0', '2019-09-25 13:21:37', '2019-09-25 13:21:37', '2020-09-25 13:21:37');
INSERT INTO `oauth_access_tokens` VALUES ('e61d34c1f6ae8d361cc3f30f8d7fc2fe06e0cac704024442a6b00db0b8078ca467b6e03420b59196', '111', '1', 'MyApp', '[]', '0', '2019-11-24 11:45:06', '2019-11-24 11:45:06', '2020-11-24 11:45:06');
INSERT INTO `oauth_access_tokens` VALUES ('e646cb7ce16d88f0f8e4f53f6f6a9f16f5ef287b1182e9a9bccbfa6d614c1fcd6a742899dcd079bc', '32', '1', 'MyApp', '[]', '0', '2019-08-26 15:34:26', '2019-08-26 15:34:26', '2020-08-26 15:34:26');
INSERT INTO `oauth_access_tokens` VALUES ('e6c401b8a9148375b0daed503d6378c7e26dec5d3be5603b5696062c780d2657ca54184fcd0e81fd', '29', '1', 'MyApp', '[]', '0', '2019-10-03 11:03:52', '2019-10-03 11:03:52', '2020-10-03 11:03:52');
INSERT INTO `oauth_access_tokens` VALUES ('e6f41043c8263966449562d778cb1daca979169f9702cd6b861100225a873509101e5dcb60dcb1f2', '102', '1', 'MyApp', '[]', '0', '2019-10-22 09:25:57', '2019-10-22 09:25:57', '2020-10-22 09:25:57');
INSERT INTO `oauth_access_tokens` VALUES ('e752a510fef6c29166ba72ff465a0e93615ebb573abaf684d62d121cd0fd660ad2290c485b314371', '29', '1', 'MyApp', '[]', '0', '2019-10-22 08:37:01', '2019-10-22 08:37:01', '2020-10-22 08:37:01');
INSERT INTO `oauth_access_tokens` VALUES ('e7735b0953e8c5c05d959b5a6e47d157c3a97967135a2448be647749c3befa71715f9cb44dfde9c2', '109', '1', 'MyApp', '[]', '0', '2019-10-23 16:20:33', '2019-10-23 16:20:33', '2020-10-23 16:20:33');
INSERT INTO `oauth_access_tokens` VALUES ('e78eae7bd10d09999e724865efea0726907e4a5abfebf4e874ffacc8f0f413f4c92b2c4dc89abca4', '15', '1', 'MyApp', '[]', '0', '2019-08-19 13:29:55', '2019-08-19 13:29:55', '2020-08-19 13:29:55');
INSERT INTO `oauth_access_tokens` VALUES ('e7c5965ad40c3cbbfc9ba24316e5429603f2e78501692807308c3da91b105de147c592a9514ee8fd', '65', '1', 'MyApp', '[]', '0', '2019-09-24 10:03:42', '2019-09-24 10:03:42', '2020-09-24 10:03:42');
INSERT INTO `oauth_access_tokens` VALUES ('e7f0d3fcf4366c37edf4402635c065cf7e62183412240e9a3af870e68f195ae3f11bf31a42f72d84', '110', '1', 'MyApp', '[]', '0', '2019-11-14 12:38:24', '2019-11-14 12:38:24', '2020-11-14 12:38:24');
INSERT INTO `oauth_access_tokens` VALUES ('e88ce338626fe532191dab364575dfdb4733bcc93f39a9c2e2fdb27886aad61b85c2cd9c335f8c82', '50', '1', 'MyApp', '[]', '0', '2019-08-20 10:49:41', '2019-08-20 10:49:41', '2020-08-20 10:49:41');
INSERT INTO `oauth_access_tokens` VALUES ('e8b3133325db98b8bc71b8c143a1e31a7546809fdb03b0e007a45518c7edf8be38d71f399cd54e78', '15', '1', 'MyApp', '[]', '0', '2019-06-12 14:28:30', '2019-06-12 14:28:30', '2020-06-12 14:28:30');
INSERT INTO `oauth_access_tokens` VALUES ('e8bc25b105127573981566481e8630cf81652d8ed4022c091a4a79b2ba243024cf7067d103dc3dc0', null, '1', 'MyApp', '[]', '0', '2019-06-25 13:51:45', '2019-06-25 13:51:45', '2020-06-25 13:51:45');
INSERT INTO `oauth_access_tokens` VALUES ('e932d0bb3e11b89b54b062ba376a3c0b33807d062b8c26beee580ae24d5fc16718ef6781719417a4', '15', '1', 'MyApp', '[]', '0', '2019-09-25 13:26:49', '2019-09-25 13:26:49', '2020-09-25 13:26:49');
INSERT INTO `oauth_access_tokens` VALUES ('e9404731de6b250e38acdcef4786bb16275a174419d8064d1bb915928428ce765ae644bce6b84c0e', '70', '1', 'MyApp', '[]', '0', '2019-09-24 15:42:00', '2019-09-24 15:42:00', '2020-09-24 15:42:00');
INSERT INTO `oauth_access_tokens` VALUES ('e949382396366aad9dd5c4919cec06b5585fe115ff6d11bde375f2a696b1b38d82bb6456f49b63da', '15', '1', 'MyApp', '[]', '0', '2019-06-20 10:53:09', '2019-06-20 10:53:09', '2020-06-20 10:53:09');
INSERT INTO `oauth_access_tokens` VALUES ('e9566b526525ad645eefdc0f01756095e7532fe1917785dbc7f6e09ceb9f48aee9d2ed4f1e5b4541', '29', '1', 'MyApp', '[]', '0', '2019-10-22 08:07:19', '2019-10-22 08:07:19', '2020-10-22 08:07:19');
INSERT INTO `oauth_access_tokens` VALUES ('e975c5804560e21b559d1ca9d864f4e6121e6b23ebd97bd5f91da301aee09fce702707bd6b1b8caa', '58', '1', 'MyApp', '[]', '0', '2019-09-05 12:16:49', '2019-09-05 12:16:49', '2020-09-05 12:16:49');
INSERT INTO `oauth_access_tokens` VALUES ('e9991b6b95d21e96ff1237ef9f6d72ce5981c814c7e65b6c7f6cf3dae925872c274975ad7ebe2f8c', '19', '1', 'MyApp', '[]', '0', '2019-09-05 09:01:39', '2019-09-05 09:01:39', '2020-09-05 09:01:39');
INSERT INTO `oauth_access_tokens` VALUES ('e9c08866b7e8fdfc68d914b59571098e56c5a7987556bf4b18796bd7dc1ff31c9948ffe06f779cd5', '19', '1', 'MyApp', '[]', '0', '2019-09-25 13:26:42', '2019-09-25 13:26:42', '2020-09-25 13:26:42');
INSERT INTO `oauth_access_tokens` VALUES ('ea57cfa31000589b9e1d285ca71cd6ba8fa63444e07bfbd56b74c52584ff8faf78e0eb0a147558ba', '15', '1', 'MyApp', '[]', '0', '2019-06-20 09:28:55', '2019-06-20 09:28:55', '2020-06-20 09:28:55');
INSERT INTO `oauth_access_tokens` VALUES ('ea7ae18edaa93f202dbfbdb27748002251c2065504d858606e97814c3e1b94cdd433ff2be03c8856', '15', '1', 'MyApp', '[]', '0', '2019-06-24 09:00:56', '2019-06-24 09:00:56', '2020-06-24 09:00:56');
INSERT INTO `oauth_access_tokens` VALUES ('eabdf95d35be899c29a552056e3cc978f810e8b145817c91c97a908206e5467cc81b05aab56bdc15', '19', '1', 'MyApp', '[]', '0', '2019-08-19 13:22:17', '2019-08-19 13:22:17', '2020-08-19 13:22:17');
INSERT INTO `oauth_access_tokens` VALUES ('ead53673e8635e03784065f940915629c0fd56c6b6eeb0d129cdf9818abc7ab9b059f8f975266ee8', '129', '1', 'MyApp', '[]', '0', '2019-11-19 10:42:33', '2019-11-19 10:42:33', '2020-11-19 10:42:33');
INSERT INTO `oauth_access_tokens` VALUES ('eae2478f285b4d35ea8c026cba55980dbc940dfca64c149285d1078d3d9e420fbf1bf265ffb36380', '112', '1', 'MyApp', '[]', '0', '2019-10-27 14:40:17', '2019-10-27 14:40:17', '2020-10-27 14:40:17');
INSERT INTO `oauth_access_tokens` VALUES ('eaf3a3cd5333194121192e4c94d8d243f9174277a58be26a98d4ab4617c3f9572a7da970e4ee32ec', '102', '1', 'MyApp', '[]', '0', '2019-10-22 09:25:01', '2019-10-22 09:25:01', '2020-10-22 09:25:01');
INSERT INTO `oauth_access_tokens` VALUES ('eb4fddde538da4b6ddccee4c586f7a5f606f91491b57b8f92a86b954044640b2d6100917b0859aaa', '65', '1', 'MyApp', '[]', '0', '2019-09-24 10:03:05', '2019-09-24 10:03:05', '2020-09-24 10:03:05');
INSERT INTO `oauth_access_tokens` VALUES ('eb518491b5102c8b0b2756cfa5d397beca715f5d5fa89ebdf03cab34457e9dd6c8308d8938863c07', '19', '1', 'MyApp', '[]', '0', '2019-09-25 13:21:18', '2019-09-25 13:21:18', '2020-09-25 13:21:18');
INSERT INTO `oauth_access_tokens` VALUES ('eb54f8ae0499eb2386c83eaae6712a104796aae160d39ea05387693824a28ef4fc9aeba602040f9f', '15', '1', 'MyApp', '[]', '0', '2019-09-04 12:10:02', '2019-09-04 12:10:02', '2020-09-04 12:10:02');
INSERT INTO `oauth_access_tokens` VALUES ('eb971e330de00902b556ea8c5dfa6a071dfbe9d0f8a3ea5774e8d8abf5f2db623574e10238292a01', '19', '1', 'MyApp', '[]', '0', '2019-08-28 10:44:24', '2019-08-28 10:44:24', '2020-08-28 10:44:24');
INSERT INTO `oauth_access_tokens` VALUES ('ebb4f3af3ddf1f8b8947915aeaf1f76826e9f6c3ca89f45091543e94a2146cb4b053b799c045163b', '12', '1', 'MyApp', '[]', '0', '2019-06-23 08:41:13', '2019-06-23 08:41:13', '2020-06-23 08:41:13');
INSERT INTO `oauth_access_tokens` VALUES ('ebb8a811b3e9f230dafe5a8d1ada6f9c99bdfe78f30e30743d0c1dd7e346e4040033b2cc24b51bae', '111', '1', 'MyApp', '[]', '0', '2019-10-23 16:43:06', '2019-10-23 16:43:06', '2020-10-23 16:43:06');
INSERT INTO `oauth_access_tokens` VALUES ('ebebe9a327f16c40e152fb0cb9aefda25bffd6e00e1cd77fd1caac277453f099a84638f3ed27d14b', '12', '1', 'MyApp', '[]', '0', '2019-06-19 12:04:17', '2019-06-19 12:04:17', '2020-06-19 12:04:17');
INSERT INTO `oauth_access_tokens` VALUES ('ec4f649424841f48e632dee0dfface8ca15679f52e4512ffb0a2291524700fa14079b8c2ebfa3827', '68', '1', 'MyApp', '[]', '0', '2019-09-24 15:17:21', '2019-09-24 15:17:21', '2020-09-24 15:17:21');
INSERT INTO `oauth_access_tokens` VALUES ('ec9547bd1f6a0b9ba89bbb36bbe1bc9815206c7857bc16b7e74b6edfc3a4f0c638846b192b035ea0', '15', '1', 'MyApp', '[]', '0', '2019-09-15 09:18:09', '2019-09-15 09:18:09', '2020-09-15 09:18:09');
INSERT INTO `oauth_access_tokens` VALUES ('ecc3e69db80b876aa9e7f647870a65505d6b76462fce00469ad6c2a15e359c9bd1b37c66720e1e89', '12', '1', 'MyApp', '[]', '0', '2019-06-16 11:29:30', '2019-06-16 11:29:30', '2020-06-16 11:29:30');
INSERT INTO `oauth_access_tokens` VALUES ('ecf127f0345573bb200952472896dd2da00004f80f2808ad7540cbdc0d0c85c3e5d9c5e87a8871b7', '12', '1', 'MyApp', '[]', '0', '2019-06-11 10:17:45', '2019-06-11 10:17:45', '2020-06-11 10:17:45');
INSERT INTO `oauth_access_tokens` VALUES ('ed02f1e32b04ff5b49e474135923d8a256c0c164fbbb7744049ea27f974287394b804a45c1de2b56', '29', '1', 'MyApp', '[]', '0', '2019-09-18 13:28:05', '2019-09-18 13:28:05', '2020-09-18 13:28:05');
INSERT INTO `oauth_access_tokens` VALUES ('ed4e89a7e5eacd582a59808b957ed8e24394d0886e57f47c8dbb2388a01f4f4309d35670543b7cae', '109', '1', 'MyApp', '[]', '0', '2019-10-29 13:12:57', '2019-10-29 13:12:57', '2020-10-29 13:12:57');
INSERT INTO `oauth_access_tokens` VALUES ('ed5c0424dc4f11739e0d673140e610276990572a45724eeda51bdd2496c9a945dec241921472b56b', '19', '1', 'MyApp', '[]', '0', '2019-08-29 15:09:00', '2019-08-29 15:09:00', '2020-08-29 15:09:00');
INSERT INTO `oauth_access_tokens` VALUES ('ed726e398e81e60e9f6dde9d1b601e80bb3bc93dcf3b9424229514f6d88b724d8f464663973415ab', '104', '1', 'MyApp', '[]', '0', '2019-10-07 08:17:47', '2019-10-07 08:17:47', '2020-10-07 08:17:47');
INSERT INTO `oauth_access_tokens` VALUES ('ed73eee92eff9991cb58ab7cf79390c3e954364b6a37813b8917e7b56b9a73b4006318dae15186f0', '15', '1', 'MyApp', '[]', '0', '2019-08-19 14:09:41', '2019-08-19 14:09:41', '2020-08-19 14:09:41');
INSERT INTO `oauth_access_tokens` VALUES ('edb6f02db37f10f05706dba7d4260f41f6fd62f79925e03535fa9e6bf6e65f67941d40c374e71e39', '19', '1', 'MyApp', '[]', '0', '2019-06-25 09:35:08', '2019-06-25 09:35:08', '2020-06-25 09:35:08');
INSERT INTO `oauth_access_tokens` VALUES ('edc8f46549e6ac94b14c20b9e957a9619422d271517896dd9fb7951bebd6135a9add28bc1cd67a1f', '5', '1', 'MyApp', '[]', '0', '2019-05-09 11:15:40', '2019-05-09 11:15:40', '2020-05-09 11:15:40');
INSERT INTO `oauth_access_tokens` VALUES ('edfcf32dc182b4b368f6e68221165d9c0031dac65bc9ecfbbe1c0bdf6d1c0b389df707fe889df47e', '15', '1', 'MyApp', '[]', '0', '2019-09-25 13:25:19', '2019-09-25 13:25:19', '2020-09-25 13:25:19');
INSERT INTO `oauth_access_tokens` VALUES ('ee13db8135828863956fc43c57afcb8adc07b79d35615f13ac05ffffc9b47719367e5e1ac5bc6629', '109', '1', 'MyApp', '[]', '0', '2019-10-29 15:14:24', '2019-10-29 15:14:24', '2020-10-29 15:14:24');
INSERT INTO `oauth_access_tokens` VALUES ('ee19e02e7f7ae5f017cd1441c3bc5ffc30d4bf592def0fc0313739b98ad09c3fc05978f4c9469376', '19', '1', 'MyApp', '[]', '0', '2019-09-25 13:20:43', '2019-09-25 13:20:43', '2020-09-25 13:20:43');
INSERT INTO `oauth_access_tokens` VALUES ('ee1f3242a20d263b5a55f0a9bd7c9da2f5f0384245132719db3859ffef2f5de6722c99bbc28b2e3b', '112', '1', 'MyApp', '[]', '0', '2019-11-21 16:07:09', '2019-11-21 16:07:09', '2020-11-21 16:07:09');
INSERT INTO `oauth_access_tokens` VALUES ('ee27d21c8f30bd4686c1f43101f85350071cb684630f9e049f1fc9d0252615d6825ba4ee634eb820', '19', '1', 'MyApp', '[]', '0', '2019-09-18 13:16:48', '2019-09-18 13:16:48', '2020-09-18 13:16:48');
INSERT INTO `oauth_access_tokens` VALUES ('ee50ca126689d21f47ea38e9a58c18dae0d887eb2b7a12502b8de239b91a21ad7f116646acf928bc', '15', '1', 'MyApp', '[]', '0', '2019-09-15 09:34:25', '2019-09-15 09:34:25', '2020-09-15 09:34:25');
INSERT INTO `oauth_access_tokens` VALUES ('ee687c32385fa43d0aae04705895e4fa4fff818b2a356c6d8992331d7bb9816150e55a4626ae6f14', '103', '1', 'MyApp', '[]', '0', '2019-10-01 15:15:14', '2019-10-01 15:15:14', '2020-10-01 15:15:14');
INSERT INTO `oauth_access_tokens` VALUES ('eeee2283870387c77851e3f598ba5a940382b6ae7811d123832afc34d185540b980ce4f06e1c8969', '12', '1', 'MyApp', '[]', '0', '2019-06-25 09:18:13', '2019-06-25 09:18:13', '2020-06-25 09:18:13');
INSERT INTO `oauth_access_tokens` VALUES ('eef3ee5979c2dfb477991322f5fb65b0ac414a9a656aabc3cc10505359d7747496139cca01f4fbc2', '128', '1', 'MyApp', '[]', '0', '2019-11-12 14:43:50', '2019-11-12 14:43:50', '2020-11-12 14:43:50');
INSERT INTO `oauth_access_tokens` VALUES ('ef041405da47f597d553fc243204a86f723322ea9fe848799b159647b1472e184bacebbdcfd8559f', '54', '1', 'MyApp', '[]', '0', '2019-08-25 13:35:43', '2019-08-25 13:35:43', '2020-08-25 13:35:43');
INSERT INTO `oauth_access_tokens` VALUES ('ef15ee0663d1e6bd1375cf81aa7e94d964b765f276a98c08f6ae9faa9f6581251b2b497e85bafcb5', '109', '1', 'MyApp', '[]', '0', '2019-10-28 21:30:31', '2019-10-28 21:30:31', '2020-10-28 21:30:31');
INSERT INTO `oauth_access_tokens` VALUES ('ef459ca874437ab2ddda4e1c51fcd94e050b5520442e24d738b98bb4fbdaec0d4e91177bb97ecca2', '110', '1', 'MyApp', '[]', '0', '2019-10-31 11:38:57', '2019-10-31 11:38:57', '2020-10-31 11:38:57');
INSERT INTO `oauth_access_tokens` VALUES ('ef531151194b325c3149181af9984649ae62e6dbc9e2ccb015eb9fecea78f546ea0ae98285663bba', '70', '1', 'MyApp', '[]', '0', '2019-09-24 15:25:18', '2019-09-24 15:25:18', '2020-09-24 15:25:18');
INSERT INTO `oauth_access_tokens` VALUES ('ef8b757807dd9db6e2bac714e6e1e2b9766aa8194dbcad47dcaf09d3d65be791831ff193e6a7f3fe', '19', '1', 'MyApp', '[]', '0', '2019-10-17 14:13:44', '2019-10-17 14:13:44', '2020-10-17 14:13:44');
INSERT INTO `oauth_access_tokens` VALUES ('efc7f3d34024181ec2c55e7ff95ad084fd4bbb4626e0f5e46d6260066de92efdfea7e19b37635070', '109', '1', 'MyApp', '[]', '0', '2019-10-27 16:03:25', '2019-10-27 16:03:25', '2020-10-27 16:03:25');
INSERT INTO `oauth_access_tokens` VALUES ('efcb97a676075c84eac0d9479f998412b692075495ba4935b54ba7c53b1cde5decf6a724a7ac8571', '15', '1', 'MyApp', '[]', '0', '2019-09-25 13:21:24', '2019-09-25 13:21:24', '2020-09-25 13:21:24');
INSERT INTO `oauth_access_tokens` VALUES ('f034f408a3c214b7d629715b74d8a152a5f7ebd50c8c8ddf7b0f363aa126ec3778a70641638a8d9a', '19', '1', 'MyApp', '[]', '0', '2019-09-24 09:38:03', '2019-09-24 09:38:03', '2020-09-24 09:38:03');
INSERT INTO `oauth_access_tokens` VALUES ('f04aff70056c390f0132880dc9ffadd9a3533979a2d5b6b9d3ef92f65a25bf7f3718ff749187d5de', '19', '1', 'MyApp', '[]', '0', '2019-10-07 10:32:51', '2019-10-07 10:32:51', '2020-10-07 10:32:51');
INSERT INTO `oauth_access_tokens` VALUES ('f0939c13078afb8ebe3c03bfa923187bd1a9b752af56e64dfa3f94f1665bfab18936e0b1f9b32ce8', null, '1', 'MyApp', '[]', '0', '2019-07-14 13:15:27', '2019-07-14 13:15:27', '2020-07-14 13:15:27');
INSERT INTO `oauth_access_tokens` VALUES ('f0ad6303f3c24b8c0878c49a0a7b4cf9fa91403d58e7f9a34c5718749b9d28a03663c856d6f3abf5', '109', '1', 'MyApp', '[]', '0', '2019-11-21 13:55:24', '2019-11-21 13:55:24', '2020-11-21 13:55:24');
INSERT INTO `oauth_access_tokens` VALUES ('f0bb2641c3a162016e2183500ca4a78b9152cd4aa74489f0a57975da65c4988cd9d78d16b18ddfd2', '29', '1', 'MyApp', '[]', '0', '2019-09-15 11:28:31', '2019-09-15 11:28:31', '2020-09-15 11:28:31');
INSERT INTO `oauth_access_tokens` VALUES ('f12981a8015b2b32d1a53ed2e64efdf0abbf794132c19fb0ac8e89ce69aa27472b2e314623c2dace', '109', '1', 'MyApp', '[]', '0', '2019-10-31 10:43:14', '2019-10-31 10:43:14', '2020-10-31 10:43:14');
INSERT INTO `oauth_access_tokens` VALUES ('f143336b772630209cd1fe7f1da6d0edcf9b81910bcff54f2e1f8a751fd67c64a75bc9f66a219434', '15', '1', 'MyApp', '[]', '0', '2019-09-04 12:34:25', '2019-09-04 12:34:25', '2020-09-04 12:34:25');
INSERT INTO `oauth_access_tokens` VALUES ('f190685059f0716f9377fbfdc23bf96e45d3d0ebe5163480cf2b85163ae57dede00dbaef079cadda', '100', '1', 'MyApp', '[]', '0', '2019-09-25 13:09:05', '2019-09-25 13:09:05', '2020-09-25 13:09:05');
INSERT INTO `oauth_access_tokens` VALUES ('f1ae9c10e49fc0f9f618e95d299bb99015a4e32aa85d23b2e197e0ec5fd2a7fdf7d3f458280a4533', '125', '1', 'MyApp', '[]', '0', '2019-10-30 15:55:13', '2019-10-30 15:55:13', '2020-10-30 15:55:13');
INSERT INTO `oauth_access_tokens` VALUES ('f1bd44b9b5cbdd7f9bbe8b05f14ec972db578b284266ffcaa3e0b44481b0cf994e3fb94a369f6279', '29', '1', 'MyApp', '[]', '0', '2019-10-17 22:56:04', '2019-10-17 22:56:04', '2020-10-17 22:56:04');
INSERT INTO `oauth_access_tokens` VALUES ('f22e8e925c5a1f961751bc999bc7cdc310a97f9dc0d3a9548f64a5bafcdee136bc6d57f933403e2b', '29', '1', 'MyApp', '[]', '0', '2019-08-16 21:54:05', '2019-08-16 21:54:05', '2020-08-16 21:54:05');
INSERT INTO `oauth_access_tokens` VALUES ('f283e86452a73240772da98d70eacad992a6e1410b8e8a65c8ea3fea05c4f68518bb7d105cc6342d', '15', '1', 'MyApp', '[]', '0', '2019-09-25 13:20:46', '2019-09-25 13:20:46', '2020-09-25 13:20:46');
INSERT INTO `oauth_access_tokens` VALUES ('f29c3db1172cf6713d6617ba856eff98e443c5cd081ef1da82831df8b1b71f5aafb3ac265979f8aa', '15', '1', 'MyApp', '[]', '0', '2019-08-19 13:29:53', '2019-08-19 13:29:53', '2020-08-19 13:29:53');
INSERT INTO `oauth_access_tokens` VALUES ('f2d18b81b101574a9dcdf757eff2030fb9f278a505fecc1f96fbeb24e1dcb427831a5b7dbb008029', '65', '1', 'MyApp', '[]', '0', '2019-09-24 10:03:06', '2019-09-24 10:03:06', '2020-09-24 10:03:06');
INSERT INTO `oauth_access_tokens` VALUES ('f3027baae9d37d15bb3235542400c90803bd082af99181a4122be92b893ac0dc0a64c62251ea7438', '111', '1', 'MyApp', '[]', '0', '2019-11-21 11:02:16', '2019-11-21 11:02:16', '2020-11-21 11:02:16');
INSERT INTO `oauth_access_tokens` VALUES ('f3655586c358ed796a182453d60dd269967787135e52f0f947022ab5653f293200633b2d7679414d', '19', '1', 'MyApp', '[]', '0', '2019-08-29 14:09:32', '2019-08-29 14:09:32', '2020-08-29 14:09:32');
INSERT INTO `oauth_access_tokens` VALUES ('f3a91243b5ac0fc67740c7d6751fad5d53f3c93ea52722571d03b106a0132c80354f5a835b25e010', '70', '1', 'MyApp', '[]', '0', '2019-09-24 15:26:39', '2019-09-24 15:26:39', '2020-09-24 15:26:39');
INSERT INTO `oauth_access_tokens` VALUES ('f3c43705b396ffb2c5f8fa5ef8953a32627ea386c225f85da805a7401fe10b5fa90267812e225c8a', '19', '1', 'MyApp', '[]', '0', '2019-08-19 13:28:54', '2019-08-19 13:28:54', '2020-08-19 13:28:54');
INSERT INTO `oauth_access_tokens` VALUES ('f423d2873598f37dec560b77d9148fcdbf50a6e0dc67f53834a367291cbc6bbf324fff862bbd0014', '48', '1', 'MyApp', '[]', '0', '2019-08-19 14:00:41', '2019-08-19 14:00:41', '2020-08-19 14:00:41');
INSERT INTO `oauth_access_tokens` VALUES ('f4393352bad057be37901bf89c9301e8f1531049aeecc3a5c872e78d29fb3a64dbfd3ebfcf273ec3', '29', '1', 'MyApp', '[]', '0', '2019-10-08 07:58:39', '2019-10-08 07:58:39', '2020-10-08 07:58:39');
INSERT INTO `oauth_access_tokens` VALUES ('f459e567ab17f8f506a46de814a86e77e41098d655449a759ddad3a1801146d08254c0c0c94fb29f', '15', '1', 'MyApp', '[]', '0', '2019-09-04 12:12:46', '2019-09-04 12:12:46', '2020-09-04 12:12:46');
INSERT INTO `oauth_access_tokens` VALUES ('f491bde8a41635c991f33f1bf0f462a6f8a5a65235aff889722cdff1bdcbfea78a2dbcca3f029076', '19', '1', 'MyApp', '[]', '0', '2019-09-04 15:17:49', '2019-09-04 15:17:49', '2020-09-04 15:17:49');
INSERT INTO `oauth_access_tokens` VALUES ('f4adb984a1f7b2574e2fc36651cbbf60d574623b3147d2a5ce1dc4db81927a7be4b922ad3dcbfa8e', '29', '1', 'MyApp', '[]', '0', '2019-09-18 12:09:06', '2019-09-18 12:09:06', '2020-09-18 12:09:06');
INSERT INTO `oauth_access_tokens` VALUES ('f52150699cc3660ecfed1569ca7d75de05f661d8bcc9522d905d86cebac226a4eb100bada2f5e914', '15', '1', 'MyApp', '[]', '0', '2019-09-25 13:29:09', '2019-09-25 13:29:09', '2020-09-25 13:29:09');
INSERT INTO `oauth_access_tokens` VALUES ('f524ec8bb066c02caf284e4137f3b53f003f23b482da9922c5e462ca47de98d8b66e335ce42f4d4e', '109', '1', 'MyApp', '[]', '0', '2019-10-30 23:28:16', '2019-10-30 23:28:16', '2020-10-30 23:28:16');
INSERT INTO `oauth_access_tokens` VALUES ('f533aa13bf92c9b28f32f5a1a18c7e265ad3c9695ad7889699743cf1bb9bf6ce2c7b00b2ee20eb97', '19', '1', 'MyApp', '[]', '0', '2019-09-25 13:23:51', '2019-09-25 13:23:51', '2020-09-25 13:23:51');
INSERT INTO `oauth_access_tokens` VALUES ('f546e054a6155f767aa6910a7ee9293ecce85dc05b99a5891bac3b375db81183567bd4d6c2f789d1', '12', '1', 'MyApp', '[]', '0', '2019-06-10 15:45:12', '2019-06-10 15:45:12', '2020-06-10 15:45:12');
INSERT INTO `oauth_access_tokens` VALUES ('f549563147b2449035bf7bef2c53cf6a46fb7af53eb95168eebd098e138bba0a704a0b26c600420a', '109', '1', 'MyApp', '[]', '0', '2019-11-11 13:29:31', '2019-11-11 13:29:31', '2020-11-11 13:29:31');
INSERT INTO `oauth_access_tokens` VALUES ('f56593ee8cad8fbdc82fadfd94032cde97b87b2327b00b6daa8a745363fc9e2ab01b8cdfa646db49', '19', '1', 'MyApp', '[]', '0', '2019-09-30 15:07:32', '2019-09-30 15:07:32', '2020-09-30 15:07:32');
INSERT INTO `oauth_access_tokens` VALUES ('f573fcfbef61b703c4f8485aaf807a83da03e2a5cc8e30d714dd23dff045a0e914a5db0ce1d74a4d', '109', '1', 'MyApp', '[]', '0', '2019-10-30 22:17:14', '2019-10-30 22:17:14', '2020-10-30 22:17:14');
INSERT INTO `oauth_access_tokens` VALUES ('f5b6fb4d73a994b4fc030ce3ee17f518062e82028b09bfa0b36c266858b697cf2eb05498df12355b', '19', '1', 'MyApp', '[]', '0', '2019-08-19 15:38:37', '2019-08-19 15:38:37', '2020-08-19 15:38:37');
INSERT INTO `oauth_access_tokens` VALUES ('f60f6bb7ee5f041b4334eee8f0b7f6f2cb76b348058e6ad581a9fe205b19a180fae2d1225d7b48e6', '29', '1', 'MyApp', '[]', '0', '2019-09-18 10:05:39', '2019-09-18 10:05:39', '2020-09-18 10:05:39');
INSERT INTO `oauth_access_tokens` VALUES ('f6447a21bc3a6e5be431838d0b6efe48ab7ddc9a9d1117ea19e7f05f86fb1a77e5f69d82424a9d97', '70', '1', 'MyApp', '[]', '0', '2019-09-24 15:25:59', '2019-09-24 15:25:59', '2020-09-24 15:25:59');
INSERT INTO `oauth_access_tokens` VALUES ('f66cb8982cd59923a62a4206193d824d409a7591cc01e40af87f3495a50b5f4594a35a3517dc71a1', '19', '1', 'MyApp', '[]', '0', '2019-08-19 13:24:23', '2019-08-19 13:24:23', '2020-08-19 13:24:23');
INSERT INTO `oauth_access_tokens` VALUES ('f680bd4b5ef180a1a2df223a504f179861ff215538edba8a9e38342df14a343db1fdd5ae221dcaf3', '19', '1', 'MyApp', '[]', '0', '2019-09-25 13:26:31', '2019-09-25 13:26:31', '2020-09-25 13:26:31');
INSERT INTO `oauth_access_tokens` VALUES ('f6b115f5b23d06d6d4f94a6f529be2f93d648d44c24b36f9338c45dd042df6637bda7dc655df75fb', '15', '1', 'MyApp', '[]', '0', '2019-06-20 09:13:24', '2019-06-20 09:13:24', '2020-06-20 09:13:24');
INSERT INTO `oauth_access_tokens` VALUES ('f6b245f0f73ae26803ac94d6f9d8bbd799bb3aa9c5e8fcf0a10866a5a4f196b7ec1488e9f3b50e68', '29', '1', 'MyApp', '[]', '0', '2019-09-15 10:28:07', '2019-09-15 10:28:07', '2020-09-15 10:28:07');
INSERT INTO `oauth_access_tokens` VALUES ('f70f06f11e8d370124ca182bd138a13602d2e340abaaf982c8974ddd0846728833e8a7d3b56a61e7', '19', '1', 'MyApp', '[]', '0', '2019-09-30 12:00:34', '2019-09-30 12:00:34', '2020-09-30 12:00:34');
INSERT INTO `oauth_access_tokens` VALUES ('f746ac454f5d3050ecfda9b27d596bf05e86f65bda33d087cda72e569295a5010beaf4ae27c093ff', '100', '1', 'MyApp', '[]', '0', '2019-09-25 13:08:52', '2019-09-25 13:08:52', '2020-09-25 13:08:52');
INSERT INTO `oauth_access_tokens` VALUES ('f766494b4ac4cc1a322ca276c9e5a1fd37de44f8edb74d8083be898421a01e9708e74f35f9f7f8a7', '15', '1', 'MyApp', '[]', '0', '2019-08-18 15:14:44', '2019-08-18 15:14:44', '2020-08-18 15:14:44');
INSERT INTO `oauth_access_tokens` VALUES ('f767e2445fa21a8135dbc6d408b013b46df62c02d5a65696959fabcd61fcbd08f4a25cfc5a535881', '19', '1', 'MyApp', '[]', '0', '2019-10-08 11:11:12', '2019-10-08 11:11:12', '2020-10-08 11:11:12');
INSERT INTO `oauth_access_tokens` VALUES ('f7877349ab236c45d5ceb77ebd4bb203467c324e7fd9015316bfa3094d538002052419fd92a0a48c', '29', '1', 'MyApp', '[]', '0', '2019-09-10 14:04:07', '2019-09-10 14:04:07', '2020-09-10 14:04:07');
INSERT INTO `oauth_access_tokens` VALUES ('f78cc9f956659e9804cb7e61f9c0494507acf47735c34aa7a98dc3bc76c63c2a03fc8ac467e17b4a', '15', '1', 'MyApp', '[]', '0', '2019-09-15 12:43:51', '2019-09-15 12:43:51', '2020-09-15 12:43:51');
INSERT INTO `oauth_access_tokens` VALUES ('f7a3240f3f25760397ec541b332cdb4d4aa65cdfff0a77e8de73760ea3cb585942d92a3d1bdec81f', '128', '1', 'MyApp', '[]', '0', '2019-11-19 14:17:41', '2019-11-19 14:17:41', '2020-11-19 14:17:41');
INSERT INTO `oauth_access_tokens` VALUES ('f7ceaee4023ff284df51805f8d7d7491ee7b234efc922839cfd11aef3783796732d10ac55a2326d7', '98', '1', 'MyApp', '[]', '0', '2019-09-25 10:04:21', '2019-09-25 10:04:21', '2020-09-25 10:04:21');
INSERT INTO `oauth_access_tokens` VALUES ('f7e26414dbe915ed7232b3a97cbb9fdd091eb3853b0a48ae881fe1b52342d6911a3a2297849d814c', '19', '1', 'MyApp', '[]', '0', '2019-09-25 13:19:28', '2019-09-25 13:19:28', '2020-09-25 13:19:28');
INSERT INTO `oauth_access_tokens` VALUES ('f7e6d98aa80251ffebc4af860c68fb27bc76cae4124e5fee579f1eea619c8f1c8957f0dffc34a772', '19', '1', 'MyApp', '[]', '0', '2019-08-28 10:03:38', '2019-08-28 10:03:38', '2020-08-28 10:03:38');
INSERT INTO `oauth_access_tokens` VALUES ('f812959b282d998c50134b6beb4158ebe56a7aa175d0108badc8bf3b8b35003c68244cf291b43c77', '50', '1', 'MyApp', '[]', '0', '2019-08-25 14:06:49', '2019-08-25 14:06:49', '2020-08-25 14:06:49');
INSERT INTO `oauth_access_tokens` VALUES ('f840088102cf06e4e8ef4a6cea3061047428b26d2a547f42e09bc4719dc78a141b108caf3941688b', '15', '1', 'MyApp', '[]', '0', '2019-06-25 09:33:15', '2019-06-25 09:33:15', '2020-06-25 09:33:15');
INSERT INTO `oauth_access_tokens` VALUES ('f8ba5075960586043fa66bcc2c65d39deb317d7f2e63dfde150faa63ddcef51f21173b5507d92218', '19', '1', 'MyApp', '[]', '0', '2019-08-19 09:29:17', '2019-08-19 09:29:17', '2020-08-19 09:29:17');
INSERT INTO `oauth_access_tokens` VALUES ('f8f2d91db96775bddedad1be8b70ff35f389550ec3fc861993e51839e073dffc3348df5ae8a381d6', '5', '1', 'MyApp', '[]', '0', '2019-08-21 09:01:48', '2019-08-21 09:01:48', '2020-08-21 09:01:48');
INSERT INTO `oauth_access_tokens` VALUES ('f8f4ec325c328c3e96aebeda56594fd0ceb5449148346c0374ba58b884c77cf50dfb26b3b8b36ccc', '19', '1', 'MyApp', '[]', '0', '2019-08-19 13:28:11', '2019-08-19 13:28:11', '2020-08-19 13:28:11');
INSERT INTO `oauth_access_tokens` VALUES ('f9029bea4a5878380780a0e22183d6a24daa4959b7866832cb8a40b5e50ee135ade035497ce68c6d', '109', '1', 'MyApp', '[]', '0', '2019-10-30 23:55:00', '2019-10-30 23:55:00', '2020-10-30 23:55:00');
INSERT INTO `oauth_access_tokens` VALUES ('f925c00f0017d8cc53bc7d7c20e6def2ba38c82c56d3950f35a19238a7b547af8bf52e791fe958fc', '29', '1', 'MyApp', '[]', '0', '2019-10-21 11:47:30', '2019-10-21 11:47:30', '2020-10-21 11:47:30');
INSERT INTO `oauth_access_tokens` VALUES ('f9a69409bc2f467895e61caa4e85ad0c981b19715453646ed57ec7c81273f06f6bcc7c66d0b14ee0', '66', '1', 'MyApp', '[]', '0', '2019-09-24 10:22:48', '2019-09-24 10:22:48', '2020-09-24 10:22:48');
INSERT INTO `oauth_access_tokens` VALUES ('f9d5c8f70106a4d31217a09eab3011cc444f16143a3e9daacdf911e9d04b55135a457d822163cc40', '50', '1', 'MyApp', '[]', '0', '2019-08-20 08:39:09', '2019-08-20 08:39:09', '2020-08-20 08:39:09');
INSERT INTO `oauth_access_tokens` VALUES ('f9dc78aae595a7086045e501035fff9b06373925b2828182f3623f2981911c94b32e9bdec5c6c525', '64', '1', 'MyApp', '[]', '0', '2019-10-08 08:08:12', '2019-10-08 08:08:12', '2020-10-08 08:08:12');
INSERT INTO `oauth_access_tokens` VALUES ('f9e31bfbc2aeed9952467909ab1b4fe0e2a2e513376784ce717f22e13e0060ead0a3d088506939d3', '15', '1', 'MyApp', '[]', '0', '2019-09-01 07:18:17', '2019-09-01 07:18:17', '2020-09-01 07:18:17');
INSERT INTO `oauth_access_tokens` VALUES ('f9edd0239a8151c5f9ffb32b08bbca63f0ff506792ac877334b4af8ae7e519139666bdd7b40112fd', '128', '1', 'MyApp', '[]', '0', '2019-11-12 14:06:47', '2019-11-12 14:06:47', '2020-11-12 14:06:47');
INSERT INTO `oauth_access_tokens` VALUES ('f9f5978f2632ed4e7fdd84f2a93a64b6917258ed9b76379e82346b88dd6f3bbff12b99387673120f', '29', '1', 'MyApp', '[]', '0', '2019-09-25 13:11:17', '2019-09-25 13:11:17', '2020-09-25 13:11:17');
INSERT INTO `oauth_access_tokens` VALUES ('fa25a4e3866f171ef436df31ec3a4c295fb2b3c65bf0887fe9ab8a8f058011c4f8786853609d5be9', null, '1', 'MyApp', '[]', '0', '2019-06-24 12:16:11', '2019-06-24 12:16:11', '2020-06-24 12:16:11');
INSERT INTO `oauth_access_tokens` VALUES ('fa5a35874f0fe2878a72dfab31a4aee0aa70cd91c7c14e9843527025df9d5abefb8ccf52697e2d13', '19', '1', 'MyApp', '[]', '0', '2019-10-02 15:32:51', '2019-10-02 15:32:51', '2020-10-02 15:32:51');
INSERT INTO `oauth_access_tokens` VALUES ('fb0ac084332e237fc1bdfd5f916bbc57f684cb45df8d52da83320c46e76091cd54a57cbad031e367', '70', '1', 'MyApp', '[]', '0', '2019-09-24 15:23:10', '2019-09-24 15:23:10', '2020-09-24 15:23:10');
INSERT INTO `oauth_access_tokens` VALUES ('fb3a7744b0addbeda4d6b81b3feba03bb326f0641e1ff03e7cd83799e636eaefcb999c292f8e9c77', '110', '1', 'MyApp', '[]', '0', '2019-10-23 14:12:24', '2019-10-23 14:12:24', '2020-10-23 14:12:24');
INSERT INTO `oauth_access_tokens` VALUES ('fb43c2757393579ce1864e108350ae14c29f7621b7103816f2fc7628980fb7955df821d62ea97126', '29', '1', 'MyApp', '[]', '0', '2019-09-15 09:05:32', '2019-09-15 09:05:32', '2020-09-15 09:05:32');
INSERT INTO `oauth_access_tokens` VALUES ('fb7be0c7f59e6959920dbb870154bcdb4cbb7487a3d4190c3a811269f764bd0fde6d00d64239b6e5', '128', '1', 'MyApp', '[]', '0', '2019-11-19 16:24:31', '2019-11-19 16:24:31', '2020-11-19 16:24:31');
INSERT INTO `oauth_access_tokens` VALUES ('fb81a5e404675eb791e929508e0c1ba0fcbb8e110ee178df557cc6350e5e797c602c33499e2d4479', '32', '1', 'MyApp', '[]', '0', '2019-08-26 13:24:45', '2019-08-26 13:24:45', '2020-08-26 13:24:45');
INSERT INTO `oauth_access_tokens` VALUES ('fc3fb10a744b06456ca4f272f002f4c06b221fc906fa515247f529d6295d9d27e8e9e727a9337f6f', '15', '1', 'MyApp', '[]', '0', '2019-06-24 16:29:01', '2019-06-24 16:29:01', '2020-06-24 16:29:01');
INSERT INTO `oauth_access_tokens` VALUES ('fc3fec125b7ec45a87481bac81b85f38675bbb741544d4720fdaf2a91c583ef191d6d81f30e9ffa0', '15', '1', 'MyApp', '[]', '0', '2019-08-25 14:15:58', '2019-08-25 14:15:58', '2020-08-25 14:15:58');
INSERT INTO `oauth_access_tokens` VALUES ('fc6617b8f6e05946614305657330e4dcd45a8648361cacecf7ab9b843590424d033bbe2c50ea4bb3', '15', '1', 'MyApp', '[]', '0', '2019-08-26 16:33:00', '2019-08-26 16:33:00', '2020-08-26 16:33:00');
INSERT INTO `oauth_access_tokens` VALUES ('fc82e7fd6e11ea2496705c618a72ddd52975d8e54b169f3eb6983613661207b239c5a4380dd3f1a7', '29', '1', 'MyApp', '[]', '0', '2019-09-23 13:43:57', '2019-09-23 13:43:57', '2020-09-23 13:43:57');
INSERT INTO `oauth_access_tokens` VALUES ('fcb1b64f3ac6819a162f5840ed421ab30839ae866d682c1ac98022b7d900a688c8f11ce4da8e6daf', '109', '1', 'MyApp', '[]', '0', '2019-10-24 13:26:24', '2019-10-24 13:26:24', '2020-10-24 13:26:24');
INSERT INTO `oauth_access_tokens` VALUES ('fcc33e427c52a9669326acaf3d273607ac8dbdcd30338ed02ed7e4faefacddebe1147217b971afb2', '12', '1', 'MyApp', '[]', '0', '2019-06-25 15:16:54', '2019-06-25 15:16:54', '2020-06-25 15:16:54');
INSERT INTO `oauth_access_tokens` VALUES ('fce1b443316484f54aef9db0350560e6c48b1187aab619ceebb656b66d066922f0d7b32700f0c27e', null, '1', 'MyApp', '[]', '0', '2019-06-24 09:12:57', '2019-06-24 09:12:57', '2020-06-24 09:12:57');
INSERT INTO `oauth_access_tokens` VALUES ('fd0f5e66e030a6e7e3d3af6e08407221e61f4a909ea641e8f8c7504f88d4e535d9556e4fcd70fc8f', '15', '1', 'MyApp', '[]', '0', '2019-08-19 13:57:32', '2019-08-19 13:57:32', '2020-08-19 13:57:32');
INSERT INTO `oauth_access_tokens` VALUES ('fd46954287d36411edaf51736c84f1fa79331844fe7d2056a43872b75d58f86b0ed245f4fcb408f4', '128', '1', 'MyApp', '[]', '0', '2019-11-18 10:16:38', '2019-11-18 10:16:38', '2020-11-18 10:16:38');
INSERT INTO `oauth_access_tokens` VALUES ('fd5f4183ac39cf5d3bb145fd526d5787223bff1fb6e307263c37f43d83e9aabb4983ef58e4746822', '19', '1', 'MyApp', '[]', '0', '2019-09-05 12:18:08', '2019-09-05 12:18:08', '2020-09-05 12:18:08');
INSERT INTO `oauth_access_tokens` VALUES ('fdb3056b9a84e01067c64d7fb51b30b8f3d96997f7bd84a8b7be37be0aa44a4d720d40ad58b44748', '29', '1', 'MyApp', '[]', '0', '2019-09-10 12:02:57', '2019-09-10 12:02:57', '2020-09-10 12:02:57');
INSERT INTO `oauth_access_tokens` VALUES ('fdc9a2a9b18ba41901fd1a4bba56e0e8bd7735e4f6a369c0e3b0f4d6094ac48dc7fb804c92398716', '53', '1', 'MyApp', '[]', '0', '2019-08-25 13:35:25', '2019-08-25 13:35:25', '2020-08-25 13:35:25');
INSERT INTO `oauth_access_tokens` VALUES ('fde2c3d84c91c55ef2f9beae153c8507e0482471744863d344c7c953115fd4c2c2d7ed429f22a91b', '29', '1', 'MyApp', '[]', '0', '2019-08-27 15:24:09', '2019-08-27 15:24:09', '2020-08-27 15:24:09');
INSERT INTO `oauth_access_tokens` VALUES ('fdecdcc0d2a1bd0ac5b6eccc36a21bf9982bf744dc0a9a065c5f9aedb1d7ede7547ddb612e53f7c8', '19', '1', 'MyApp', '[]', '0', '2019-09-30 14:24:56', '2019-09-30 14:24:56', '2020-09-30 14:24:56');
INSERT INTO `oauth_access_tokens` VALUES ('fe16554751bab6454ab6e81b604ae815022b5dd05ad1f2d36cfaa4d5a8e46879c46a9d6d2af72ed8', '102', '1', 'MyApp', '[]', '0', '2019-10-22 09:22:29', '2019-10-22 09:22:29', '2020-10-22 09:22:29');
INSERT INTO `oauth_access_tokens` VALUES ('fe22a58e32a53778cbc3d8931fac56c339106a770d6d0e58e5285347d22c23caddc1b95d7b351d8f', '30', '1', 'MyApp', '[]', '0', '2019-09-18 08:58:59', '2019-09-18 08:58:59', '2020-09-18 08:58:59');
INSERT INTO `oauth_access_tokens` VALUES ('fe2c7eee8ba52e1622199aa3f8fd47bb577cc93c5ce4ddb445a02bf447588f0eae69d5a18e32c244', null, '1', 'MyApp', '[]', '0', '2019-06-24 09:24:13', '2019-06-24 09:24:13', '2020-06-24 09:24:13');
INSERT INTO `oauth_access_tokens` VALUES ('fe3de13ed7abcb78b1472f9484a62bf350945e5bf0aa81fd5fb56da6fed7eadb3ce2952b47f6ded4', '100', '1', 'MyApp', '[]', '0', '2019-09-25 13:08:45', '2019-09-25 13:08:45', '2020-09-25 13:08:45');
INSERT INTO `oauth_access_tokens` VALUES ('fe5a18863e55b15e65c4900550b0812e262d0d63054a91cfaeabdaef5eb052512c35c28241e85e00', '109', '1', 'MyApp', '[]', '0', '2019-10-29 13:17:53', '2019-10-29 13:17:53', '2020-10-29 13:17:53');
INSERT INTO `oauth_access_tokens` VALUES ('fec4bee9a78be0ea573a419887a84187218eba089befcd4a7d29d096013a56ef6d3a2249ae50e0df', '41', '1', 'MyApp', '[]', '0', '2019-08-08 15:34:59', '2019-08-08 15:34:59', '2020-08-08 15:34:59');
INSERT INTO `oauth_access_tokens` VALUES ('fed9e9bb08c8ff543b658f3e9cf089d1fcd5db9d0071102c086bc7b7c1ab10c9d39b5f1a5232fb41', '116', '1', 'MyApp', '[]', '0', '2019-10-24 23:52:54', '2019-10-24 23:52:54', '2020-10-24 23:52:54');
INSERT INTO `oauth_access_tokens` VALUES ('ff17268687aaaed564c7442f4dbdcf53c98f41ac55d86aebfcb91c233bc446ff63c24ec96401ea7a', '29', '1', 'MyApp', '[]', '0', '2019-09-16 10:17:38', '2019-09-16 10:17:38', '2020-09-16 10:17:38');
INSERT INTO `oauth_access_tokens` VALUES ('ff4e1908cb2d2e3fc909a29f724a5d1b1ffad3cb4d43142ea1a7d0f1499789ab5a3d26ac146689fc', '109', '1', 'MyApp', '[]', '0', '2019-10-23 13:54:34', '2019-10-23 13:54:34', '2020-10-23 13:54:34');
INSERT INTO `oauth_access_tokens` VALUES ('ff5ade9958374b94c7dc91248e6e64d552e5c5c40e238fa1687260ad839253169e67213ed736c166', '19', '1', 'MyApp', '[]', '0', '2019-08-26 14:45:08', '2019-08-26 14:45:08', '2020-08-26 14:45:08');
INSERT INTO `oauth_access_tokens` VALUES ('ff67da81f1e2628fb9b5f30cc14ef5596ab5fa4dcf4e4628461a9d2604a111a4ecd95654d7ea05b6', '15', '1', 'MyApp', '[]', '0', '2019-09-04 12:54:43', '2019-09-04 12:54:43', '2020-09-04 12:54:43');
INSERT INTO `oauth_access_tokens` VALUES ('ff8d6353b0f238cd066b2ab03dffe919e5f991494f84156c74bb792223ea16ac114660731b23f0a8', '5', '1', 'MyApp', '[]', '0', '2019-08-08 14:26:06', '2019-08-08 14:26:06', '2020-08-08 14:26:06');
INSERT INTO `oauth_access_tokens` VALUES ('ff91dcf1d3aedef121e5482c82f431524b632259d29b90cc2dbed54283fd964e6bb1491cfd87c657', '19', '1', 'MyApp', '[]', '0', '2019-09-29 14:46:11', '2019-09-29 14:46:11', '2020-09-29 14:46:11');
INSERT INTO `oauth_access_tokens` VALUES ('ffc305fd06e7e4bcdb2a784f66ea7c1e652a9be9fbdb0d0f226e1eeec3e1c3caba10d00a81774abc', '12', '1', 'MyApp', '[]', '0', '2019-06-12 08:59:30', '2019-06-12 08:59:30', '2020-06-12 08:59:30');
INSERT INTO `oauth_access_tokens` VALUES ('ffd53a76010510f77f6d2afd217a9c6ee1089d7bdc8dea570b6bb471e0ffb3a2c31de986214080d0', '29', '1', 'MyApp', '[]', '0', '2019-10-02 18:18:25', '2019-10-02 18:18:25', '2020-10-02 18:18:25');
INSERT INTO `oauth_access_tokens` VALUES ('ffe4ef575a2ead7ae21675cd224ee7180718c006441f6455db8441472f4c186fe008966a5777a794', '109', '1', 'MyApp', '[]', '0', '2019-11-20 11:21:24', '2019-11-20 11:21:24', '2020-11-20 11:21:24');
INSERT INTO `oauth_access_tokens` VALUES ('fff322ddb17be34aba9fec585dcbd8f738d34327cfc2267229fa3d36dc1dbb0b882a1d341706e872', '68', '1', 'MyApp', '[]', '0', '2019-09-24 15:00:24', '2019-09-24 15:00:24', '2020-09-24 15:00:24');

-- ----------------------------
-- Table structure for oauth_auth_codes
-- ----------------------------
DROP TABLE IF EXISTS `oauth_auth_codes`;
CREATE TABLE `oauth_auth_codes` (
  `id` varchar(100) COLLATE utf8mb4_unicode_ci NOT NULL,
  `user_id` int(11) NOT NULL,
  `client_id` int(10) unsigned NOT NULL,
  `scopes` text COLLATE utf8mb4_unicode_ci,
  `revoked` tinyint(1) NOT NULL,
  `expires_at` datetime DEFAULT NULL,
  PRIMARY KEY (`id`)
) ENGINE=InnoDB DEFAULT CHARSET=utf8mb4 COLLATE=utf8mb4_unicode_ci;

-- ----------------------------
-- Records of oauth_auth_codes
-- ----------------------------

-- ----------------------------
-- Table structure for oauth_clients
-- ----------------------------
DROP TABLE IF EXISTS `oauth_clients`;
CREATE TABLE `oauth_clients` (
  `id` int(10) unsigned NOT NULL AUTO_INCREMENT,
  `user_id` int(11) DEFAULT NULL,
  `name` varchar(191) COLLATE utf8mb4_unicode_ci NOT NULL,
  `secret` varchar(100) COLLATE utf8mb4_unicode_ci NOT NULL,
  `redirect` text COLLATE utf8mb4_unicode_ci NOT NULL,
  `personal_access_client` tinyint(1) NOT NULL,
  `password_client` tinyint(1) NOT NULL,
  `revoked` tinyint(1) NOT NULL,
  `created_at` timestamp NULL DEFAULT NULL,
  `updated_at` timestamp NULL DEFAULT NULL,
  PRIMARY KEY (`id`),
  KEY `oauth_clients_user_id_index` (`user_id`)
) ENGINE=InnoDB AUTO_INCREMENT=3 DEFAULT CHARSET=utf8mb4 COLLATE=utf8mb4_unicode_ci;

-- ----------------------------
-- Records of oauth_clients
-- ----------------------------
INSERT INTO `oauth_clients` VALUES ('1', null, 'Laravel Personal Access Client', 'MnIeFqsHFwDZIJH3wUfkA0Gu0q5UNHKYfojqy4Ml', 'http://localhost', '1', '0', '0', '2019-05-08 09:58:57', '2019-05-08 09:58:57');
INSERT INTO `oauth_clients` VALUES ('2', null, 'Laravel Password Grant Client', 'lyZ3LsZqyTwCX88sEKBg8wfuMR0KT02ALVdpVrf1', 'http://localhost', '0', '1', '0', '2019-05-08 09:58:57', '2019-05-08 09:58:57');

-- ----------------------------
-- Table structure for oauth_personal_access_clients
-- ----------------------------
DROP TABLE IF EXISTS `oauth_personal_access_clients`;
CREATE TABLE `oauth_personal_access_clients` (
  `id` int(10) unsigned NOT NULL AUTO_INCREMENT,
  `client_id` int(10) unsigned NOT NULL,
  `created_at` timestamp NULL DEFAULT NULL,
  `updated_at` timestamp NULL DEFAULT NULL,
  PRIMARY KEY (`id`),
  KEY `oauth_personal_access_clients_client_id_index` (`client_id`)
) ENGINE=InnoDB AUTO_INCREMENT=2 DEFAULT CHARSET=utf8mb4 COLLATE=utf8mb4_unicode_ci;

-- ----------------------------
-- Records of oauth_personal_access_clients
-- ----------------------------
INSERT INTO `oauth_personal_access_clients` VALUES ('1', '1', '2019-05-08 09:58:57', '2019-05-08 09:58:57');

-- ----------------------------
-- Table structure for oauth_refresh_tokens
-- ----------------------------
DROP TABLE IF EXISTS `oauth_refresh_tokens`;
CREATE TABLE `oauth_refresh_tokens` (
  `id` varchar(100) COLLATE utf8mb4_unicode_ci NOT NULL,
  `access_token_id` varchar(100) COLLATE utf8mb4_unicode_ci NOT NULL,
  `revoked` tinyint(1) NOT NULL,
  `expires_at` datetime DEFAULT NULL,
  PRIMARY KEY (`id`),
  KEY `oauth_refresh_tokens_access_token_id_index` (`access_token_id`)
) ENGINE=InnoDB DEFAULT CHARSET=utf8mb4 COLLATE=utf8mb4_unicode_ci;

-- ----------------------------
-- Records of oauth_refresh_tokens
-- ----------------------------

-- ----------------------------
-- Table structure for offers
-- ----------------------------
DROP TABLE IF EXISTS `offers`;
CREATE TABLE `offers` (
  `id` int(10) unsigned NOT NULL AUTO_INCREMENT,
  `title` varchar(255) COLLATE utf8mb4_unicode_ci DEFAULT NULL,
  `img` varchar(255) COLLATE utf8mb4_unicode_ci DEFAULT NULL,
  `storecat_id` int(11) DEFAULT NULL,
  `desc` longtext COLLATE utf8mb4_unicode_ci,
  `created_at` timestamp NULL DEFAULT NULL,
  `updated_at` timestamp NULL DEFAULT NULL,
  `deleted_at` timestamp NULL DEFAULT NULL,
  `exp_date` date DEFAULT NULL,
  `type` varchar(255) COLLATE utf8mb4_unicode_ci DEFAULT NULL,
  PRIMARY KEY (`id`)
) ENGINE=InnoDB AUTO_INCREMENT=5 DEFAULT CHARSET=utf8mb4 COLLATE=utf8mb4_unicode_ci;

-- ----------------------------
-- Records of offers
-- ----------------------------
INSERT INTO `offers` VALUES ('1', '20% Off', null, '1', '', '2019-10-29 16:43:46', '2019-10-31 15:27:22', '2019-10-31 15:27:22', '2019-10-10', null);
INSERT INTO `offers` VALUES ('2', '15', null, '1', '', '2019-10-30 15:36:46', '2019-10-31 15:27:22', '2019-10-31 15:27:22', '2019-11-10', null);
INSERT INTO `offers` VALUES ('3', '20% Off', 'offers\\October2019\\n4GNtbC5e5VJBhf1vT9M.jpg', '5', '20% off selected products in the bedroom section', '2019-10-31 16:51:00', '2019-10-31 16:54:02', null, '2020-01-25', 'Bedrooms');
INSERT INTO `offers` VALUES ('4', '10% Off', 'offers\\October2019\\0LZ0pNJP4I5TL1PWbqaQ.jpg', '5', '10% Off selected products in the dining room section', '2019-10-31 16:56:45', '2019-10-31 16:56:45', null, '2020-02-01', 'Dining Room');

-- ----------------------------
-- Table structure for options
-- ----------------------------
DROP TABLE IF EXISTS `options`;
CREATE TABLE `options` (
  `id` int(10) unsigned NOT NULL AUTO_INCREMENT,
  `name` varchar(255) COLLATE utf8mb4_unicode_ci DEFAULT NULL,
  `feature_id` int(11) DEFAULT NULL,
  `created_at` timestamp NULL DEFAULT NULL,
  `updated_at` timestamp NULL DEFAULT NULL,
  `deleted_at` timestamp NULL DEFAULT NULL,
  PRIMARY KEY (`id`)
) ENGINE=InnoDB AUTO_INCREMENT=7 DEFAULT CHARSET=utf8mb4 COLLATE=utf8mb4_unicode_ci;

-- ----------------------------
-- Records of options
-- ----------------------------
INSERT INTO `options` VALUES ('1', 'Yes', '2', '2019-05-14 12:06:23', '2019-05-14 12:06:23', null);
INSERT INTO `options` VALUES ('2', 'No', '2', '2019-05-14 12:06:31', '2019-05-14 12:06:31', null);
INSERT INTO `options` VALUES ('3', 'Furnished', '1', '2019-05-14 12:06:44', '2019-05-14 12:06:44', null);
INSERT INTO `options` VALUES ('4', 'Semi-furnished', '1', '2019-05-14 12:06:59', '2019-05-14 12:06:59', null);
INSERT INTO `options` VALUES ('5', 'Yes', '3', '2019-05-14 12:07:23', '2019-09-26 15:22:28', null);
INSERT INTO `options` VALUES ('6', 'No', '3', '2019-05-14 12:07:31', '2019-09-26 15:22:18', null);

-- ----------------------------
-- Table structure for packages
-- ----------------------------
DROP TABLE IF EXISTS `packages`;
CREATE TABLE `packages` (
  `id` int(10) unsigned NOT NULL AUTO_INCREMENT,
  `days` int(11) DEFAULT NULL,
  `price` int(11) DEFAULT NULL,
  `title` varchar(255) COLLATE utf8mb4_unicode_ci DEFAULT NULL,
  `desc` varchar(255) COLLATE utf8mb4_unicode_ci DEFAULT NULL,
  `is_featured` int(11) DEFAULT NULL,
  `created_at` timestamp NULL DEFAULT NULL,
  `updated_at` timestamp NULL DEFAULT NULL,
  `deleted_at` timestamp NULL DEFAULT NULL,
  `price_visible` varchar(255) COLLATE utf8mb4_unicode_ci DEFAULT '0',
  PRIMARY KEY (`id`)
) ENGINE=InnoDB AUTO_INCREMENT=5 DEFAULT CHARSET=utf8mb4 COLLATE=utf8mb4_unicode_ci;

-- ----------------------------
-- Records of packages
-- ----------------------------
INSERT INTO `packages` VALUES ('1', '7', '225', 'Featured ad for 7 days', 'Your ad will always stay among top four ads .', '1', '2019-05-16 08:13:58', '2019-05-16 08:13:58', null, '1');
INSERT INTO `packages` VALUES ('2', '7', '155', 'Bump up daily for 7 days', 'Bump up your ad autumatically once a day for 7 days', '0', '2019-05-16 08:15:44', '2019-05-16 08:15:44', null, '1');
INSERT INTO `packages` VALUES ('3', '90', '0', 'Basic package', 'You wont enjoy the premium features', '0', '2019-05-16 08:16:45', '2019-05-16 08:16:45', null, '1');
INSERT INTO `packages` VALUES ('4', '0', '0', 'Bussiness Package', 'Ask about our new offers & bundles for bussnissess and professionals', '0', '2019-05-16 08:17:58', '2019-05-16 08:17:58', null, '0');

-- ----------------------------
-- Table structure for packagetransactions
-- ----------------------------
DROP TABLE IF EXISTS `packagetransactions`;
CREATE TABLE `packagetransactions` (
  `id` int(10) unsigned NOT NULL AUTO_INCREMENT,
  `package_id` int(11) DEFAULT NULL,
  `lodge_id` int(11) DEFAULT NULL,
  `status_id` int(11) DEFAULT NULL,
  `start` date DEFAULT NULL,
  `end` date DEFAULT NULL,
  `remaining_days` int(11) DEFAULT NULL,
  `fort_id` int(11) DEFAULT NULL,
  `created_at` timestamp NULL DEFAULT NULL,
  `updated_at` timestamp NULL DEFAULT NULL,
  `deleted_at` timestamp NULL DEFAULT NULL,
  `note` varchar(255) COLLATE utf8mb4_unicode_ci DEFAULT NULL,
  PRIMARY KEY (`id`)
) ENGINE=InnoDB AUTO_INCREMENT=71 DEFAULT CHARSET=utf8mb4 COLLATE=utf8mb4_unicode_ci;

-- ----------------------------
-- Records of packagetransactions
-- ----------------------------
INSERT INTO `packagetransactions` VALUES ('1', '3', '1', '1', null, null, null, null, '2019-11-12 10:58:49', '2019-11-12 10:58:49', null, null);
INSERT INTO `packagetransactions` VALUES ('2', '3', '1', '2', '2019-11-12', '2020-01-11', '0', null, '2019-11-12 10:59:25', '2019-11-12 10:59:25', null, null);
INSERT INTO `packagetransactions` VALUES ('3', '3', '2', '1', null, null, null, null, '2019-11-12 11:24:04', '2019-11-12 11:24:04', null, null);
INSERT INTO `packagetransactions` VALUES ('4', '3', '3', '1', null, null, null, null, '2019-11-12 11:26:31', '2019-11-12 11:26:31', null, null);
INSERT INTO `packagetransactions` VALUES ('5', '3', '2', '2', '2019-11-12', '2020-01-11', '0', null, '2019-11-12 11:26:41', '2019-11-12 11:26:41', null, null);
INSERT INTO `packagetransactions` VALUES ('6', '3', '3', '2', '2019-11-12', '2020-01-11', '0', null, '2019-11-12 11:27:06', '2019-11-12 11:27:06', null, null);
INSERT INTO `packagetransactions` VALUES ('7', '3', '4', '1', null, null, null, null, '2019-11-12 12:17:25', '2019-11-12 12:17:25', null, null);
INSERT INTO `packagetransactions` VALUES ('8', '3', '4', '2', '2019-11-12', '2020-01-11', '0', null, '2019-11-12 12:17:54', '2019-11-12 12:17:54', null, null);
INSERT INTO `packagetransactions` VALUES ('9', '3', '5', '1', null, null, null, null, '2019-11-12 12:51:40', '2019-11-12 12:51:40', null, null);
INSERT INTO `packagetransactions` VALUES ('10', '3', '6', '1', null, null, null, null, '2019-11-12 13:33:05', '2019-11-12 13:33:05', null, null);
INSERT INTO `packagetransactions` VALUES ('11', '3', '7', '1', null, null, null, null, '2019-11-12 13:45:21', '2019-11-12 13:45:21', null, null);
INSERT INTO `packagetransactions` VALUES ('12', '3', '8', '1', null, null, null, null, '2019-11-12 14:00:54', '2019-11-12 14:00:54', null, null);
INSERT INTO `packagetransactions` VALUES ('13', '3', '8', '2', '2019-11-12', '2020-01-11', '0', null, '2019-11-12 14:09:35', '2019-11-12 14:09:35', null, null);
INSERT INTO `packagetransactions` VALUES ('14', '3', '9', '1', null, null, null, null, '2019-11-12 17:21:48', '2019-11-12 17:21:48', null, null);
INSERT INTO `packagetransactions` VALUES ('15', '3', '10', '1', null, null, null, null, '2019-11-12 17:23:53', '2019-11-12 17:23:53', null, null);
INSERT INTO `packagetransactions` VALUES ('16', '3', '11', '1', null, null, null, null, '2019-11-13 11:50:28', '2019-11-13 11:50:28', null, null);
INSERT INTO `packagetransactions` VALUES ('17', '3', '11', '2', '2019-11-13', '2020-01-12', '0', null, '2019-11-13 11:53:18', '2019-11-13 11:53:18', null, null);
INSERT INTO `packagetransactions` VALUES ('18', '3', '12', '1', null, null, null, null, '2019-11-13 14:39:14', '2019-11-13 14:39:14', null, null);
INSERT INTO `packagetransactions` VALUES ('19', '3', '13', '1', null, null, null, null, '2019-11-13 14:52:18', '2019-11-13 14:52:18', null, null);
INSERT INTO `packagetransactions` VALUES ('20', '3', '14', '1', null, null, null, null, '2019-11-13 15:18:28', '2019-11-13 15:18:28', null, null);
INSERT INTO `packagetransactions` VALUES ('21', '3', '15', '1', null, null, null, null, '2019-11-13 16:33:59', '2019-11-13 16:33:59', null, null);
INSERT INTO `packagetransactions` VALUES ('22', '3', '16', '1', null, null, null, null, '2019-11-13 17:29:08', '2019-11-13 17:29:08', null, null);
INSERT INTO `packagetransactions` VALUES ('23', '3', '17', '1', null, null, null, null, '2019-11-13 17:34:03', '2019-11-13 17:34:03', null, null);
INSERT INTO `packagetransactions` VALUES ('24', '3', '18', '1', null, null, null, null, '2019-11-13 17:35:26', '2019-11-13 17:35:26', null, null);
INSERT INTO `packagetransactions` VALUES ('25', '3', '18', '2', '2019-11-13', '2020-01-12', '0', null, '2019-11-13 17:35:41', '2019-11-13 17:35:41', null, null);
INSERT INTO `packagetransactions` VALUES ('26', '3', '19', '1', null, null, null, null, '2019-11-14 12:54:21', '2019-11-14 12:54:21', null, null);
INSERT INTO `packagetransactions` VALUES ('27', '3', '20', '1', null, null, null, null, '2019-11-14 13:02:41', '2019-11-14 13:02:41', null, null);
INSERT INTO `packagetransactions` VALUES ('28', '3', '8', '1', null, null, null, null, '2019-11-17 14:22:28', '2019-11-17 14:22:28', null, null);
INSERT INTO `packagetransactions` VALUES ('29', '3', '8', '2', '2019-11-17', '2020-01-16', '0', null, '2019-11-17 14:24:37', '2019-11-17 14:24:37', null, null);
INSERT INTO `packagetransactions` VALUES ('30', '3', '8', '1', null, null, null, null, '2019-11-17 14:41:10', '2019-11-17 14:41:10', null, null);
INSERT INTO `packagetransactions` VALUES ('31', '3', '8', '2', '2019-11-17', '2020-01-16', '0', null, '2019-11-17 14:42:04', '2019-11-17 14:42:04', null, null);
INSERT INTO `packagetransactions` VALUES ('32', '3', '8', '1', null, null, null, null, '2019-11-17 14:58:11', '2019-11-17 14:58:11', null, null);
INSERT INTO `packagetransactions` VALUES ('33', '3', '21', '1', null, null, null, null, '2019-11-17 16:01:41', '2019-11-17 16:01:41', null, null);
INSERT INTO `packagetransactions` VALUES ('34', '3', '8', '2', '2019-11-17', '2020-01-16', '0', null, '2019-11-17 16:01:54', '2019-11-17 16:01:54', null, null);
INSERT INTO `packagetransactions` VALUES ('35', '3', '21', '2', '2019-11-17', '2020-01-16', '0', null, '2019-11-17 16:02:09', '2019-11-17 16:02:09', null, null);
INSERT INTO `packagetransactions` VALUES ('36', '3', '22', '1', null, null, null, null, '2019-11-17 16:05:50', '2019-11-17 16:05:50', null, null);
INSERT INTO `packagetransactions` VALUES ('37', '3', '22', '2', '2019-11-17', '2020-01-16', '0', null, '2019-11-17 16:06:09', '2019-11-17 16:06:09', null, null);
INSERT INTO `packagetransactions` VALUES ('38', '3', '23', '1', null, null, null, null, '2019-11-17 16:25:23', '2019-11-17 16:25:23', null, null);
INSERT INTO `packagetransactions` VALUES ('39', '3', '23', '2', '2019-11-17', '2020-01-16', '0', null, '2019-11-17 16:25:39', '2019-11-17 16:25:39', null, null);
INSERT INTO `packagetransactions` VALUES ('40', '3', '24', '1', null, null, null, null, '2019-11-17 16:38:03', '2019-11-17 16:38:03', null, null);
INSERT INTO `packagetransactions` VALUES ('41', '3', '25', '1', null, null, null, null, '2019-11-17 17:13:04', '2019-11-17 17:13:04', null, null);
INSERT INTO `packagetransactions` VALUES ('42', '3', '25', '2', '2019-11-17', '2020-01-16', '0', null, '2019-11-17 17:13:22', '2019-11-17 17:13:22', null, null);
INSERT INTO `packagetransactions` VALUES ('43', '3', '26', '1', null, null, null, null, '2019-11-18 10:28:39', '2019-11-18 10:28:39', null, null);
INSERT INTO `packagetransactions` VALUES ('44', '3', '26', '2', '2019-11-18', '2020-01-17', '0', null, '2019-11-18 10:29:04', '2019-11-18 10:29:04', null, null);
INSERT INTO `packagetransactions` VALUES ('45', '3', '27', '1', null, null, null, null, '2019-11-18 10:38:31', '2019-11-18 10:38:31', null, null);
INSERT INTO `packagetransactions` VALUES ('46', '3', '1', '1', null, null, null, null, '2019-11-18 10:59:44', '2019-11-18 10:59:44', null, null);
INSERT INTO `packagetransactions` VALUES ('47', '3', '28', '1', null, null, null, null, '2019-11-18 16:03:08', '2019-11-18 16:03:08', null, null);
INSERT INTO `packagetransactions` VALUES ('48', '3', '29', '1', null, null, null, null, '2019-11-18 16:41:31', '2019-11-18 16:41:31', null, null);
INSERT INTO `packagetransactions` VALUES ('49', '3', '30', '1', null, null, null, null, '2019-11-18 16:48:48', '2019-11-18 16:48:48', null, null);
INSERT INTO `packagetransactions` VALUES ('50', '3', '31', '1', null, null, null, null, '2019-11-18 16:55:52', '2019-11-18 16:55:52', null, null);
INSERT INTO `packagetransactions` VALUES ('51', '3', '2', '5', null, null, null, null, '2019-11-19 17:21:20', '2019-11-19 17:21:20', null, 'Sold');
INSERT INTO `packagetransactions` VALUES ('52', '3', '32', '1', null, null, null, null, '2019-11-20 12:58:17', '2019-11-20 12:58:17', null, null);
INSERT INTO `packagetransactions` VALUES ('53', '3', '5', '2', '2019-11-20', '2020-01-19', '0', null, '2019-11-20 16:25:08', '2019-11-20 16:25:08', null, null);
INSERT INTO `packagetransactions` VALUES ('54', '3', '32', '2', '2019-11-20', '2020-01-19', '0', null, '2019-11-20 16:25:44', '2019-11-20 16:25:44', null, null);
INSERT INTO `packagetransactions` VALUES ('55', '3', '6', '2', '2019-11-20', '2020-01-19', '0', null, '2019-11-20 16:26:35', '2019-11-20 16:26:35', null, null);
INSERT INTO `packagetransactions` VALUES ('56', '3', '14', '2', '2019-11-20', '2020-01-19', '0', null, '2019-11-20 16:27:25', '2019-11-20 16:27:25', null, null);
INSERT INTO `packagetransactions` VALUES ('57', '3', '13', '2', '2019-11-20', '2020-01-19', '0', null, '2019-11-20 16:27:55', '2019-11-20 16:27:55', null, null);
INSERT INTO `packagetransactions` VALUES ('58', '3', '33', '1', null, null, null, null, '2019-11-21 11:18:18', '2019-11-21 11:18:18', null, null);
INSERT INTO `packagetransactions` VALUES ('59', '3', '33', '2', '2019-11-21', '2020-01-20', '0', null, '2019-11-21 11:24:37', '2019-11-21 11:24:37', null, null);
INSERT INTO `packagetransactions` VALUES ('60', '3', '33', '1', null, null, null, null, '2019-11-21 11:28:25', '2019-11-21 11:28:25', null, null);
INSERT INTO `packagetransactions` VALUES ('61', '3', '34', '1', null, null, null, null, '2019-11-21 12:37:15', '2019-11-21 12:37:15', null, null);
INSERT INTO `packagetransactions` VALUES ('62', '3', '35', '1', null, null, null, null, '2019-11-21 12:39:25', '2019-11-21 12:39:25', null, null);
INSERT INTO `packagetransactions` VALUES ('63', '3', '36', '1', null, null, null, null, '2019-11-21 13:00:26', '2019-11-21 13:00:26', null, null);
INSERT INTO `packagetransactions` VALUES ('64', '3', '37', '1', null, null, null, null, '2019-11-21 13:02:10', '2019-11-21 13:02:10', null, null);
INSERT INTO `packagetransactions` VALUES ('65', '3', '38', '1', null, null, null, null, '2019-11-21 13:03:21', '2019-11-21 13:03:21', null, null);
INSERT INTO `packagetransactions` VALUES ('66', '3', '39', '1', null, null, null, null, '2019-11-21 13:40:49', '2019-11-21 13:40:49', null, null);
INSERT INTO `packagetransactions` VALUES ('67', '3', '40', '1', null, null, null, null, '2019-11-24 12:44:50', '2019-11-24 12:44:50', null, null);
INSERT INTO `packagetransactions` VALUES ('68', '3', '41', '1', null, null, null, null, '2019-11-24 13:22:39', '2019-11-24 13:22:39', null, null);
INSERT INTO `packagetransactions` VALUES ('69', '3', '42', '1', null, null, null, null, '2019-11-24 13:50:54', '2019-11-24 13:50:54', null, null);
INSERT INTO `packagetransactions` VALUES ('70', '3', '43', '1', null, null, null, null, '2019-11-24 15:25:40', '2019-11-24 15:25:40', null, null);

-- ----------------------------
-- Table structure for pages
-- ----------------------------
DROP TABLE IF EXISTS `pages`;
CREATE TABLE `pages` (
  `id` int(10) unsigned NOT NULL AUTO_INCREMENT,
  `author_id` int(11) NOT NULL,
  `title` varchar(191) COLLATE utf8mb4_unicode_ci NOT NULL,
  `excerpt` text COLLATE utf8mb4_unicode_ci,
  `body` text COLLATE utf8mb4_unicode_ci,
  `image` varchar(191) COLLATE utf8mb4_unicode_ci DEFAULT NULL,
  `slug` varchar(191) COLLATE utf8mb4_unicode_ci NOT NULL,
  `meta_description` text COLLATE utf8mb4_unicode_ci,
  `meta_keywords` text COLLATE utf8mb4_unicode_ci,
  `status` enum('ACTIVE','INACTIVE') COLLATE utf8mb4_unicode_ci NOT NULL DEFAULT 'INACTIVE',
  `created_at` timestamp NULL DEFAULT NULL,
  `updated_at` timestamp NULL DEFAULT NULL,
  PRIMARY KEY (`id`),
  UNIQUE KEY `pages_slug_unique` (`slug`)
) ENGINE=InnoDB AUTO_INCREMENT=2 DEFAULT CHARSET=utf8mb4 COLLATE=utf8mb4_unicode_ci;

-- ----------------------------
-- Records of pages
-- ----------------------------
INSERT INTO `pages` VALUES ('1', '0', 'Hello World', 'Hang the jib grog grog blossom grapple dance the hempen jig gangway pressgang bilge rat to go on account lugger. Nelsons folly gabion line draught scallywag fire ship gaff fluke fathom case shot. Sea Legs bilge rat sloop matey gabion long clothes run a shot across the bow Gold Road cog league.', '<p>Hello World. Scallywag grog swab Cat o\'nine tails scuttle rigging hardtack cable nipper Yellow Jack. Handsomely spirits knave lad killick landlubber or just lubber deadlights chantey pinnace crack Jennys tea cup. Provost long clothes black spot Yellow Jack bilged on her anchor league lateen sail case shot lee tackle.</p>\n<p>Ballast spirits fluke topmast me quarterdeck schooner landlubber or just lubber gabion belaying pin. Pinnace stern galleon starboard warp carouser to go on account dance the hempen jig jolly boat measured fer yer chains. Man-of-war fire in the hole nipperkin handsomely doubloon barkadeer Brethren of the Coast gibbet driver squiffy.</p>', 'pages/page1.jpg', 'hello-world', 'Yar Meta Description', 'Keyword1, Keyword2', 'ACTIVE', '2019-05-08 10:50:19', '2019-05-08 10:50:19');

-- ----------------------------
-- Table structure for password_resets
-- ----------------------------
DROP TABLE IF EXISTS `password_resets`;
CREATE TABLE `password_resets` (
  `email` varchar(191) COLLATE utf8mb4_unicode_ci NOT NULL,
  `token` varchar(191) COLLATE utf8mb4_unicode_ci NOT NULL,
  `created_at` timestamp NULL DEFAULT NULL,
  `updated_at` timestamp NULL DEFAULT NULL,
  `id` int(11) NOT NULL AUTO_INCREMENT,
  PRIMARY KEY (`id`),
  KEY `password_resets_email_index` (`email`)
) ENGINE=InnoDB AUTO_INCREMENT=10 DEFAULT CHARSET=utf8mb4 COLLATE=utf8mb4_unicode_ci;

-- ----------------------------
-- Records of password_resets
-- ----------------------------
INSERT INTO `password_resets` VALUES ('m-g-edition@hotmail.com', 'rPiLnFMv55B0GgFC6FfVRbtkMrZyQmJ8TRggrm9X9xBTIp9YEB9BzzWsJgsE', '2019-10-26 14:53:41', '2019-10-26 14:53:41', '2');
INSERT INTO `password_resets` VALUES ('alaamaher@innovitics.com', 'qXogZqpBs4g6Qa90Fe17Or2LheoeMDJaPLUVpH82uO80WGDXUtwdSk70Pxa0', '2019-10-27 13:35:25', '2019-11-04 11:48:41', '4');
INSERT INTO `password_resets` VALUES ('han_gad_89@hotmail.com', 't83MKTkDLLm7FH1ZqnVnmDl9skhw18SMb1LEkREQnoCdfnGdk33oDhCavbo3', '2019-10-30 12:03:56', '2019-11-06 16:59:07', '7');
INSERT INTO `password_resets` VALUES ('han_gad_89@yahoo.com', 'QojWAzhopvhrXSW7fbfSCRt0ykxkVt4moPA0BMxcJYEBv0ePAV1j2lgjSMSy', '2019-11-04 18:07:00', '2019-11-04 18:07:53', '8');
INSERT INTO `password_resets` VALUES ('test@test.com', 'IZNBjgpzhi4ahQpGgEBu5ebYfp04ODOzHHxJ1LiH0aWYMmq4MCEcntzICrH1', '2019-11-21 15:19:43', '2019-11-21 15:19:43', '9');

-- ----------------------------
-- Table structure for periods
-- ----------------------------
DROP TABLE IF EXISTS `periods`;
CREATE TABLE `periods` (
  `id` int(10) unsigned NOT NULL AUTO_INCREMENT,
  `name` varchar(255) COLLATE utf8mb4_unicode_ci DEFAULT NULL,
  `eq_days` int(11) DEFAULT NULL,
  `created_at` timestamp NULL DEFAULT NULL,
  `updated_at` timestamp NULL DEFAULT NULL,
  `deleted_at` timestamp NULL DEFAULT NULL,
  PRIMARY KEY (`id`)
) ENGINE=InnoDB AUTO_INCREMENT=5 DEFAULT CHARSET=utf8mb4 COLLATE=utf8mb4_unicode_ci;

-- ----------------------------
-- Records of periods
-- ----------------------------
INSERT INTO `periods` VALUES ('1', 'Day', '1', '2019-05-14 13:18:30', '2019-05-14 13:18:30', null);
INSERT INTO `periods` VALUES ('2', 'Week', '7', '2019-05-14 13:18:38', '2019-05-14 13:18:38', null);
INSERT INTO `periods` VALUES ('3', 'Month', '30', '2019-05-14 13:18:55', '2019-05-14 13:18:55', null);
INSERT INTO `periods` VALUES ('4', 'Year', '365', '2019-05-14 13:19:10', '2019-05-14 13:19:10', null);

-- ----------------------------
-- Table structure for permission_role
-- ----------------------------
DROP TABLE IF EXISTS `permission_role`;
CREATE TABLE `permission_role` (
  `permission_id` bigint(20) unsigned NOT NULL,
  `role_id` bigint(20) unsigned NOT NULL,
  PRIMARY KEY (`permission_id`,`role_id`),
  KEY `permission_role_permission_id_index` (`permission_id`),
  KEY `permission_role_role_id_index` (`role_id`),
  CONSTRAINT `permission_role_permission_id_foreign` FOREIGN KEY (`permission_id`) REFERENCES `permissions` (`id`) ON DELETE CASCADE,
  CONSTRAINT `permission_role_role_id_foreign` FOREIGN KEY (`role_id`) REFERENCES `roles` (`id`) ON DELETE CASCADE
) ENGINE=InnoDB DEFAULT CHARSET=utf8mb4 COLLATE=utf8mb4_unicode_ci;

-- ----------------------------
-- Records of permission_role
-- ----------------------------
INSERT INTO `permission_role` VALUES ('1', '1');
INSERT INTO `permission_role` VALUES ('1', '3');
INSERT INTO `permission_role` VALUES ('2', '1');
INSERT INTO `permission_role` VALUES ('3', '1');
INSERT INTO `permission_role` VALUES ('4', '1');
INSERT INTO `permission_role` VALUES ('5', '1');
INSERT INTO `permission_role` VALUES ('6', '1');
INSERT INTO `permission_role` VALUES ('7', '1');
INSERT INTO `permission_role` VALUES ('8', '1');
INSERT INTO `permission_role` VALUES ('9', '1');
INSERT INTO `permission_role` VALUES ('10', '1');
INSERT INTO `permission_role` VALUES ('11', '1');
INSERT INTO `permission_role` VALUES ('12', '1');
INSERT INTO `permission_role` VALUES ('13', '1');
INSERT INTO `permission_role` VALUES ('14', '1');
INSERT INTO `permission_role` VALUES ('15', '1');
INSERT INTO `permission_role` VALUES ('16', '1');
INSERT INTO `permission_role` VALUES ('16', '3');
INSERT INTO `permission_role` VALUES ('17', '1');
INSERT INTO `permission_role` VALUES ('18', '1');
INSERT INTO `permission_role` VALUES ('19', '1');
INSERT INTO `permission_role` VALUES ('20', '1');
INSERT INTO `permission_role` VALUES ('21', '1');
INSERT INTO `permission_role` VALUES ('22', '1');
INSERT INTO `permission_role` VALUES ('23', '1');
INSERT INTO `permission_role` VALUES ('24', '1');
INSERT INTO `permission_role` VALUES ('25', '1');
INSERT INTO `permission_role` VALUES ('26', '1');
INSERT INTO `permission_role` VALUES ('27', '1');
INSERT INTO `permission_role` VALUES ('28', '1');
INSERT INTO `permission_role` VALUES ('29', '1');
INSERT INTO `permission_role` VALUES ('30', '1');
INSERT INTO `permission_role` VALUES ('31', '1');
INSERT INTO `permission_role` VALUES ('32', '1');
INSERT INTO `permission_role` VALUES ('33', '1');
INSERT INTO `permission_role` VALUES ('34', '1');
INSERT INTO `permission_role` VALUES ('35', '1');
INSERT INTO `permission_role` VALUES ('36', '1');
INSERT INTO `permission_role` VALUES ('37', '1');
INSERT INTO `permission_role` VALUES ('38', '1');
INSERT INTO `permission_role` VALUES ('39', '1');
INSERT INTO `permission_role` VALUES ('40', '1');
INSERT INTO `permission_role` VALUES ('42', '1');
INSERT INTO `permission_role` VALUES ('42', '3');
INSERT INTO `permission_role` VALUES ('43', '1');
INSERT INTO `permission_role` VALUES ('43', '3');
INSERT INTO `permission_role` VALUES ('44', '1');
INSERT INTO `permission_role` VALUES ('44', '3');
INSERT INTO `permission_role` VALUES ('45', '1');
INSERT INTO `permission_role` VALUES ('45', '3');
INSERT INTO `permission_role` VALUES ('46', '1');
INSERT INTO `permission_role` VALUES ('47', '1');
INSERT INTO `permission_role` VALUES ('47', '3');
INSERT INTO `permission_role` VALUES ('48', '1');
INSERT INTO `permission_role` VALUES ('48', '3');
INSERT INTO `permission_role` VALUES ('49', '1');
INSERT INTO `permission_role` VALUES ('49', '3');
INSERT INTO `permission_role` VALUES ('50', '1');
INSERT INTO `permission_role` VALUES ('50', '3');
INSERT INTO `permission_role` VALUES ('51', '1');
INSERT INTO `permission_role` VALUES ('52', '1');
INSERT INTO `permission_role` VALUES ('53', '1');
INSERT INTO `permission_role` VALUES ('54', '1');
INSERT INTO `permission_role` VALUES ('55', '1');
INSERT INTO `permission_role` VALUES ('56', '1');
INSERT INTO `permission_role` VALUES ('57', '1');
INSERT INTO `permission_role` VALUES ('57', '3');
INSERT INTO `permission_role` VALUES ('58', '1');
INSERT INTO `permission_role` VALUES ('58', '3');
INSERT INTO `permission_role` VALUES ('59', '1');
INSERT INTO `permission_role` VALUES ('59', '3');
INSERT INTO `permission_role` VALUES ('60', '1');
INSERT INTO `permission_role` VALUES ('60', '3');
INSERT INTO `permission_role` VALUES ('61', '1');
INSERT INTO `permission_role` VALUES ('62', '1');
INSERT INTO `permission_role` VALUES ('63', '1');
INSERT INTO `permission_role` VALUES ('64', '1');
INSERT INTO `permission_role` VALUES ('65', '1');
INSERT INTO `permission_role` VALUES ('66', '1');
INSERT INTO `permission_role` VALUES ('67', '1');
INSERT INTO `permission_role` VALUES ('67', '3');
INSERT INTO `permission_role` VALUES ('68', '1');
INSERT INTO `permission_role` VALUES ('68', '3');
INSERT INTO `permission_role` VALUES ('69', '1');
INSERT INTO `permission_role` VALUES ('69', '3');
INSERT INTO `permission_role` VALUES ('70', '1');
INSERT INTO `permission_role` VALUES ('70', '3');
INSERT INTO `permission_role` VALUES ('71', '1');
INSERT INTO `permission_role` VALUES ('72', '1');
INSERT INTO `permission_role` VALUES ('72', '3');
INSERT INTO `permission_role` VALUES ('73', '1');
INSERT INTO `permission_role` VALUES ('73', '3');
INSERT INTO `permission_role` VALUES ('74', '1');
INSERT INTO `permission_role` VALUES ('74', '3');
INSERT INTO `permission_role` VALUES ('75', '1');
INSERT INTO `permission_role` VALUES ('75', '3');
INSERT INTO `permission_role` VALUES ('76', '1');
INSERT INTO `permission_role` VALUES ('77', '1');
INSERT INTO `permission_role` VALUES ('77', '3');
INSERT INTO `permission_role` VALUES ('78', '1');
INSERT INTO `permission_role` VALUES ('78', '3');
INSERT INTO `permission_role` VALUES ('79', '1');
INSERT INTO `permission_role` VALUES ('79', '3');
INSERT INTO `permission_role` VALUES ('80', '1');
INSERT INTO `permission_role` VALUES ('80', '3');
INSERT INTO `permission_role` VALUES ('81', '1');
INSERT INTO `permission_role` VALUES ('82', '1');
INSERT INTO `permission_role` VALUES ('83', '1');
INSERT INTO `permission_role` VALUES ('84', '1');
INSERT INTO `permission_role` VALUES ('85', '1');
INSERT INTO `permission_role` VALUES ('86', '1');
INSERT INTO `permission_role` VALUES ('87', '1');
INSERT INTO `permission_role` VALUES ('87', '3');
INSERT INTO `permission_role` VALUES ('88', '1');
INSERT INTO `permission_role` VALUES ('89', '1');
INSERT INTO `permission_role` VALUES ('90', '1');
INSERT INTO `permission_role` VALUES ('91', '1');
INSERT INTO `permission_role` VALUES ('92', '1');
INSERT INTO `permission_role` VALUES ('92', '3');
INSERT INTO `permission_role` VALUES ('93', '1');
INSERT INTO `permission_role` VALUES ('93', '3');
INSERT INTO `permission_role` VALUES ('94', '1');
INSERT INTO `permission_role` VALUES ('94', '3');
INSERT INTO `permission_role` VALUES ('95', '1');
INSERT INTO `permission_role` VALUES ('95', '3');
INSERT INTO `permission_role` VALUES ('96', '1');
INSERT INTO `permission_role` VALUES ('97', '1');
INSERT INTO `permission_role` VALUES ('97', '3');
INSERT INTO `permission_role` VALUES ('98', '1');
INSERT INTO `permission_role` VALUES ('98', '3');
INSERT INTO `permission_role` VALUES ('99', '1');
INSERT INTO `permission_role` VALUES ('100', '1');
INSERT INTO `permission_role` VALUES ('101', '1');
INSERT INTO `permission_role` VALUES ('102', '1');
INSERT INTO `permission_role` VALUES ('102', '3');
INSERT INTO `permission_role` VALUES ('103', '1');
INSERT INTO `permission_role` VALUES ('103', '3');
INSERT INTO `permission_role` VALUES ('104', '1');
INSERT INTO `permission_role` VALUES ('105', '1');
INSERT INTO `permission_role` VALUES ('106', '1');
INSERT INTO `permission_role` VALUES ('107', '1');
INSERT INTO `permission_role` VALUES ('107', '3');
INSERT INTO `permission_role` VALUES ('108', '1');
INSERT INTO `permission_role` VALUES ('108', '3');
INSERT INTO `permission_role` VALUES ('109', '1');
INSERT INTO `permission_role` VALUES ('109', '3');
INSERT INTO `permission_role` VALUES ('110', '1');
INSERT INTO `permission_role` VALUES ('110', '3');
INSERT INTO `permission_role` VALUES ('111', '1');
INSERT INTO `permission_role` VALUES ('112', '1');
INSERT INTO `permission_role` VALUES ('113', '1');
INSERT INTO `permission_role` VALUES ('114', '1');
INSERT INTO `permission_role` VALUES ('115', '1');
INSERT INTO `permission_role` VALUES ('116', '1');
INSERT INTO `permission_role` VALUES ('117', '1');
INSERT INTO `permission_role` VALUES ('118', '1');
INSERT INTO `permission_role` VALUES ('119', '1');
INSERT INTO `permission_role` VALUES ('120', '1');
INSERT INTO `permission_role` VALUES ('121', '1');
INSERT INTO `permission_role` VALUES ('122', '1');
INSERT INTO `permission_role` VALUES ('123', '1');
INSERT INTO `permission_role` VALUES ('124', '1');
INSERT INTO `permission_role` VALUES ('125', '1');
INSERT INTO `permission_role` VALUES ('126', '1');
INSERT INTO `permission_role` VALUES ('127', '1');
INSERT INTO `permission_role` VALUES ('128', '1');
INSERT INTO `permission_role` VALUES ('129', '1');
INSERT INTO `permission_role` VALUES ('130', '1');
INSERT INTO `permission_role` VALUES ('131', '1');
INSERT INTO `permission_role` VALUES ('132', '1');
INSERT INTO `permission_role` VALUES ('133', '1');
INSERT INTO `permission_role` VALUES ('134', '1');
INSERT INTO `permission_role` VALUES ('135', '1');
INSERT INTO `permission_role` VALUES ('136', '1');
INSERT INTO `permission_role` VALUES ('137', '1');
INSERT INTO `permission_role` VALUES ('137', '3');
INSERT INTO `permission_role` VALUES ('138', '1');
INSERT INTO `permission_role` VALUES ('138', '3');
INSERT INTO `permission_role` VALUES ('139', '1');
INSERT INTO `permission_role` VALUES ('139', '3');
INSERT INTO `permission_role` VALUES ('140', '1');
INSERT INTO `permission_role` VALUES ('140', '3');
INSERT INTO `permission_role` VALUES ('141', '1');
INSERT INTO `permission_role` VALUES ('141', '3');
INSERT INTO `permission_role` VALUES ('142', '1');
INSERT INTO `permission_role` VALUES ('142', '3');
INSERT INTO `permission_role` VALUES ('143', '1');
INSERT INTO `permission_role` VALUES ('143', '3');
INSERT INTO `permission_role` VALUES ('144', '1');
INSERT INTO `permission_role` VALUES ('144', '3');
INSERT INTO `permission_role` VALUES ('145', '1');
INSERT INTO `permission_role` VALUES ('145', '3');
INSERT INTO `permission_role` VALUES ('146', '1');
INSERT INTO `permission_role` VALUES ('147', '1');
INSERT INTO `permission_role` VALUES ('147', '3');
INSERT INTO `permission_role` VALUES ('148', '1');
INSERT INTO `permission_role` VALUES ('148', '3');
INSERT INTO `permission_role` VALUES ('149', '1');
INSERT INTO `permission_role` VALUES ('149', '3');
INSERT INTO `permission_role` VALUES ('150', '1');
INSERT INTO `permission_role` VALUES ('150', '3');
INSERT INTO `permission_role` VALUES ('151', '1');
INSERT INTO `permission_role` VALUES ('151', '3');
INSERT INTO `permission_role` VALUES ('152', '1');
INSERT INTO `permission_role` VALUES ('153', '1');
INSERT INTO `permission_role` VALUES ('154', '1');
INSERT INTO `permission_role` VALUES ('155', '1');
INSERT INTO `permission_role` VALUES ('156', '1');
INSERT INTO `permission_role` VALUES ('157', '1');
INSERT INTO `permission_role` VALUES ('158', '1');
INSERT INTO `permission_role` VALUES ('159', '1');
INSERT INTO `permission_role` VALUES ('160', '1');
INSERT INTO `permission_role` VALUES ('161', '1');
INSERT INTO `permission_role` VALUES ('162', '1');
INSERT INTO `permission_role` VALUES ('163', '1');
INSERT INTO `permission_role` VALUES ('164', '1');
INSERT INTO `permission_role` VALUES ('165', '1');
INSERT INTO `permission_role` VALUES ('166', '1');
INSERT INTO `permission_role` VALUES ('167', '1');
INSERT INTO `permission_role` VALUES ('168', '1');
INSERT INTO `permission_role` VALUES ('169', '1');
INSERT INTO `permission_role` VALUES ('170', '1');
INSERT INTO `permission_role` VALUES ('171', '1');
INSERT INTO `permission_role` VALUES ('172', '1');
INSERT INTO `permission_role` VALUES ('173', '1');
INSERT INTO `permission_role` VALUES ('174', '1');
INSERT INTO `permission_role` VALUES ('175', '1');
INSERT INTO `permission_role` VALUES ('176', '1');
INSERT INTO `permission_role` VALUES ('177', '1');
INSERT INTO `permission_role` VALUES ('178', '1');
INSERT INTO `permission_role` VALUES ('179', '1');
INSERT INTO `permission_role` VALUES ('180', '1');
INSERT INTO `permission_role` VALUES ('181', '1');

-- ----------------------------
-- Table structure for permissions
-- ----------------------------
DROP TABLE IF EXISTS `permissions`;
CREATE TABLE `permissions` (
  `id` bigint(20) unsigned NOT NULL AUTO_INCREMENT,
  `key` varchar(191) COLLATE utf8mb4_unicode_ci NOT NULL,
  `table_name` varchar(191) COLLATE utf8mb4_unicode_ci DEFAULT NULL,
  `created_at` timestamp NULL DEFAULT NULL,
  `updated_at` timestamp NULL DEFAULT NULL,
  PRIMARY KEY (`id`),
  KEY `permissions_key_index` (`key`)
) ENGINE=InnoDB AUTO_INCREMENT=182 DEFAULT CHARSET=utf8mb4 COLLATE=utf8mb4_unicode_ci;

-- ----------------------------
-- Records of permissions
-- ----------------------------
INSERT INTO `permissions` VALUES ('1', 'browse_admin', null, '2019-05-08 10:50:00', '2019-05-08 10:50:00');
INSERT INTO `permissions` VALUES ('2', 'browse_bread', null, '2019-05-08 10:50:00', '2019-05-08 10:50:00');
INSERT INTO `permissions` VALUES ('3', 'browse_database', null, '2019-05-08 10:50:01', '2019-05-08 10:50:01');
INSERT INTO `permissions` VALUES ('4', 'browse_media', null, '2019-05-08 10:50:01', '2019-05-08 10:50:01');
INSERT INTO `permissions` VALUES ('5', 'browse_compass', null, '2019-05-08 10:50:01', '2019-05-08 10:50:01');
INSERT INTO `permissions` VALUES ('6', 'browse_menus', 'menus', '2019-05-08 10:50:01', '2019-05-08 10:50:01');
INSERT INTO `permissions` VALUES ('7', 'read_menus', 'menus', '2019-05-08 10:50:01', '2019-05-08 10:50:01');
INSERT INTO `permissions` VALUES ('8', 'edit_menus', 'menus', '2019-05-08 10:50:01', '2019-05-08 10:50:01');
INSERT INTO `permissions` VALUES ('9', 'add_menus', 'menus', '2019-05-08 10:50:01', '2019-05-08 10:50:01');
INSERT INTO `permissions` VALUES ('10', 'delete_menus', 'menus', '2019-05-08 10:50:01', '2019-05-08 10:50:01');
INSERT INTO `permissions` VALUES ('11', 'browse_roles', 'roles', '2019-05-08 10:50:01', '2019-05-08 10:50:01');
INSERT INTO `permissions` VALUES ('12', 'read_roles', 'roles', '2019-05-08 10:50:01', '2019-05-08 10:50:01');
INSERT INTO `permissions` VALUES ('13', 'edit_roles', 'roles', '2019-05-08 10:50:01', '2019-05-08 10:50:01');
INSERT INTO `permissions` VALUES ('14', 'add_roles', 'roles', '2019-05-08 10:50:01', '2019-05-08 10:50:01');
INSERT INTO `permissions` VALUES ('15', 'delete_roles', 'roles', '2019-05-08 10:50:01', '2019-05-08 10:50:01');
INSERT INTO `permissions` VALUES ('16', 'browse_users', 'users', '2019-05-08 10:50:01', '2019-05-08 10:50:01');
INSERT INTO `permissions` VALUES ('17', 'read_users', 'users', '2019-05-08 10:50:01', '2019-05-08 10:50:01');
INSERT INTO `permissions` VALUES ('18', 'edit_users', 'users', '2019-05-08 10:50:01', '2019-05-08 10:50:01');
INSERT INTO `permissions` VALUES ('19', 'add_users', 'users', '2019-05-08 10:50:01', '2019-05-08 10:50:01');
INSERT INTO `permissions` VALUES ('20', 'delete_users', 'users', '2019-05-08 10:50:01', '2019-05-08 10:50:01');
INSERT INTO `permissions` VALUES ('21', 'browse_settings', 'settings', '2019-05-08 10:50:01', '2019-05-08 10:50:01');
INSERT INTO `permissions` VALUES ('22', 'read_settings', 'settings', '2019-05-08 10:50:02', '2019-05-08 10:50:02');
INSERT INTO `permissions` VALUES ('23', 'edit_settings', 'settings', '2019-05-08 10:50:02', '2019-05-08 10:50:02');
INSERT INTO `permissions` VALUES ('24', 'add_settings', 'settings', '2019-05-08 10:50:02', '2019-05-08 10:50:02');
INSERT INTO `permissions` VALUES ('25', 'delete_settings', 'settings', '2019-05-08 10:50:02', '2019-05-08 10:50:02');
INSERT INTO `permissions` VALUES ('26', 'browse_categories', 'categories', '2019-05-08 10:50:12', '2019-05-08 10:50:12');
INSERT INTO `permissions` VALUES ('27', 'read_categories', 'categories', '2019-05-08 10:50:12', '2019-05-08 10:50:12');
INSERT INTO `permissions` VALUES ('28', 'edit_categories', 'categories', '2019-05-08 10:50:12', '2019-05-08 10:50:12');
INSERT INTO `permissions` VALUES ('29', 'add_categories', 'categories', '2019-05-08 10:50:12', '2019-05-08 10:50:12');
INSERT INTO `permissions` VALUES ('30', 'delete_categories', 'categories', '2019-05-08 10:50:13', '2019-05-08 10:50:13');
INSERT INTO `permissions` VALUES ('31', 'browse_posts', 'posts', '2019-05-08 10:50:16', '2019-05-08 10:50:16');
INSERT INTO `permissions` VALUES ('32', 'read_posts', 'posts', '2019-05-08 10:50:16', '2019-05-08 10:50:16');
INSERT INTO `permissions` VALUES ('33', 'edit_posts', 'posts', '2019-05-08 10:50:16', '2019-05-08 10:50:16');
INSERT INTO `permissions` VALUES ('34', 'add_posts', 'posts', '2019-05-08 10:50:16', '2019-05-08 10:50:16');
INSERT INTO `permissions` VALUES ('35', 'delete_posts', 'posts', '2019-05-08 10:50:16', '2019-05-08 10:50:16');
INSERT INTO `permissions` VALUES ('36', 'browse_pages', 'pages', '2019-05-08 10:50:19', '2019-05-08 10:50:19');
INSERT INTO `permissions` VALUES ('37', 'read_pages', 'pages', '2019-05-08 10:50:19', '2019-05-08 10:50:19');
INSERT INTO `permissions` VALUES ('38', 'edit_pages', 'pages', '2019-05-08 10:50:19', '2019-05-08 10:50:19');
INSERT INTO `permissions` VALUES ('39', 'add_pages', 'pages', '2019-05-08 10:50:19', '2019-05-08 10:50:19');
INSERT INTO `permissions` VALUES ('40', 'delete_pages', 'pages', '2019-05-08 10:50:19', '2019-05-08 10:50:19');
INSERT INTO `permissions` VALUES ('41', 'browse_hooks', null, '2019-05-08 10:50:23', '2019-05-08 10:50:23');
INSERT INTO `permissions` VALUES ('42', 'browse_unittypes', 'unittypes', '2019-05-14 09:57:18', '2019-05-14 09:57:18');
INSERT INTO `permissions` VALUES ('43', 'read_unittypes', 'unittypes', '2019-05-14 09:57:18', '2019-05-14 09:57:18');
INSERT INTO `permissions` VALUES ('44', 'edit_unittypes', 'unittypes', '2019-05-14 09:57:18', '2019-05-14 09:57:18');
INSERT INTO `permissions` VALUES ('45', 'add_unittypes', 'unittypes', '2019-05-14 09:57:18', '2019-05-14 09:57:18');
INSERT INTO `permissions` VALUES ('46', 'delete_unittypes', 'unittypes', '2019-05-14 09:57:18', '2019-05-14 09:57:18');
INSERT INTO `permissions` VALUES ('47', 'browse_features', 'features', '2019-05-14 11:30:58', '2019-05-14 11:30:58');
INSERT INTO `permissions` VALUES ('48', 'read_features', 'features', '2019-05-14 11:30:58', '2019-05-14 11:30:58');
INSERT INTO `permissions` VALUES ('49', 'edit_features', 'features', '2019-05-14 11:30:58', '2019-05-14 11:30:58');
INSERT INTO `permissions` VALUES ('50', 'add_features', 'features', '2019-05-14 11:30:58', '2019-05-14 11:30:58');
INSERT INTO `permissions` VALUES ('51', 'delete_features', 'features', '2019-05-14 11:30:58', '2019-05-14 11:30:58');
INSERT INTO `permissions` VALUES ('52', 'browse_options', 'options', '2019-05-14 12:05:01', '2019-05-14 12:05:01');
INSERT INTO `permissions` VALUES ('53', 'read_options', 'options', '2019-05-14 12:05:01', '2019-05-14 12:05:01');
INSERT INTO `permissions` VALUES ('54', 'edit_options', 'options', '2019-05-14 12:05:01', '2019-05-14 12:05:01');
INSERT INTO `permissions` VALUES ('55', 'add_options', 'options', '2019-05-14 12:05:01', '2019-05-14 12:05:01');
INSERT INTO `permissions` VALUES ('56', 'delete_options', 'options', '2019-05-14 12:05:01', '2019-05-14 12:05:01');
INSERT INTO `permissions` VALUES ('57', 'browse_currencies', 'currencies', '2019-05-14 12:54:15', '2019-05-14 12:54:15');
INSERT INTO `permissions` VALUES ('58', 'read_currencies', 'currencies', '2019-05-14 12:54:15', '2019-05-14 12:54:15');
INSERT INTO `permissions` VALUES ('59', 'edit_currencies', 'currencies', '2019-05-14 12:54:15', '2019-05-14 12:54:15');
INSERT INTO `permissions` VALUES ('60', 'add_currencies', 'currencies', '2019-05-14 12:54:15', '2019-05-14 12:54:15');
INSERT INTO `permissions` VALUES ('61', 'delete_currencies', 'currencies', '2019-05-14 12:54:15', '2019-05-14 12:54:15');
INSERT INTO `permissions` VALUES ('62', 'browse_periods', 'periods', '2019-05-14 13:18:14', '2019-05-14 13:18:14');
INSERT INTO `permissions` VALUES ('63', 'read_periods', 'periods', '2019-05-14 13:18:14', '2019-05-14 13:18:14');
INSERT INTO `permissions` VALUES ('64', 'edit_periods', 'periods', '2019-05-14 13:18:14', '2019-05-14 13:18:14');
INSERT INTO `permissions` VALUES ('65', 'add_periods', 'periods', '2019-05-14 13:18:14', '2019-05-14 13:18:14');
INSERT INTO `permissions` VALUES ('66', 'delete_periods', 'periods', '2019-05-14 13:18:14', '2019-05-14 13:18:14');
INSERT INTO `permissions` VALUES ('67', 'browse_governrates', 'governrates', '2019-05-14 13:30:51', '2019-05-14 13:30:51');
INSERT INTO `permissions` VALUES ('68', 'read_governrates', 'governrates', '2019-05-14 13:30:51', '2019-05-14 13:30:51');
INSERT INTO `permissions` VALUES ('69', 'edit_governrates', 'governrates', '2019-05-14 13:30:51', '2019-05-14 13:30:51');
INSERT INTO `permissions` VALUES ('70', 'add_governrates', 'governrates', '2019-05-14 13:30:51', '2019-05-14 13:30:51');
INSERT INTO `permissions` VALUES ('71', 'delete_governrates', 'governrates', '2019-05-14 13:30:51', '2019-05-14 13:30:51');
INSERT INTO `permissions` VALUES ('72', 'browse_areas', 'areas', '2019-05-14 13:32:58', '2019-05-14 13:32:58');
INSERT INTO `permissions` VALUES ('73', 'read_areas', 'areas', '2019-05-14 13:32:58', '2019-05-14 13:32:58');
INSERT INTO `permissions` VALUES ('74', 'edit_areas', 'areas', '2019-05-14 13:32:58', '2019-05-14 13:32:58');
INSERT INTO `permissions` VALUES ('75', 'add_areas', 'areas', '2019-05-14 13:32:58', '2019-05-14 13:32:58');
INSERT INTO `permissions` VALUES ('76', 'delete_areas', 'areas', '2019-05-14 13:32:58', '2019-05-14 13:32:58');
INSERT INTO `permissions` VALUES ('77', 'browse_compounds', 'compounds', '2019-05-14 14:29:13', '2019-05-14 14:29:13');
INSERT INTO `permissions` VALUES ('78', 'read_compounds', 'compounds', '2019-05-14 14:29:13', '2019-05-14 14:29:13');
INSERT INTO `permissions` VALUES ('79', 'edit_compounds', 'compounds', '2019-05-14 14:29:13', '2019-05-14 14:29:13');
INSERT INTO `permissions` VALUES ('80', 'add_compounds', 'compounds', '2019-05-14 14:29:13', '2019-05-14 14:29:13');
INSERT INTO `permissions` VALUES ('81', 'delete_compounds', 'compounds', '2019-05-14 14:29:13', '2019-05-14 14:29:13');
INSERT INTO `permissions` VALUES ('82', 'browse_statuses', 'statuses', '2019-05-16 07:56:31', '2019-05-16 07:56:31');
INSERT INTO `permissions` VALUES ('83', 'read_statuses', 'statuses', '2019-05-16 07:56:31', '2019-05-16 07:56:31');
INSERT INTO `permissions` VALUES ('84', 'edit_statuses', 'statuses', '2019-05-16 07:56:31', '2019-05-16 07:56:31');
INSERT INTO `permissions` VALUES ('85', 'add_statuses', 'statuses', '2019-05-16 07:56:31', '2019-05-16 07:56:31');
INSERT INTO `permissions` VALUES ('86', 'delete_statuses', 'statuses', '2019-05-16 07:56:31', '2019-05-16 07:56:31');
INSERT INTO `permissions` VALUES ('87', 'browse_packages', 'packages', '2019-05-16 08:12:04', '2019-05-16 08:12:04');
INSERT INTO `permissions` VALUES ('88', 'read_packages', 'packages', '2019-05-16 08:12:04', '2019-05-16 08:12:04');
INSERT INTO `permissions` VALUES ('89', 'edit_packages', 'packages', '2019-05-16 08:12:04', '2019-05-16 08:12:04');
INSERT INTO `permissions` VALUES ('90', 'add_packages', 'packages', '2019-05-16 08:12:04', '2019-05-16 08:12:04');
INSERT INTO `permissions` VALUES ('91', 'delete_packages', 'packages', '2019-05-16 08:12:04', '2019-05-16 08:12:04');
INSERT INTO `permissions` VALUES ('92', 'browse_lodges', 'lodges', '2019-05-16 08:57:12', '2019-05-16 08:57:12');
INSERT INTO `permissions` VALUES ('93', 'read_lodges', 'lodges', '2019-05-16 08:57:12', '2019-05-16 08:57:12');
INSERT INTO `permissions` VALUES ('94', 'edit_lodges', 'lodges', '2019-05-16 08:57:12', '2019-05-16 08:57:12');
INSERT INTO `permissions` VALUES ('95', 'add_lodges', 'lodges', '2019-05-16 08:57:12', '2019-05-16 08:57:12');
INSERT INTO `permissions` VALUES ('96', 'delete_lodges', 'lodges', '2019-05-16 08:57:12', '2019-05-16 08:57:12');
INSERT INTO `permissions` VALUES ('97', 'browse_lodgeoptions', 'lodgeoptions', '2019-05-16 09:15:16', '2019-05-16 09:15:16');
INSERT INTO `permissions` VALUES ('98', 'read_lodgeoptions', 'lodgeoptions', '2019-05-16 09:15:16', '2019-05-16 09:15:16');
INSERT INTO `permissions` VALUES ('99', 'edit_lodgeoptions', 'lodgeoptions', '2019-05-16 09:15:16', '2019-05-16 09:15:16');
INSERT INTO `permissions` VALUES ('100', 'add_lodgeoptions', 'lodgeoptions', '2019-05-16 09:15:16', '2019-05-16 09:15:16');
INSERT INTO `permissions` VALUES ('101', 'delete_lodgeoptions', 'lodgeoptions', '2019-05-16 09:15:16', '2019-05-16 09:15:16');
INSERT INTO `permissions` VALUES ('102', 'browse_packagetransactions', 'packagetransactions', '2019-05-26 14:11:41', '2019-05-26 14:11:41');
INSERT INTO `permissions` VALUES ('103', 'read_packagetransactions', 'packagetransactions', '2019-05-26 14:11:41', '2019-05-26 14:11:41');
INSERT INTO `permissions` VALUES ('104', 'edit_packagetransactions', 'packagetransactions', '2019-05-26 14:11:41', '2019-05-26 14:11:41');
INSERT INTO `permissions` VALUES ('105', 'add_packagetransactions', 'packagetransactions', '2019-05-26 14:11:41', '2019-05-26 14:11:41');
INSERT INTO `permissions` VALUES ('106', 'delete_packagetransactions', 'packagetransactions', '2019-05-26 14:11:41', '2019-05-26 14:11:41');
INSERT INTO `permissions` VALUES ('107', 'browse_intros', 'intros', '2019-05-28 11:25:28', '2019-05-28 11:25:28');
INSERT INTO `permissions` VALUES ('108', 'read_intros', 'intros', '2019-05-28 11:25:28', '2019-05-28 11:25:28');
INSERT INTO `permissions` VALUES ('109', 'edit_intros', 'intros', '2019-05-28 11:25:28', '2019-05-28 11:25:28');
INSERT INTO `permissions` VALUES ('110', 'add_intros', 'intros', '2019-05-28 11:25:28', '2019-05-28 11:25:28');
INSERT INTO `permissions` VALUES ('111', 'delete_intros', 'intros', '2019-05-28 11:25:28', '2019-05-28 11:25:28');
INSERT INTO `permissions` VALUES ('112', 'browse_likes', 'likes', '2019-05-29 07:46:22', '2019-05-29 07:46:22');
INSERT INTO `permissions` VALUES ('113', 'read_likes', 'likes', '2019-05-29 07:46:22', '2019-05-29 07:46:22');
INSERT INTO `permissions` VALUES ('114', 'edit_likes', 'likes', '2019-05-29 07:46:22', '2019-05-29 07:46:22');
INSERT INTO `permissions` VALUES ('115', 'add_likes', 'likes', '2019-05-29 07:46:22', '2019-05-29 07:46:22');
INSERT INTO `permissions` VALUES ('116', 'delete_likes', 'likes', '2019-05-29 07:46:22', '2019-05-29 07:46:22');
INSERT INTO `permissions` VALUES ('117', 'browse_badges', 'badges', '2019-07-02 07:42:19', '2019-07-02 07:42:19');
INSERT INTO `permissions` VALUES ('118', 'read_badges', 'badges', '2019-07-02 07:42:19', '2019-07-02 07:42:19');
INSERT INTO `permissions` VALUES ('119', 'edit_badges', 'badges', '2019-07-02 07:42:19', '2019-07-02 07:42:19');
INSERT INTO `permissions` VALUES ('120', 'add_badges', 'badges', '2019-07-02 07:42:19', '2019-07-02 07:42:19');
INSERT INTO `permissions` VALUES ('121', 'delete_badges', 'badges', '2019-07-02 07:42:19', '2019-07-02 07:42:19');
INSERT INTO `permissions` VALUES ('122', 'browse_rates', 'rates', '2019-07-02 07:42:54', '2019-07-02 07:42:54');
INSERT INTO `permissions` VALUES ('123', 'read_rates', 'rates', '2019-07-02 07:42:54', '2019-07-02 07:42:54');
INSERT INTO `permissions` VALUES ('124', 'edit_rates', 'rates', '2019-07-02 07:42:54', '2019-07-02 07:42:54');
INSERT INTO `permissions` VALUES ('125', 'add_rates', 'rates', '2019-07-02 07:42:54', '2019-07-02 07:42:54');
INSERT INTO `permissions` VALUES ('126', 'delete_rates', 'rates', '2019-07-02 07:42:54', '2019-07-02 07:42:54');
INSERT INTO `permissions` VALUES ('127', 'browse_apntokens', 'apntokens', '2019-07-03 14:53:29', '2019-07-03 14:53:29');
INSERT INTO `permissions` VALUES ('128', 'read_apntokens', 'apntokens', '2019-07-03 14:53:29', '2019-07-03 14:53:29');
INSERT INTO `permissions` VALUES ('129', 'edit_apntokens', 'apntokens', '2019-07-03 14:53:29', '2019-07-03 14:53:29');
INSERT INTO `permissions` VALUES ('130', 'add_apntokens', 'apntokens', '2019-07-03 14:53:29', '2019-07-03 14:53:29');
INSERT INTO `permissions` VALUES ('131', 'delete_apntokens', 'apntokens', '2019-07-03 14:53:29', '2019-07-03 14:53:29');
INSERT INTO `permissions` VALUES ('132', 'browse_reasons', 'reasons', '2019-07-10 09:31:40', '2019-07-10 09:31:40');
INSERT INTO `permissions` VALUES ('133', 'read_reasons', 'reasons', '2019-07-10 09:31:40', '2019-07-10 09:31:40');
INSERT INTO `permissions` VALUES ('134', 'edit_reasons', 'reasons', '2019-07-10 09:31:40', '2019-07-10 09:31:40');
INSERT INTO `permissions` VALUES ('135', 'add_reasons', 'reasons', '2019-07-10 09:31:40', '2019-07-10 09:31:40');
INSERT INTO `permissions` VALUES ('136', 'delete_reasons', 'reasons', '2019-07-10 09:31:40', '2019-07-10 09:31:40');
INSERT INTO `permissions` VALUES ('137', 'browse_tips', 'tips', '2019-07-11 15:41:00', '2019-07-11 15:41:00');
INSERT INTO `permissions` VALUES ('138', 'read_tips', 'tips', '2019-07-11 15:41:00', '2019-07-11 15:41:00');
INSERT INTO `permissions` VALUES ('139', 'edit_tips', 'tips', '2019-07-11 15:41:00', '2019-07-11 15:41:00');
INSERT INTO `permissions` VALUES ('140', 'add_tips', 'tips', '2019-07-11 15:41:00', '2019-07-11 15:41:00');
INSERT INTO `permissions` VALUES ('141', 'delete_tips', 'tips', '2019-07-11 15:41:00', '2019-07-11 15:41:00');
INSERT INTO `permissions` VALUES ('142', 'browse_subjects', 'subjects', '2019-07-11 16:05:18', '2019-07-11 16:05:18');
INSERT INTO `permissions` VALUES ('143', 'read_subjects', 'subjects', '2019-07-11 16:05:18', '2019-07-11 16:05:18');
INSERT INTO `permissions` VALUES ('144', 'edit_subjects', 'subjects', '2019-07-11 16:05:18', '2019-07-11 16:05:18');
INSERT INTO `permissions` VALUES ('145', 'add_subjects', 'subjects', '2019-07-11 16:05:18', '2019-07-11 16:05:18');
INSERT INTO `permissions` VALUES ('146', 'delete_subjects', 'subjects', '2019-07-11 16:05:18', '2019-07-11 16:05:18');
INSERT INTO `permissions` VALUES ('147', 'browse_notifications', 'notifications', '2019-09-08 12:00:49', '2019-09-08 12:00:49');
INSERT INTO `permissions` VALUES ('148', 'read_notifications', 'notifications', '2019-09-08 12:00:49', '2019-09-08 12:00:49');
INSERT INTO `permissions` VALUES ('149', 'edit_notifications', 'notifications', '2019-09-08 12:00:49', '2019-09-08 12:00:49');
INSERT INTO `permissions` VALUES ('150', 'add_notifications', 'notifications', '2019-09-08 12:00:49', '2019-09-08 12:00:49');
INSERT INTO `permissions` VALUES ('151', 'delete_notifications', 'notifications', '2019-09-08 12:00:49', '2019-09-08 12:00:49');
INSERT INTO `permissions` VALUES ('152', 'browse_developers', 'developers', '2019-11-24 14:30:50', '2019-11-24 14:30:50');
INSERT INTO `permissions` VALUES ('153', 'read_developers', 'developers', '2019-11-24 14:30:50', '2019-11-24 14:30:50');
INSERT INTO `permissions` VALUES ('154', 'edit_developers', 'developers', '2019-11-24 14:30:50', '2019-11-24 14:30:50');
INSERT INTO `permissions` VALUES ('155', 'add_developers', 'developers', '2019-11-24 14:30:50', '2019-11-24 14:30:50');
INSERT INTO `permissions` VALUES ('156', 'delete_developers', 'developers', '2019-11-24 14:30:50', '2019-11-24 14:30:50');
INSERT INTO `permissions` VALUES ('157', 'browse_store_categories', 'store_categories', '2019-11-24 14:31:43', '2019-11-24 14:31:43');
INSERT INTO `permissions` VALUES ('158', 'read_store_categories', 'store_categories', '2019-11-24 14:31:43', '2019-11-24 14:31:43');
INSERT INTO `permissions` VALUES ('159', 'edit_store_categories', 'store_categories', '2019-11-24 14:31:43', '2019-11-24 14:31:43');
INSERT INTO `permissions` VALUES ('160', 'add_store_categories', 'store_categories', '2019-11-24 14:31:43', '2019-11-24 14:31:43');
INSERT INTO `permissions` VALUES ('161', 'delete_store_categories', 'store_categories', '2019-11-24 14:31:43', '2019-11-24 14:31:43');
INSERT INTO `permissions` VALUES ('162', 'browse_suppliercategories', 'suppliercategories', '2019-11-24 14:31:52', '2019-11-24 14:31:52');
INSERT INTO `permissions` VALUES ('163', 'read_suppliercategories', 'suppliercategories', '2019-11-24 14:31:52', '2019-11-24 14:31:52');
INSERT INTO `permissions` VALUES ('164', 'edit_suppliercategories', 'suppliercategories', '2019-11-24 14:31:52', '2019-11-24 14:31:52');
INSERT INTO `permissions` VALUES ('165', 'add_suppliercategories', 'suppliercategories', '2019-11-24 14:31:52', '2019-11-24 14:31:52');
INSERT INTO `permissions` VALUES ('166', 'delete_suppliercategories', 'suppliercategories', '2019-11-24 14:31:52', '2019-11-24 14:31:52');
INSERT INTO `permissions` VALUES ('167', 'browse_stores', 'stores', '2019-11-24 14:32:19', '2019-11-24 14:32:19');
INSERT INTO `permissions` VALUES ('168', 'read_stores', 'stores', '2019-11-24 14:32:19', '2019-11-24 14:32:19');
INSERT INTO `permissions` VALUES ('169', 'edit_stores', 'stores', '2019-11-24 14:32:19', '2019-11-24 14:32:19');
INSERT INTO `permissions` VALUES ('170', 'add_stores', 'stores', '2019-11-24 14:32:19', '2019-11-24 14:32:19');
INSERT INTO `permissions` VALUES ('171', 'delete_stores', 'stores', '2019-11-24 14:32:19', '2019-11-24 14:32:19');
INSERT INTO `permissions` VALUES ('172', 'browse_products', 'products', '2019-11-24 14:32:35', '2019-11-24 14:32:35');
INSERT INTO `permissions` VALUES ('173', 'read_products', 'products', '2019-11-24 14:32:35', '2019-11-24 14:32:35');
INSERT INTO `permissions` VALUES ('174', 'edit_products', 'products', '2019-11-24 14:32:35', '2019-11-24 14:32:35');
INSERT INTO `permissions` VALUES ('175', 'add_products', 'products', '2019-11-24 14:32:35', '2019-11-24 14:32:35');
INSERT INTO `permissions` VALUES ('176', 'delete_products', 'products', '2019-11-24 14:32:35', '2019-11-24 14:32:35');
INSERT INTO `permissions` VALUES ('177', 'browse_offers', 'offers', '2019-11-24 14:32:49', '2019-11-24 14:32:49');
INSERT INTO `permissions` VALUES ('178', 'read_offers', 'offers', '2019-11-24 14:32:49', '2019-11-24 14:32:49');
INSERT INTO `permissions` VALUES ('179', 'edit_offers', 'offers', '2019-11-24 14:32:49', '2019-11-24 14:32:49');
INSERT INTO `permissions` VALUES ('180', 'add_offers', 'offers', '2019-11-24 14:32:49', '2019-11-24 14:32:49');
INSERT INTO `permissions` VALUES ('181', 'delete_offers', 'offers', '2019-11-24 14:32:49', '2019-11-24 14:32:49');

-- ----------------------------
-- Table structure for posts
-- ----------------------------
DROP TABLE IF EXISTS `posts`;
CREATE TABLE `posts` (
  `id` int(10) unsigned NOT NULL AUTO_INCREMENT,
  `author_id` int(11) NOT NULL,
  `category_id` int(11) DEFAULT NULL,
  `title` varchar(191) COLLATE utf8mb4_unicode_ci NOT NULL,
  `seo_title` varchar(191) COLLATE utf8mb4_unicode_ci DEFAULT NULL,
  `excerpt` text COLLATE utf8mb4_unicode_ci,
  `body` text COLLATE utf8mb4_unicode_ci NOT NULL,
  `image` varchar(191) COLLATE utf8mb4_unicode_ci DEFAULT NULL,
  `slug` varchar(191) COLLATE utf8mb4_unicode_ci NOT NULL,
  `meta_description` text COLLATE utf8mb4_unicode_ci,
  `meta_keywords` text COLLATE utf8mb4_unicode_ci,
  `status` enum('PUBLISHED','DRAFT','PENDING') COLLATE utf8mb4_unicode_ci NOT NULL DEFAULT 'DRAFT',
  `featured` tinyint(1) NOT NULL DEFAULT '0',
  `created_at` timestamp NULL DEFAULT NULL,
  `updated_at` timestamp NULL DEFAULT NULL,
  PRIMARY KEY (`id`),
  UNIQUE KEY `posts_slug_unique` (`slug`)
) ENGINE=InnoDB AUTO_INCREMENT=5 DEFAULT CHARSET=utf8mb4 COLLATE=utf8mb4_unicode_ci;

-- ----------------------------
-- Records of posts
-- ----------------------------
INSERT INTO `posts` VALUES ('1', '0', null, 'Lorem Ipsum Post', null, 'This is the excerpt for the Lorem Ipsum Post', '<p>This is the body of the lorem ipsum post</p>', 'posts/post1.jpg', 'lorem-ipsum-post', 'This is the meta description', 'keyword1, keyword2, keyword3', 'PUBLISHED', '0', '2019-05-08 10:50:16', '2019-05-08 10:50:16');
INSERT INTO `posts` VALUES ('2', '0', null, 'My Sample Post', null, 'This is the excerpt for the sample Post', '<p>This is the body for the sample post, which includes the body.</p>\n                <h2>We can use all kinds of format!</h2>\n                <p>And include a bunch of other stuff.</p>', 'posts/post2.jpg', 'my-sample-post', 'Meta Description for sample post', 'keyword1, keyword2, keyword3', 'PUBLISHED', '0', '2019-05-08 10:50:17', '2019-05-08 10:50:17');
INSERT INTO `posts` VALUES ('3', '0', null, 'Latest Post', null, 'This is the excerpt for the latest post', '<p>This is the body for the latest post</p>', 'posts/post3.jpg', 'latest-post', 'This is the meta description', 'keyword1, keyword2, keyword3', 'PUBLISHED', '0', '2019-05-08 10:50:17', '2019-05-08 10:50:17');
INSERT INTO `posts` VALUES ('4', '0', null, 'Yarr Post', null, 'Reef sails nipperkin bring a spring upon her cable coffer jury mast spike marooned Pieces of Eight poop deck pillage. Clipper driver coxswain galleon hempen halter come about pressgang gangplank boatswain swing the lead. Nipperkin yard skysail swab lanyard Blimey bilge water ho quarter Buccaneer.', '<p>Swab deadlights Buccaneer fire ship square-rigged dance the hempen jig weigh anchor cackle fruit grog furl. Crack Jennys tea cup chase guns pressgang hearties spirits hogshead Gold Road six pounders fathom measured fer yer chains. Main sheet provost come about trysail barkadeer crimp scuttle mizzenmast brig plunder.</p>\n<p>Mizzen league keelhaul galleon tender cog chase Barbary Coast doubloon crack Jennys tea cup. Blow the man down lugsail fire ship pinnace cackle fruit line warp Admiral of the Black strike colors doubloon. Tackle Jack Ketch come about crimp rum draft scuppers run a shot across the bow haul wind maroon.</p>\n<p>Interloper heave down list driver pressgang holystone scuppers tackle scallywag bilged on her anchor. Jack Tar interloper draught grapple mizzenmast hulk knave cable transom hogshead. Gaff pillage to go on account grog aft chase guns piracy yardarm knave clap of thunder.</p>', 'posts/post4.jpg', 'yarr-post', 'this be a meta descript', 'keyword1, keyword2, keyword3', 'PUBLISHED', '0', '2019-05-08 10:50:17', '2019-05-08 10:50:17');

-- ----------------------------
-- Table structure for products
-- ----------------------------
DROP TABLE IF EXISTS `products`;
CREATE TABLE `products` (
  `id` int(10) unsigned NOT NULL AUTO_INCREMENT,
  `name` varchar(255) COLLATE utf8mb4_unicode_ci NOT NULL,
  `original_price` float DEFAULT NULL,
  `discounted_price` float DEFAULT NULL,
  `img` varchar(255) COLLATE utf8mb4_unicode_ci DEFAULT NULL,
  `offer_id` int(11) DEFAULT NULL,
  `created_at` timestamp NULL DEFAULT NULL,
  `updated_at` timestamp NULL DEFAULT NULL,
  `deleted_at` timestamp NULL DEFAULT NULL,
  PRIMARY KEY (`id`)
) ENGINE=InnoDB AUTO_INCREMENT=3 DEFAULT CHARSET=utf8mb4 COLLATE=utf8mb4_unicode_ci;

-- ----------------------------
-- Records of products
-- ----------------------------
INSERT INTO `products` VALUES ('1', 'Modern Bedroom', '30000', '25000', 'products\\October2019\\grlXoQbsZpLJnxcww93b.jpg', '3', '2019-10-31 16:58:12', '2019-10-31 16:58:12', null);
INSERT INTO `products` VALUES ('2', 'Modern Dining room', '40000', '36000', 'products\\October2019\\SAD4GUxKL0KasuNdJfdK.jpg', '4', '2019-10-31 17:00:49', '2019-10-31 17:00:49', null);

-- ----------------------------
-- Table structure for rates
-- ----------------------------
DROP TABLE IF EXISTS `rates`;
CREATE TABLE `rates` (
  `id` int(10) unsigned NOT NULL AUTO_INCREMENT,
  `rater_id` int(11) DEFAULT NULL,
  `lodge_id` int(11) DEFAULT NULL,
  `owner_id` int(11) DEFAULT NULL,
  `created_at` timestamp NULL DEFAULT NULL,
  `updated_at` timestamp NULL DEFAULT NULL,
  `deleted_at` timestamp NULL DEFAULT NULL,
  `overall` float DEFAULT NULL,
  PRIMARY KEY (`id`)
) ENGINE=InnoDB AUTO_INCREMENT=11 DEFAULT CHARSET=utf8mb4 COLLATE=utf8mb4_unicode_ci;

-- ----------------------------
-- Records of rates
-- ----------------------------
INSERT INTO `rates` VALUES ('1', '128', null, '128', '2019-11-12 10:44:27', '2019-11-12 10:44:27', null, '2.66667');
INSERT INTO `rates` VALUES ('2', '128', '4', '109', '2019-11-12 15:49:24', '2019-11-12 15:49:24', null, '0.333333');
INSERT INTO `rates` VALUES ('3', '128', '8', '111', '2019-11-12 15:52:21', '2019-11-12 15:52:21', null, '0.666667');
INSERT INTO `rates` VALUES ('4', '128', '3', '128', '2019-11-12 15:55:44', '2019-11-12 15:55:44', null, '0.666667');
INSERT INTO `rates` VALUES ('5', '128', '1', '109', '2019-11-13 12:00:37', '2019-11-13 12:00:51', null, '0.333333');
INSERT INTO `rates` VALUES ('6', '113', '11', '109', '2019-11-15 00:57:04', '2019-11-15 00:57:04', null, '5');
INSERT INTO `rates` VALUES ('7', '113', null, '111', '2019-11-16 01:22:22', '2019-11-16 01:22:22', null, '2.33333');
INSERT INTO `rates` VALUES ('8', '113', '1', '109', '2019-11-16 01:24:09', '2019-11-16 01:24:09', null, '5');
INSERT INTO `rates` VALUES ('9', '113', '4', '109', '2019-11-16 01:26:16', '2019-11-16 01:26:16', null, '6.33333');
INSERT INTO `rates` VALUES ('10', '109', '2', '128', '2019-11-19 14:22:55', '2019-11-19 14:22:55', null, '3.66667');

-- ----------------------------
-- Table structure for rates_badges
-- ----------------------------
DROP TABLE IF EXISTS `rates_badges`;
CREATE TABLE `rates_badges` (
  `id` int(10) unsigned NOT NULL AUTO_INCREMENT,
  `rate_id` int(11) DEFAULT NULL,
  `badge_id` int(11) DEFAULT NULL,
  `value` float DEFAULT NULL,
  `created_at` timestamp NULL DEFAULT NULL,
  `updated_at` timestamp NULL DEFAULT NULL,
  `deleted_at` timestamp NULL DEFAULT NULL,
  PRIMARY KEY (`id`)
) ENGINE=InnoDB AUTO_INCREMENT=24 DEFAULT CHARSET=utf8mb4 COLLATE=utf8mb4_unicode_ci;

-- ----------------------------
-- Records of rates_badges
-- ----------------------------
INSERT INTO `rates_badges` VALUES ('1', '1', '1', '4', '2019-11-12 10:44:27', '2019-11-12 10:44:27', null);
INSERT INTO `rates_badges` VALUES ('2', '1', '2', '4', '2019-11-12 10:44:27', '2019-11-12 10:44:27', null);
INSERT INTO `rates_badges` VALUES ('3', '2', '3', '1', '2019-11-12 15:49:24', '2019-11-12 15:49:24', null);
INSERT INTO `rates_badges` VALUES ('4', '3', '1', '1', '2019-11-12 15:52:21', '2019-11-12 15:52:21', null);
INSERT INTO `rates_badges` VALUES ('5', '3', '2', '1', '2019-11-12 15:52:21', '2019-11-12 15:52:21', null);
INSERT INTO `rates_badges` VALUES ('6', '4', '1', '1', '2019-11-12 15:55:44', '2019-11-12 15:55:44', null);
INSERT INTO `rates_badges` VALUES ('7', '4', '2', '1', '2019-11-12 15:55:44', '2019-11-12 15:55:44', null);
INSERT INTO `rates_badges` VALUES ('8', '5', '1', '1', '2019-11-13 12:00:37', '2019-11-13 12:00:51', null);
INSERT INTO `rates_badges` VALUES ('9', '6', '1', '3', '2019-11-15 00:57:04', '2019-11-15 00:57:04', null);
INSERT INTO `rates_badges` VALUES ('10', '6', '2', '4', '2019-11-15 00:57:04', '2019-11-15 00:57:04', null);
INSERT INTO `rates_badges` VALUES ('11', '6', '3', '5', '2019-11-15 00:57:04', '2019-11-15 00:57:04', null);
INSERT INTO `rates_badges` VALUES ('12', '7', '1', '3', '2019-11-16 01:22:22', '2019-11-16 01:22:22', null);
INSERT INTO `rates_badges` VALUES ('13', '7', '2', '2', '2019-11-16 01:22:22', '2019-11-16 01:22:22', null);
INSERT INTO `rates_badges` VALUES ('14', '7', '3', '1', '2019-11-16 01:22:22', '2019-11-16 01:22:22', null);
INSERT INTO `rates_badges` VALUES ('15', '8', '1', '5', '2019-11-16 01:24:10', '2019-11-16 01:24:10', null);
INSERT INTO `rates_badges` VALUES ('16', '8', '2', '5', '2019-11-16 01:24:10', '2019-11-16 01:24:10', null);
INSERT INTO `rates_badges` VALUES ('17', '8', '3', '5', '2019-11-16 01:24:10', '2019-11-16 01:24:10', null);
INSERT INTO `rates_badges` VALUES ('18', '9', '1', '5', '2019-11-16 01:26:16', '2019-11-16 01:26:16', null);
INSERT INTO `rates_badges` VALUES ('19', '9', '2', '5', '2019-11-16 01:26:16', '2019-11-16 01:26:16', null);
INSERT INTO `rates_badges` VALUES ('20', '9', '3', '5', '2019-11-16 01:26:16', '2019-11-16 01:26:16', null);
INSERT INTO `rates_badges` VALUES ('21', '10', '1', '3', '2019-11-19 14:22:55', '2019-11-19 14:22:55', null);
INSERT INTO `rates_badges` VALUES ('22', '10', '2', '3', '2019-11-19 14:22:55', '2019-11-19 14:22:55', null);
INSERT INTO `rates_badges` VALUES ('23', '10', '3', '3', '2019-11-19 14:22:55', '2019-11-19 14:22:55', null);

-- ----------------------------
-- Table structure for reasons
-- ----------------------------
DROP TABLE IF EXISTS `reasons`;
CREATE TABLE `reasons` (
  `id` int(10) unsigned NOT NULL AUTO_INCREMENT,
  `name` varchar(255) COLLATE utf8mb4_unicode_ci DEFAULT NULL,
  `created_at` timestamp NULL DEFAULT NULL,
  `updated_at` timestamp NULL DEFAULT NULL,
  `deleted_at` timestamp NULL DEFAULT NULL,
  PRIMARY KEY (`id`)
) ENGINE=InnoDB AUTO_INCREMENT=4 DEFAULT CHARSET=utf8mb4 COLLATE=utf8mb4_unicode_ci;

-- ----------------------------
-- Records of reasons
-- ----------------------------
INSERT INTO `reasons` VALUES ('1', 'Sold', '2019-07-10 09:31:50', '2019-07-10 09:31:50', null);
INSERT INTO `reasons` VALUES ('2', 'Change my mind', '2019-07-10 09:32:15', '2019-07-10 09:32:15', null);
INSERT INTO `reasons` VALUES ('3', 'Another reason', '2019-07-10 09:32:27', '2019-07-10 09:32:27', null);

-- ----------------------------
-- Table structure for roles
-- ----------------------------
DROP TABLE IF EXISTS `roles`;
CREATE TABLE `roles` (
  `id` bigint(20) unsigned NOT NULL AUTO_INCREMENT,
  `name` varchar(191) COLLATE utf8mb4_unicode_ci NOT NULL,
  `display_name` varchar(191) COLLATE utf8mb4_unicode_ci NOT NULL,
  `created_at` timestamp NULL DEFAULT NULL,
  `updated_at` timestamp NULL DEFAULT NULL,
  PRIMARY KEY (`id`),
  UNIQUE KEY `roles_name_unique` (`name`)
) ENGINE=InnoDB AUTO_INCREMENT=4 DEFAULT CHARSET=utf8mb4 COLLATE=utf8mb4_unicode_ci;

-- ----------------------------
-- Records of roles
-- ----------------------------
INSERT INTO `roles` VALUES ('1', 'admin', 'Administrator', '2019-05-08 10:50:00', '2019-05-08 10:50:00');
INSERT INTO `roles` VALUES ('2', 'user', 'Normal User', '2019-05-08 10:50:00', '2019-05-08 10:50:00');
INSERT INTO `roles` VALUES ('3', 'Lodge Agent', 'Lodge Team', '2019-08-02 13:56:59', '2019-08-02 13:56:59');

-- ----------------------------
-- Table structure for settings
-- ----------------------------
DROP TABLE IF EXISTS `settings`;
CREATE TABLE `settings` (
  `id` int(10) unsigned NOT NULL AUTO_INCREMENT,
  `key` varchar(191) COLLATE utf8mb4_unicode_ci NOT NULL,
  `display_name` varchar(191) COLLATE utf8mb4_unicode_ci NOT NULL,
  `value` text COLLATE utf8mb4_unicode_ci,
  `details` text COLLATE utf8mb4_unicode_ci,
  `type` varchar(191) COLLATE utf8mb4_unicode_ci NOT NULL,
  `order` int(11) NOT NULL DEFAULT '1',
  `group` varchar(191) COLLATE utf8mb4_unicode_ci DEFAULT NULL,
  PRIMARY KEY (`id`),
  UNIQUE KEY `settings_key_unique` (`key`)
) ENGINE=InnoDB AUTO_INCREMENT=11 DEFAULT CHARSET=utf8mb4 COLLATE=utf8mb4_unicode_ci;

-- ----------------------------
-- Records of settings
-- ----------------------------
INSERT INTO `settings` VALUES ('1', 'site.title', 'Site Title', 'Site Title', '', 'text', '1', 'Site');
INSERT INTO `settings` VALUES ('2', 'site.description', 'Site Description', 'Site Description', '', 'text', '2', 'Site');
INSERT INTO `settings` VALUES ('3', 'site.logo', 'Site Logo', 'settings/October2019/vHOXO4VaDdHcVFxL12Et.png', '', 'image', '3', 'Site');
INSERT INTO `settings` VALUES ('4', 'site.google_analytics_tracking_id', 'Google Analytics Tracking ID', null, '', 'text', '4', 'Site');
INSERT INTO `settings` VALUES ('5', 'admin.bg_image', 'Admin Background Image', '', '', 'image', '5', 'Admin');
INSERT INTO `settings` VALUES ('6', 'admin.title', 'Admin Title', 'Voyager', '', 'text', '1', 'Admin');
INSERT INTO `settings` VALUES ('7', 'admin.description', 'Admin Description', 'Welcome to Voyager. The Missing Admin for Laravel', '', 'text', '2', 'Admin');
INSERT INTO `settings` VALUES ('8', 'admin.loader', 'Admin Loader', '', '', 'image', '3', 'Admin');
INSERT INTO `settings` VALUES ('9', 'admin.icon_image', 'Admin Icon Image', '', '', 'image', '4', 'Admin');
INSERT INTO `settings` VALUES ('10', 'admin.google_analytics_client_id', 'Google Analytics Client ID (used for admin dashboard)', null, '', 'text', '1', 'Admin');

-- ----------------------------
-- Table structure for statuses
-- ----------------------------
DROP TABLE IF EXISTS `statuses`;
CREATE TABLE `statuses` (
  `id` int(10) unsigned NOT NULL AUTO_INCREMENT,
  `name` varchar(255) COLLATE utf8mb4_unicode_ci DEFAULT NULL,
  `color` varchar(255) COLLATE utf8mb4_unicode_ci DEFAULT NULL,
  `created_at` timestamp NULL DEFAULT NULL,
  `updated_at` timestamp NULL DEFAULT NULL,
  `deleted_at` timestamp NULL DEFAULT NULL,
  PRIMARY KEY (`id`)
) ENGINE=InnoDB AUTO_INCREMENT=8 DEFAULT CHARSET=utf8mb4 COLLATE=utf8mb4_unicode_ci;

-- ----------------------------
-- Records of statuses
-- ----------------------------
INSERT INTO `statuses` VALUES ('1', 'In Review', '#f5a44d', '2019-05-16 08:06:56', '2019-05-16 08:06:56', null);
INSERT INTO `statuses` VALUES ('2', 'Live', '#54c242', '2019-05-16 08:07:14', '2019-05-16 08:07:14', null);
INSERT INTO `statuses` VALUES ('3', 'Expired', '#8d8d8d', '2019-05-16 08:07:55', '2019-05-16 08:07:55', null);
INSERT INTO `statuses` VALUES ('4', 'Removed', '#000000', '2019-05-16 08:08:25', '2019-05-16 08:08:25', null);
INSERT INTO `statuses` VALUES ('5', 'Sold', '#ff0015', '2019-05-16 08:08:36', '2019-05-16 08:08:36', null);
INSERT INTO `statuses` VALUES ('6', 'Rejected', '#ffffff', '2019-05-16 08:08:58', '2019-05-16 08:08:58', null);
INSERT INTO `statuses` VALUES ('7', 'Not Available Anymore', '#ff0015', '2019-05-16 08:08:58', '2019-05-16 08:08:58', null);

-- ----------------------------
-- Table structure for store_categories
-- ----------------------------
DROP TABLE IF EXISTS `store_categories`;
CREATE TABLE `store_categories` (
  `id` int(10) unsigned NOT NULL AUTO_INCREMENT,
  `store_id` int(11) DEFAULT NULL,
  `cat_id` int(11) DEFAULT NULL,
  `created_at` timestamp NULL DEFAULT NULL,
  `updated_at` timestamp NULL DEFAULT NULL,
  `deleted_at` timestamp NULL DEFAULT NULL,
  PRIMARY KEY (`id`)
) ENGINE=InnoDB AUTO_INCREMENT=9 DEFAULT CHARSET=utf8mb4 COLLATE=utf8mb4_unicode_ci;

-- ----------------------------
-- Records of store_categories
-- ----------------------------
INSERT INTO `store_categories` VALUES ('1', '1', '1', '2019-10-29 16:41:50', '2019-10-31 15:28:34', '2019-10-31 15:28:34');
INSERT INTO `store_categories` VALUES ('2', '1', '2', '2019-10-29 16:41:59', '2019-10-31 15:28:34', '2019-10-31 15:28:34');
INSERT INTO `store_categories` VALUES ('3', '2', '1', '2019-10-29 17:43:23', '2019-10-31 15:28:34', '2019-10-31 15:28:34');
INSERT INTO `store_categories` VALUES ('4', '2', '2', '2019-10-29 17:43:33', '2019-10-31 15:28:34', '2019-10-31 15:28:34');
INSERT INTO `store_categories` VALUES ('5', '3', '1', '2019-10-31 16:43:00', '2019-10-31 16:43:00', null);
INSERT INTO `store_categories` VALUES ('6', '3', '2', '2019-10-31 16:43:18', '2019-10-31 16:43:18', null);
INSERT INTO `store_categories` VALUES ('7', '4', '1', '2019-10-31 16:43:36', '2019-10-31 16:43:36', null);
INSERT INTO `store_categories` VALUES ('8', '5', '1', '2019-10-31 16:43:45', '2019-10-31 16:43:45', null);

-- ----------------------------
-- Table structure for stores
-- ----------------------------
DROP TABLE IF EXISTS `stores`;
CREATE TABLE `stores` (
  `id` int(10) unsigned NOT NULL AUTO_INCREMENT,
  `name` varchar(255) COLLATE utf8mb4_unicode_ci DEFAULT NULL,
  `tags` varchar(255) COLLATE utf8mb4_unicode_ci DEFAULT NULL,
  `logo` varchar(255) COLLATE utf8mb4_unicode_ci DEFAULT NULL,
  `featured_img` varchar(255) COLLATE utf8mb4_unicode_ci DEFAULT NULL,
  `address` varchar(255) COLLATE utf8mb4_unicode_ci DEFAULT NULL,
  `coordinates` geometry DEFAULT NULL,
  `phone` varchar(255) COLLATE utf8mb4_unicode_ci DEFAULT NULL,
  `website` varchar(255) COLLATE utf8mb4_unicode_ci DEFAULT NULL,
  `facebook` varchar(255) COLLATE utf8mb4_unicode_ci DEFAULT NULL,
  `youtube` varchar(255) COLLATE utf8mb4_unicode_ci DEFAULT NULL,
  `instagram` varchar(255) COLLATE utf8mb4_unicode_ci DEFAULT NULL,
  `desc` longtext COLLATE utf8mb4_unicode_ci,
  `created_at` timestamp NULL DEFAULT NULL,
  `updated_at` timestamp NULL DEFAULT NULL,
  `deleted_at` timestamp NULL DEFAULT NULL,
  PRIMARY KEY (`id`)
) ENGINE=InnoDB AUTO_INCREMENT=8 DEFAULT CHARSET=utf8mb4 COLLATE=utf8mb4_unicode_ci;

-- ----------------------------
-- Records of stores
-- ----------------------------
INSERT INTO `stores` VALUES ('3', 'Ikea', '[\"Bedroom\",\"Living Room\",\"Bathroom\"]', 'stores\\October2019\\6Xa0VfDhT2GhxuxoKOdk.jpg', 'stores\\October2019\\2Z7iKQwU9sPB6cr23rut.jpg', 'Cairo Festival City Mall, Cairo, Egypt', GeomFromText('POINT(-117.161084 32.715738)'), '16576', 'www.ikea.com/eg', 'https://www.facebook.com/IkeaEgypt/', 'https://www.youtube.com/user/IKEAEGYPT', 'https://www.instagram.com/ikeaegypt/', 'Scandinavian chain selling ready-to-assemble furniture, plus housewares, in a warehouse-like space.', '2019-10-31 16:23:30', '2019-10-31 17:21:05', null);
INSERT INTO `stores` VALUES ('4', 'Ashley', '[\"Bedroom\",\"Living Room\",\"Bathroom\"]', 'stores\\October2019\\B8M7xxe4Sj9jHB5Ah16z.jpg', 'stores\\October2019\\yGeVk9YPwEjydMKknrDj.jpg', 'Concord Plaza Mall, S Teseen St., Cairo, Egypt', GeomFromText('POINT(-117.161084 32.715738)'), '15135', 'https://hubfurniture.com.eg/ashley/', 'https://www.facebook.com/HubFurnitureegy', null, 'https://www.instagram.com/hub.furniture.egypt/', 'Ashley HomeStore is an American furniture store chain that sells Ashley Furniture products.', '2019-10-31 16:28:30', '2019-10-31 16:28:30', null);
INSERT INTO `stores` VALUES ('5', 'Mohm', '[\"Bedroom\",\"Living Room\",\"Bathroom\"]', 'stores\\October2019\\2L1DE2kMh9FSL9DX6FWA.jpg', 'stores\\October2019\\DM55itihx37blFEbs0zM.jpg', '90th st., Plot 318, Second Sector, New Cairo., Cairo', GeomFromText('POINT(-117.161084 32.715738)'), '0109 996 7381', 'https://mohmfurniture.com/', 'https://www.facebook.com/mohmfurnitureEgypt', 'https://www.youtube.com/channel/UC8zmlGzDkbHRTsOPXVeUWfA', 'http://instagram.com/mohmfurniture/', 'Office furniture manufacturer in Egypt', '2019-10-31 16:33:53', '2019-10-31 16:33:53', null);
INSERT INTO `stores` VALUES ('6', 'Pinocchio Furniture', '[\"Bedroom\",\"Living Room\",\"Bathroom\"]', 'stores\\October2019\\UAF7vCh6u0PXnvOoGPeo.jpg', 'stores\\October2019\\MREUBVO3Zf5SfpfB3V7S.jpg', 'Mohandseen, Giza, Egypt', GeomFromText('POINT(-117.161084 32.715738)'), '01023470503', 'https://www.pinocchio-furniture.com/', 'https://www.facebook.com/PinocchioFurniture/', null, null, 'Headquartered in Damietta - the center of furniture industry in Egypt', '2019-10-31 16:38:08', '2019-10-31 16:38:08', null);
INSERT INTO `stores` VALUES ('7', 'in & Out', '[\"Bedroom\",\"Living Room\",\"Bathroom\"]', 'stores\\October2019\\q7LFQ7lXGVmltlihHd1J.jpg', 'stores\\October2019\\gEiiNwOQwBAQmJHkWTwc.jpg', '21 Makram Ebeid st., Nasr City, Cairo, Egypt', GeomFromText('POINT(-117.161084 32.715738)'), '0222740863', 'https://hubfurniture.com.eg/inout/', 'https://www.facebook.com/pg/InOut.Furniture', null, null, 'Egyptian furniture store', '2019-10-31 16:41:13', '2019-10-31 17:19:27', null);

-- ----------------------------
-- Table structure for subjects
-- ----------------------------
DROP TABLE IF EXISTS `subjects`;
CREATE TABLE `subjects` (
  `id` int(10) unsigned NOT NULL AUTO_INCREMENT,
  `name` varchar(255) COLLATE utf8mb4_unicode_ci DEFAULT NULL,
  `created_at` timestamp NULL DEFAULT NULL,
  `updated_at` timestamp NULL DEFAULT NULL,
  `deleted_at` timestamp NULL DEFAULT NULL,
  PRIMARY KEY (`id`)
) ENGINE=InnoDB AUTO_INCREMENT=7 DEFAULT CHARSET=utf8mb4 COLLATE=utf8mb4_unicode_ci;

-- ----------------------------
-- Records of subjects
-- ----------------------------
INSERT INTO `subjects` VALUES ('1', 'Ads', '2019-06-18 16:49:34', '2019-06-18 16:49:34', null);
INSERT INTO `subjects` VALUES ('2', 'Payment', '2019-06-18 16:49:41', '2019-06-18 16:49:41', null);
INSERT INTO `subjects` VALUES ('3', 'installments', '2019-06-18 16:49:48', '2019-06-18 16:49:48', null);
INSERT INTO `subjects` VALUES ('4', 'Chat', '2019-06-18 16:49:59', '2019-06-18 16:49:59', null);
INSERT INTO `subjects` VALUES ('5', 'Contact Agent', '2019-06-18 16:50:12', '2019-06-18 16:50:12', null);
INSERT INTO `subjects` VALUES ('6', 'Other', '2019-06-18 16:50:22', '2019-06-18 16:50:22', null);

-- ----------------------------
-- Table structure for suppliercategories
-- ----------------------------
DROP TABLE IF EXISTS `suppliercategories`;
CREATE TABLE `suppliercategories` (
  `id` int(10) unsigned NOT NULL AUTO_INCREMENT,
  `name` varchar(255) COLLATE utf8mb4_unicode_ci DEFAULT NULL,
  `img` varchar(255) COLLATE utf8mb4_unicode_ci DEFAULT NULL,
  `created_at` timestamp NULL DEFAULT NULL,
  `updated_at` timestamp NULL DEFAULT NULL,
  `deleted_at` timestamp NULL DEFAULT NULL,
  PRIMARY KEY (`id`)
) ENGINE=InnoDB AUTO_INCREMENT=5 DEFAULT CHARSET=utf8mb4 COLLATE=utf8mb4_unicode_ci;

-- ----------------------------
-- Records of suppliercategories
-- ----------------------------
INSERT INTO `suppliercategories` VALUES ('1', 'Furniture', 'suppliercategories/November2019/NXxBtxDruMkAabVWq8qQ.jpeg', '2019-09-09 16:03:07', '2019-11-24 15:58:17', null);
INSERT INTO `suppliercategories` VALUES ('2', 'Kitchens', 'suppliercategories/November2019/Zr5LMePARdrGLDh0RWfG.jpg', '2019-09-09 16:04:15', '2019-11-24 15:56:45', null);
INSERT INTO `suppliercategories` VALUES ('3', 'Gardens', 'suppliercategories/November2019/UwNebbZx2QPxv7Hhlgjz.jpg', '2019-09-09 16:04:52', '2019-11-24 15:55:26', null);
INSERT INTO `suppliercategories` VALUES ('4', 'Pools', 'suppliercategories/November2019/wIoShxBNRK1xK9StaI75.jpeg', '2019-09-09 16:05:41', '2019-11-24 15:50:46', null);

-- ----------------------------
-- Table structure for tips
-- ----------------------------
DROP TABLE IF EXISTS `tips`;
CREATE TABLE `tips` (
  `id` int(10) unsigned NOT NULL AUTO_INCREMENT,
  `sentence` varchar(255) COLLATE utf8mb4_unicode_ci DEFAULT NULL,
  `created_at` timestamp NULL DEFAULT NULL,
  `updated_at` timestamp NULL DEFAULT NULL,
  `deleted_at` timestamp NULL DEFAULT NULL,
  PRIMARY KEY (`id`)
) ENGINE=InnoDB AUTO_INCREMENT=10 DEFAULT CHARSET=utf8mb4 COLLATE=utf8mb4_unicode_ci;

-- ----------------------------
-- Records of tips
-- ----------------------------
INSERT INTO `tips` VALUES ('1', 'Never transfer money in advance .', '2019-06-11 11:15:35', '2019-06-11 11:17:18', null);
INSERT INTO `tips` VALUES ('2', 'Meet the seller at a public place .', '2019-06-11 11:15:56', '2019-06-11 11:15:56', null);
INSERT INTO `tips` VALUES ('3', 'Avoid items with an unrealistic place .', '2019-06-11 11:16:28', '2019-06-11 11:16:28', null);
INSERT INTO `tips` VALUES ('4', 'Dont proceed if something seems wrong .', '2019-06-11 11:17:09', '2019-06-11 11:17:09', null);
INSERT INTO `tips` VALUES ('5', 'لللللللللللللللللللللللللللللللللللللللللللللللل', '2019-10-17 10:20:03', '2019-10-17 10:36:17', '2019-10-17 10:36:17');
INSERT INTO `tips` VALUES ('6', '1', '2019-10-17 10:21:28', '2019-10-17 10:36:17', '2019-10-17 10:36:17');
INSERT INTO `tips` VALUES ('7', '1', '2019-10-17 10:21:40', '2019-10-17 10:36:17', '2019-10-17 10:36:17');
INSERT INTO `tips` VALUES ('8', '1', '2019-10-17 10:21:52', '2019-10-17 10:36:17', '2019-10-17 10:36:17');
INSERT INTO `tips` VALUES ('9', '1', '2019-10-17 10:22:03', '2019-10-17 10:36:17', '2019-10-17 10:36:17');

-- ----------------------------
-- Table structure for translations
-- ----------------------------
DROP TABLE IF EXISTS `translations`;
CREATE TABLE `translations` (
  `id` int(10) unsigned NOT NULL AUTO_INCREMENT,
  `table_name` varchar(191) COLLATE utf8mb4_unicode_ci NOT NULL,
  `column_name` varchar(191) COLLATE utf8mb4_unicode_ci NOT NULL,
  `foreign_key` int(10) unsigned NOT NULL,
  `locale` varchar(191) COLLATE utf8mb4_unicode_ci NOT NULL,
  `value` text COLLATE utf8mb4_unicode_ci NOT NULL,
  `created_at` timestamp NULL DEFAULT NULL,
  `updated_at` timestamp NULL DEFAULT NULL,
  PRIMARY KEY (`id`),
  UNIQUE KEY `translations_table_name_column_name_foreign_key_locale_unique` (`table_name`,`column_name`,`foreign_key`,`locale`)
) ENGINE=InnoDB AUTO_INCREMENT=229 DEFAULT CHARSET=utf8mb4 COLLATE=utf8mb4_unicode_ci;

-- ----------------------------
-- Records of translations
-- ----------------------------
INSERT INTO `translations` VALUES ('1', 'data_types', 'display_name_singular', '5', 'pt', 'Post', '2019-05-08 10:50:19', '2019-05-08 10:50:19');
INSERT INTO `translations` VALUES ('2', 'data_types', 'display_name_singular', '6', 'pt', 'Página', '2019-05-08 10:50:19', '2019-05-08 10:50:19');
INSERT INTO `translations` VALUES ('3', 'data_types', 'display_name_singular', '1', 'pt', 'Utilizador', '2019-05-08 10:50:20', '2019-05-08 10:50:20');
INSERT INTO `translations` VALUES ('4', 'data_types', 'display_name_singular', '4', 'pt', 'Categoria', '2019-05-08 10:50:20', '2019-05-08 10:50:20');
INSERT INTO `translations` VALUES ('5', 'data_types', 'display_name_singular', '2', 'pt', 'Menu', '2019-05-08 10:50:20', '2019-05-08 10:50:20');
INSERT INTO `translations` VALUES ('6', 'data_types', 'display_name_singular', '3', 'pt', 'Função', '2019-05-08 10:50:20', '2019-05-08 10:50:20');
INSERT INTO `translations` VALUES ('7', 'data_types', 'display_name_plural', '5', 'pt', 'Posts', '2019-05-08 10:50:20', '2019-05-08 10:50:20');
INSERT INTO `translations` VALUES ('8', 'data_types', 'display_name_plural', '6', 'pt', 'Páginas', '2019-05-08 10:50:20', '2019-05-08 10:50:20');
INSERT INTO `translations` VALUES ('9', 'data_types', 'display_name_plural', '1', 'pt', 'Utilizadores', '2019-05-08 10:50:20', '2019-05-08 10:50:20');
INSERT INTO `translations` VALUES ('10', 'data_types', 'display_name_plural', '4', 'pt', 'Categorias', '2019-05-08 10:50:20', '2019-05-08 10:50:20');
INSERT INTO `translations` VALUES ('11', 'data_types', 'display_name_plural', '2', 'pt', 'Menus', '2019-05-08 10:50:20', '2019-05-08 10:50:20');
INSERT INTO `translations` VALUES ('12', 'data_types', 'display_name_plural', '3', 'pt', 'Funções', '2019-05-08 10:50:20', '2019-05-08 10:50:20');
INSERT INTO `translations` VALUES ('13', 'categories', 'slug', '1', 'pt', 'categoria-1', '2019-05-08 10:50:20', '2019-05-08 10:50:20');
INSERT INTO `translations` VALUES ('14', 'categories', 'name', '1', 'pt', 'Categoria 1', '2019-05-08 10:50:20', '2019-05-08 10:50:20');
INSERT INTO `translations` VALUES ('15', 'categories', 'slug', '2', 'pt', 'categoria-2', '2019-05-08 10:50:21', '2019-05-08 10:50:21');
INSERT INTO `translations` VALUES ('16', 'categories', 'name', '2', 'pt', 'Categoria 2', '2019-05-08 10:50:21', '2019-05-08 10:50:21');
INSERT INTO `translations` VALUES ('17', 'pages', 'title', '1', 'pt', 'Olá Mundo', '2019-05-08 10:50:21', '2019-05-08 10:50:21');
INSERT INTO `translations` VALUES ('18', 'pages', 'slug', '1', 'pt', 'ola-mundo', '2019-05-08 10:50:21', '2019-05-08 10:50:21');
INSERT INTO `translations` VALUES ('19', 'pages', 'body', '1', 'pt', '<p>Olá Mundo. Scallywag grog swab Cat o\'nine tails scuttle rigging hardtack cable nipper Yellow Jack. Handsomely spirits knave lad killick landlubber or just lubber deadlights chantey pinnace crack Jennys tea cup. Provost long clothes black spot Yellow Jack bilged on her anchor league lateen sail case shot lee tackle.</p>\r\n<p>Ballast spirits fluke topmast me quarterdeck schooner landlubber or just lubber gabion belaying pin. Pinnace stern galleon starboard warp carouser to go on account dance the hempen jig jolly boat measured fer yer chains. Man-of-war fire in the hole nipperkin handsomely doubloon barkadeer Brethren of the Coast gibbet driver squiffy.</p>', '2019-05-08 10:50:21', '2019-05-08 10:50:21');
INSERT INTO `translations` VALUES ('20', 'menu_items', 'title', '1', 'pt', 'Painel de Controle', '2019-05-08 10:50:21', '2019-05-08 10:50:21');
INSERT INTO `translations` VALUES ('21', 'menu_items', 'title', '2', 'pt', 'Media', '2019-05-08 10:50:21', '2019-05-08 10:50:21');
INSERT INTO `translations` VALUES ('22', 'menu_items', 'title', '12', 'pt', 'Publicações', '2019-05-08 10:50:21', '2019-05-08 10:50:21');
INSERT INTO `translations` VALUES ('23', 'menu_items', 'title', '3', 'pt', 'Utilizadores', '2019-05-08 10:50:21', '2019-05-08 10:50:21');
INSERT INTO `translations` VALUES ('24', 'menu_items', 'title', '11', 'pt', 'Categorias', '2019-05-08 10:50:21', '2019-05-08 10:50:21');
INSERT INTO `translations` VALUES ('25', 'menu_items', 'title', '13', 'pt', 'Páginas', '2019-05-08 10:50:21', '2019-05-08 10:50:21');
INSERT INTO `translations` VALUES ('26', 'menu_items', 'title', '4', 'pt', 'Funções', '2019-05-08 10:50:22', '2019-05-08 10:50:22');
INSERT INTO `translations` VALUES ('27', 'menu_items', 'title', '5', 'pt', 'Ferramentas', '2019-05-08 10:50:22', '2019-05-08 10:50:22');
INSERT INTO `translations` VALUES ('28', 'menu_items', 'title', '6', 'pt', 'Menus', '2019-05-08 10:50:22', '2019-05-08 10:50:22');
INSERT INTO `translations` VALUES ('29', 'menu_items', 'title', '7', 'pt', 'Base de dados', '2019-05-08 10:50:22', '2019-05-08 10:50:22');
INSERT INTO `translations` VALUES ('30', 'menu_items', 'title', '10', 'pt', 'Configurações', '2019-05-08 10:50:22', '2019-05-08 10:50:22');
INSERT INTO `translations` VALUES ('31', 'intros', 'text', '1', 'ar', 'مرحبا بكم فى لودج', '2019-07-10 15:30:20', '2019-07-10 15:30:20');
INSERT INTO `translations` VALUES ('32', 'intros', 'text', '2', 'ar', 'اعثر على منزل أحلامك', '2019-07-10 15:34:18', '2019-07-10 15:34:18');
INSERT INTO `translations` VALUES ('33', 'intros', 'text', '3', 'ar', 'عش من أنت', '2019-07-10 15:34:51', '2019-07-10 15:34:51');
INSERT INTO `translations` VALUES ('34', 'unittypes', 'name', '1', 'ar', 'فيلا', '2019-07-10 16:03:15', '2019-07-10 16:03:15');
INSERT INTO `translations` VALUES ('35', 'unittypes', 'name', '2', 'ar', 'شقه', '2019-07-10 18:04:58', '2019-09-12 09:55:50');
INSERT INTO `translations` VALUES ('36', 'unittypes', 'name', '3', 'ar', 'دوبلكس', '2019-07-10 18:05:28', '2019-07-10 18:05:28');
INSERT INTO `translations` VALUES ('37', 'unittypes', 'name', '4', 'ar', 'تاون هاوس', '2019-07-10 18:06:18', '2019-07-10 18:06:18');
INSERT INTO `translations` VALUES ('38', 'unittypes', 'name', '5', 'ar', 'مبنى خارجي', '2019-07-10 18:07:57', '2019-07-10 18:07:57');
INSERT INTO `translations` VALUES ('39', 'unittypes', 'name', '6', 'ar', 'شاليه', '2019-07-10 18:08:14', '2019-07-10 18:08:52');
INSERT INTO `translations` VALUES ('40', 'unittypes', 'name', '7', 'ar', 'ستوديو', '2019-07-10 18:09:36', '2019-07-10 18:09:36');
INSERT INTO `translations` VALUES ('41', 'unittypes', 'name', '8', 'ar', 'أرض', '2019-07-10 18:21:48', '2019-07-10 18:21:48');
INSERT INTO `translations` VALUES ('42', 'data_types', 'display_name_singular', '20', 'ar', 'Intro', '2019-07-11 11:23:03', '2019-07-11 11:23:03');
INSERT INTO `translations` VALUES ('43', 'data_types', 'display_name_plural', '20', 'ar', 'Intros', '2019-07-11 11:23:03', '2019-07-11 11:23:03');
INSERT INTO `translations` VALUES ('44', 'features', 'name', '1', 'ar', 'أثاث', '2019-07-11 13:24:23', '2019-07-11 13:24:23');
INSERT INTO `translations` VALUES ('45', 'features', 'name', '2', 'ar', 'جراج', '2019-07-11 13:24:33', '2019-07-11 13:24:33');
INSERT INTO `translations` VALUES ('46', 'features', 'name', '3', 'ar', 'حديقة خاصة', '2019-07-11 13:24:45', '2019-07-11 13:24:45');
INSERT INTO `translations` VALUES ('47', 'options', 'name', '6', 'ar', 'لا', '2019-07-11 13:31:55', '2019-07-11 13:31:55');
INSERT INTO `translations` VALUES ('48', 'options', 'name', '5', 'ar', 'نعم', '2019-07-11 13:32:15', '2019-07-11 13:32:15');
INSERT INTO `translations` VALUES ('49', 'options', 'name', '4', 'ar', 'نصف مفروش', '2019-07-11 13:33:05', '2019-07-11 13:33:05');
INSERT INTO `translations` VALUES ('50', 'options', 'name', '3', 'ar', 'مفروش', '2019-07-11 13:33:20', '2019-07-11 13:33:20');
INSERT INTO `translations` VALUES ('51', 'options', 'name', '2', 'ar', 'لا', '2019-07-11 13:33:30', '2019-07-11 13:33:30');
INSERT INTO `translations` VALUES ('52', 'options', 'name', '1', 'ar', 'نعم', '2019-07-11 13:33:38', '2019-07-11 13:33:38');
INSERT INTO `translations` VALUES ('53', 'currencies', 'name', '3', 'ar', 'يورو', '2019-07-11 13:48:46', '2019-07-11 13:48:46');
INSERT INTO `translations` VALUES ('54', 'currencies', 'name', '2', 'ar', 'دولار', '2019-07-11 13:48:55', '2019-07-11 13:49:15');
INSERT INTO `translations` VALUES ('55', 'currencies', 'name', '1', 'ar', 'جنيه', '2019-07-11 13:49:35', '2019-07-11 13:49:35');
INSERT INTO `translations` VALUES ('56', 'periods', 'name', '4', 'ar', 'سنه', '2019-07-11 13:54:44', '2019-07-11 13:54:44');
INSERT INTO `translations` VALUES ('57', 'periods', 'name', '3', 'ar', 'شهر', '2019-07-11 13:54:52', '2019-07-11 13:54:52');
INSERT INTO `translations` VALUES ('58', 'periods', 'name', '2', 'ar', 'أسبوع', '2019-07-11 13:55:02', '2019-07-11 13:55:02');
INSERT INTO `translations` VALUES ('59', 'periods', 'name', '1', 'ar', 'يوم', '2019-07-11 13:55:11', '2019-07-11 13:55:11');
INSERT INTO `translations` VALUES ('61', 'governrates', 'name', '2', 'ar', 'الجيزة', '2019-07-11 14:02:30', '2019-07-11 14:02:30');
INSERT INTO `translations` VALUES ('62', 'governrates', 'name', '3', 'ar', 'الإسكندرية', '2019-07-11 14:02:43', '2019-07-11 14:02:43');
INSERT INTO `translations` VALUES ('63', 'governrates', 'name', '4', 'ar', 'القليوبية', '2019-07-11 14:02:56', '2019-07-11 14:02:56');
INSERT INTO `translations` VALUES ('64', 'governrates', 'name', '5', 'ar', 'الشرقية', '2019-07-11 14:03:05', '2019-07-11 14:03:05');
INSERT INTO `translations` VALUES ('65', 'areas', 'name', '12', 'ar', 'الساحل الشمالي', '2019-07-11 14:19:12', '2019-07-11 14:19:12');
INSERT INTO `translations` VALUES ('66', 'areas', 'name', '11', 'ar', 'العين السخنه', '2019-07-11 14:19:24', '2019-07-11 14:19:24');
INSERT INTO `translations` VALUES ('67', 'areas', 'name', '10', 'ar', 'العاصمة الإدارية', '2019-07-11 14:19:39', '2019-07-11 14:19:39');
INSERT INTO `translations` VALUES ('68', 'areas', 'name', '9', 'ar', 'القاهرة الجديدة', '2019-07-11 14:19:55', '2019-07-11 14:19:55');
INSERT INTO `translations` VALUES ('69', 'areas', 'name', '8', 'ar', 'السادس من أكتوبر', '2019-07-11 14:20:18', '2019-07-11 14:20:18');
INSERT INTO `translations` VALUES ('70', 'areas', 'name', '7', 'ar', 'التجمع الخامس', '2019-07-11 14:20:33', '2019-07-11 14:20:33');
INSERT INTO `translations` VALUES ('71', 'areas', 'name', '6', 'ar', 'فاقوس', '2019-07-11 14:20:47', '2019-07-11 14:20:47');
INSERT INTO `translations` VALUES ('72', 'areas', 'name', '5', 'ar', 'المرج', '2019-07-11 14:20:56', '2019-07-11 14:20:56');
INSERT INTO `translations` VALUES ('73', 'areas', 'name', '4', 'ar', 'المعموره', '2019-07-11 14:21:08', '2019-07-11 14:21:08');
INSERT INTO `translations` VALUES ('74', 'areas', 'name', '3', 'ar', 'المنيب', '2019-07-11 14:21:18', '2019-07-11 14:21:18');
INSERT INTO `translations` VALUES ('75', 'areas', 'name', '2', 'ar', 'هيليوبليس', '2019-07-11 14:36:07', '2019-07-11 14:36:07');
INSERT INTO `translations` VALUES ('76', 'areas', 'name', '1', 'ar', 'مدينة نصر', '2019-07-11 14:36:19', '2019-07-11 14:36:19');
INSERT INTO `translations` VALUES ('77', 'compounds', 'name', '11', 'ar', 'قرية الدبلوماسيين', '2019-07-11 14:56:53', '2019-07-11 14:56:53');
INSERT INTO `translations` VALUES ('78', 'compounds', 'name', '10', 'ar', 'سيليا', '2019-07-11 14:57:02', '2019-07-11 14:57:02');
INSERT INTO `translations` VALUES ('79', 'compounds', 'name', '9', 'ar', 'مدينة الرحاب', '2019-07-11 14:57:15', '2019-07-11 14:57:15');
INSERT INTO `translations` VALUES ('80', 'compounds', 'name', '8', 'ar', 'زيزنيا المستقبل', '2019-07-11 14:57:30', '2019-07-11 14:57:30');
INSERT INTO `translations` VALUES ('81', 'compounds', 'name', '7', 'ar', 'الحصري', '2019-07-11 14:57:40', '2019-07-11 14:57:40');
INSERT INTO `translations` VALUES ('82', 'compounds', 'name', '6', 'ar', 'قرية زايد', '2019-07-11 14:57:52', '2019-07-11 14:57:52');
INSERT INTO `translations` VALUES ('83', 'compounds', 'name', '5', 'ar', 'ج ح ي', '2019-07-11 14:58:15', '2019-07-11 14:58:15');
INSERT INTO `translations` VALUES ('84', 'compounds', 'name', '4', 'ar', 'د ي ف', '2019-07-11 14:58:25', '2019-07-11 14:58:25');
INSERT INTO `translations` VALUES ('85', 'compounds', 'name', '3', 'ar', 'أ ب س', '2019-07-11 14:58:34', '2019-07-11 14:58:34');
INSERT INTO `translations` VALUES ('86', 'compounds', 'name', '2', 'ar', 'الزهور', '2019-07-11 14:58:44', '2019-07-11 14:58:44');
INSERT INTO `translations` VALUES ('87', 'compounds', 'name', '1', 'ar', 'جولف', '2019-07-11 14:58:57', '2019-07-11 14:58:57');
INSERT INTO `translations` VALUES ('88', 'packages', 'title', '4', 'ar', 'باقة بيزنس', '2019-07-11 15:11:44', '2019-07-11 15:11:44');
INSERT INTO `translations` VALUES ('89', 'packages', 'desc', '4', 'ar', 'اسأل عن عروضنا والباقات الجديدة للشركات والمهنيين', '2019-07-11 15:11:44', '2019-07-11 15:11:44');
INSERT INTO `translations` VALUES ('90', 'packages', 'title', '3', 'ar', 'الباقة الإعتيادية', '2019-07-11 15:12:28', '2019-07-11 15:12:28');
INSERT INTO `translations` VALUES ('91', 'packages', 'desc', '3', 'ar', 'لن تتمتع بالميزات المميزة', '2019-07-11 15:12:28', '2019-07-11 15:12:28');
INSERT INTO `translations` VALUES ('92', 'packages', 'title', '2', 'ar', 'يرفع يوميا لمدة 7 أيام', '2019-07-11 15:13:19', '2019-07-11 15:13:19');
INSERT INTO `translations` VALUES ('93', 'packages', 'desc', '2', 'ar', 'يمكنك رفع إعلانك تلقائيًا مرة واحدة يوميًا لمدة 7 أيام', '2019-07-11 15:13:19', '2019-07-11 15:13:19');
INSERT INTO `translations` VALUES ('94', 'packages', 'title', '1', 'ar', 'إعلان مميز لمدة 7 أيام', '2019-07-11 15:13:50', '2019-07-11 15:13:50');
INSERT INTO `translations` VALUES ('95', 'packages', 'desc', '1', 'ar', 'سيبقى إعلانك دائمًا ضمن أفضل أربعة إعلانات.', '2019-07-11 15:13:50', '2019-07-11 15:13:50');
INSERT INTO `translations` VALUES ('96', 'badges', 'name', '1', 'ar', 'رد سريع', '2019-07-11 15:22:08', '2019-07-11 15:22:08');
INSERT INTO `translations` VALUES ('97', 'badges', 'name', '2', 'ar', 'خدمة ممتازة', '2019-07-11 15:22:23', '2019-07-11 15:22:23');
INSERT INTO `translations` VALUES ('98', 'badges', 'name', '3', 'ar', 'معلومات دقيقة', '2019-07-11 15:22:36', '2019-07-11 15:22:36');
INSERT INTO `translations` VALUES ('99', 'badges', 'name', '4', 'ar', 'لودجر المتكرر', '2019-07-11 15:23:14', '2019-07-11 15:23:14');
INSERT INTO `translations` VALUES ('100', 'badges', 'name', '5', 'ar', 'لودر الأعلى تقييما', '2019-07-11 15:23:33', '2019-07-11 15:23:33');
INSERT INTO `translations` VALUES ('101', 'tips', 'sentence', '4', 'ar', '. لا تمضي إذا بدا شيء خاطئ', '2019-07-11 15:43:05', '2019-07-11 15:43:05');
INSERT INTO `translations` VALUES ('102', 'tips', 'sentence', '3', 'ar', '. تجنب العناصر ذات مكان غير واقعي', '2019-07-11 15:43:20', '2019-09-09 11:00:01');
INSERT INTO `translations` VALUES ('103', 'tips', 'sentence', '2', 'ar', '. قابل البائع في مكان عام', '2019-07-11 15:43:33', '2019-07-11 15:43:33');
INSERT INTO `translations` VALUES ('104', 'tips', 'sentence', '1', 'ar', ' .أبدا تحويل الأموال مقدما', '2019-07-11 15:43:47', '2019-07-11 15:43:47');
INSERT INTO `translations` VALUES ('105', 'reasons', 'name', '1', 'ar', 'تم البيع', '2019-07-11 15:57:17', '2019-07-11 15:57:17');
INSERT INTO `translations` VALUES ('106', 'reasons', 'name', '2', 'ar', 'قمت بتغيير رأيي', '2019-07-11 15:57:31', '2019-07-11 15:57:31');
INSERT INTO `translations` VALUES ('107', 'reasons', 'name', '3', 'ar', 'سبب أخر', '2019-07-11 15:57:42', '2019-07-11 15:57:42');
INSERT INTO `translations` VALUES ('108', 'subjects', 'name', '1', 'ar', 'إعلان', '2019-07-11 16:05:35', '2019-07-11 16:05:35');
INSERT INTO `translations` VALUES ('109', 'subjects', 'name', '2', 'ar', 'الدفع', '2019-07-11 16:05:45', '2019-07-11 16:05:45');
INSERT INTO `translations` VALUES ('110', 'subjects', 'name', '3', 'ar', 'أقساط', '2019-07-11 16:06:00', '2019-07-11 16:06:00');
INSERT INTO `translations` VALUES ('111', 'subjects', 'name', '4', 'ar', 'دردشة', '2019-07-11 16:06:14', '2019-07-11 16:06:14');
INSERT INTO `translations` VALUES ('112', 'subjects', 'name', '5', 'ar', 'اتصل بالوكيل', '2019-07-11 16:06:31', '2019-07-11 16:06:31');
INSERT INTO `translations` VALUES ('113', 'subjects', 'name', '6', 'ar', 'أخرى', '2019-07-11 16:06:41', '2019-07-11 16:06:41');
INSERT INTO `translations` VALUES ('114', 'data_types', 'display_name_singular', '22', 'ar', 'Badge', '2019-07-14 16:16:05', '2019-07-14 16:16:05');
INSERT INTO `translations` VALUES ('115', 'data_types', 'display_name_plural', '22', 'ar', 'Badges', '2019-07-14 16:16:05', '2019-07-14 16:16:05');
INSERT INTO `translations` VALUES ('116', 'statuses', 'name', '1', 'ar', 'قيد المراجعة', '2019-07-17 08:46:41', '2019-07-17 08:46:41');
INSERT INTO `translations` VALUES ('117', 'statuses', 'name', '2', 'ar', 'متاح', '2019-07-17 08:46:54', '2019-07-17 08:46:54');
INSERT INTO `translations` VALUES ('118', 'statuses', 'name', '3', 'ar', 'غير متاح', '2019-07-17 08:47:09', '2019-07-17 08:47:09');
INSERT INTO `translations` VALUES ('119', 'statuses', 'name', '4', 'ar', 'غير موجود', '2019-07-17 08:47:22', '2019-07-17 08:47:22');
INSERT INTO `translations` VALUES ('120', 'statuses', 'name', '5', 'ar', 'تم البيع', '2019-07-17 08:47:43', '2019-07-17 08:47:43');
INSERT INTO `translations` VALUES ('121', 'statuses', 'name', '7', 'ar', 'غير متوفر ', '2019-07-17 08:48:14', '2019-07-17 08:48:14');
INSERT INTO `translations` VALUES ('122', 'statuses', 'name', '6', 'ar', 'تم الرفض', '2019-07-17 08:48:43', '2019-07-17 08:48:43');
INSERT INTO `translations` VALUES ('123', 'data_types', 'display_name_singular', '17', 'ar', 'Lodge', '2019-08-08 14:18:46', '2019-08-08 14:18:46');
INSERT INTO `translations` VALUES ('124', 'data_types', 'display_name_plural', '17', 'ar', 'Lodges', '2019-08-08 14:18:46', '2019-08-08 14:18:46');
INSERT INTO `translations` VALUES ('125', 'menu_items', 'title', '16', 'ar', 'Features', '2019-08-18 10:22:22', '2019-08-18 10:22:22');
INSERT INTO `translations` VALUES ('126', 'menu_items', 'title', '18', 'ar', 'Currencies', '2019-08-18 10:23:07', '2019-08-18 10:23:07');
INSERT INTO `translations` VALUES ('127', 'menu_items', 'title', '35', 'ar', 'Subjects', '2019-08-18 10:23:48', '2019-08-18 10:23:48');
INSERT INTO `translations` VALUES ('128', 'menu_items', 'title', '34', 'ar', 'Tips', '2019-08-18 10:24:37', '2019-08-18 10:24:37');
INSERT INTO `translations` VALUES ('129', 'menu_items', 'title', '25', 'ar', 'Lodges', '2019-08-18 10:25:02', '2019-08-18 10:25:02');
INSERT INTO `translations` VALUES ('130', 'menu_items', 'title', '27', 'ar', 'Packagetransactions', '2019-08-18 10:25:22', '2019-08-18 10:25:22');
INSERT INTO `translations` VALUES ('131', 'menu_items', 'title', '28', 'ar', 'Intros', '2019-08-18 10:25:48', '2019-08-18 10:25:48');
INSERT INTO `translations` VALUES ('134', 'tips', 'sentence', '5', 'ar', 'لللللللللللللللللللللللللللللللللللللللللللل', '2019-08-19 08:57:17', '2019-10-17 10:20:03');
INSERT INTO `translations` VALUES ('135', 'tips', 'sentence', '6', 'ar', '1', '2019-08-19 08:57:25', '2019-10-17 10:21:28');
INSERT INTO `translations` VALUES ('136', 'tips', 'sentence', '7', 'ar', '1', '2019-08-19 08:57:42', '2019-10-17 10:21:40');
INSERT INTO `translations` VALUES ('137', 'tips', 'sentence', '8', 'ar', '1', '2019-08-19 08:57:50', '2019-10-17 10:21:52');
INSERT INTO `translations` VALUES ('138', 'tips', 'sentence', '9', 'ar', '1', '2019-08-19 08:58:00', '2019-10-17 10:22:03');
INSERT INTO `translations` VALUES ('139', 'tips', 'sentence', '10', 'ar', '', '2019-08-19 08:58:14', '2019-08-19 08:58:14');
INSERT INTO `translations` VALUES ('140', 'tips', 'sentence', '11', 'ar', '                       v', '2019-08-19 09:27:02', '2019-08-19 09:27:02');
INSERT INTO `translations` VALUES ('141', 'data_types', 'display_name_singular', '1', 'ar', 'User', '2019-09-01 12:34:54', '2019-09-01 12:34:54');
INSERT INTO `translations` VALUES ('142', 'data_types', 'display_name_plural', '1', 'ar', 'Users', '2019-09-01 12:34:54', '2019-09-01 12:34:54');
INSERT INTO `translations` VALUES ('143', 'data_types', 'display_name_singular', '12', 'ar', 'Governrate', '2019-09-01 14:37:03', '2019-09-01 14:37:03');
INSERT INTO `translations` VALUES ('144', 'data_types', 'display_name_plural', '12', 'ar', 'Governrates', '2019-09-01 14:37:03', '2019-09-01 14:37:03');
INSERT INTO `translations` VALUES ('145', 'data_types', 'display_name_singular', '13', 'ar', 'Area', '2019-09-02 14:30:35', '2019-09-02 14:30:35');
INSERT INTO `translations` VALUES ('146', 'data_types', 'display_name_plural', '13', 'ar', 'Areas', '2019-09-02 14:30:35', '2019-09-02 14:30:35');
INSERT INTO `translations` VALUES ('147', 'data_types', 'display_name_singular', '14', 'ar', 'Compound', '2019-09-02 14:30:50', '2019-09-02 14:30:50');
INSERT INTO `translations` VALUES ('148', 'data_types', 'display_name_plural', '14', 'ar', 'Compounds', '2019-09-02 14:30:50', '2019-09-02 14:30:50');
INSERT INTO `translations` VALUES ('149', 'data_types', 'display_name_singular', '10', 'ar', 'Currency', '2019-09-02 14:31:08', '2019-09-02 14:31:08');
INSERT INTO `translations` VALUES ('150', 'data_types', 'display_name_plural', '10', 'ar', 'Currencies', '2019-09-02 14:31:08', '2019-09-02 14:31:08');
INSERT INTO `translations` VALUES ('151', 'data_types', 'display_name_singular', '7', 'ar', 'Unittype', '2019-09-02 14:32:07', '2019-09-02 14:32:07');
INSERT INTO `translations` VALUES ('152', 'data_types', 'display_name_plural', '7', 'ar', 'Unittypes', '2019-09-02 14:32:07', '2019-09-02 14:32:07');
INSERT INTO `translations` VALUES ('153', 'governrates', 'name', '8', 'ar', 'السويس', '2019-09-08 11:10:51', '2019-09-08 11:10:51');
INSERT INTO `translations` VALUES ('154', 'suppliercategories', 'name', '1', 'ar', 'أثاث منزلي', '2019-09-09 16:03:07', '2019-09-09 16:03:07');
INSERT INTO `translations` VALUES ('155', 'suppliercategories', 'name', '2', 'ar', 'مطابخ', '2019-09-09 16:04:16', '2019-09-09 16:04:16');
INSERT INTO `translations` VALUES ('156', 'suppliercategories', 'name', '3', 'ar', 'حدائق', '2019-09-09 16:04:52', '2019-09-09 16:04:52');
INSERT INTO `translations` VALUES ('157', 'suppliercategories', 'name', '4', 'ar', 'حمامات سباحة', '2019-09-09 16:05:41', '2019-09-09 16:05:41');
INSERT INTO `translations` VALUES ('158', 'governrates', 'name', '9', 'ar', 'سينا', '2019-09-10 11:40:58', '2019-09-10 11:40:58');
INSERT INTO `translations` VALUES ('159', 'governrates', 'name', '1', 'ar', 'القاهرة', '2019-09-12 14:41:45', '2019-09-12 14:41:45');
INSERT INTO `translations` VALUES ('160', 'governrates', 'name', '10', 'ar', 'اسوان', '2019-09-12 15:11:14', '2019-09-12 15:11:14');
INSERT INTO `translations` VALUES ('161', 'governrates', 'name', '11', 'ar', 'اسيوط', '2019-09-12 15:11:42', '2019-09-12 15:11:42');
INSERT INTO `translations` VALUES ('162', 'governrates', 'name', '12', 'ar', 'الاقصر', '2019-09-12 15:24:29', '2019-09-12 15:24:29');
INSERT INTO `translations` VALUES ('163', 'governrates', 'name', '13', 'ar', 'الاسماعلية', '2019-09-12 15:24:59', '2019-09-12 15:24:59');
INSERT INTO `translations` VALUES ('164', 'governrates', 'name', '14', 'ar', 'البحر الاحمر', '2019-09-12 15:25:56', '2019-09-12 15:25:56');
INSERT INTO `translations` VALUES ('165', 'governrates', 'name', '15', 'ar', 'البحيرة', '2019-09-12 15:26:51', '2019-09-12 15:26:51');
INSERT INTO `translations` VALUES ('166', 'governrates', 'name', '16', 'ar', 'الدقهلية', '2019-09-12 15:28:23', '2019-09-12 15:28:23');
INSERT INTO `translations` VALUES ('167', 'governrates', 'name', '17', 'ar', 'الشرقية', '2019-09-12 15:29:52', '2019-09-12 15:29:52');
INSERT INTO `translations` VALUES ('168', 'governrates', 'name', '18', 'ar', 'الغربية', '2019-09-12 15:30:15', '2019-09-12 15:30:15');
INSERT INTO `translations` VALUES ('169', 'governrates', 'name', '19', 'ar', 'فيوم', '2019-09-12 15:30:32', '2019-09-12 15:30:32');
INSERT INTO `translations` VALUES ('170', 'governrates', 'name', '20', 'ar', 'قليوبية', '2019-09-12 15:30:54', '2019-09-12 15:30:54');
INSERT INTO `translations` VALUES ('171', 'governrates', 'name', '21', 'ar', 'منوفية', '2019-09-12 15:32:00', '2019-09-12 15:32:00');
INSERT INTO `translations` VALUES ('172', 'governrates', 'name', '22', 'ar', 'منيا', '2019-09-12 15:34:04', '2019-09-12 15:34:04');
INSERT INTO `translations` VALUES ('173', 'governrates', 'name', '23', 'ar', 'الوادي الجديد', '2019-09-12 15:34:32', '2019-09-12 15:34:32');
INSERT INTO `translations` VALUES ('174', 'governrates', 'name', '24', 'ar', 'بني سويف', '2019-09-12 15:34:57', '2019-09-12 15:34:57');
INSERT INTO `translations` VALUES ('175', 'governrates', 'name', '25', 'ar', 'بورسعيد ', '2019-09-12 15:35:46', '2019-09-12 15:35:46');
INSERT INTO `translations` VALUES ('176', 'governrates', 'name', '26', 'ar', 'شمال سيناء', '2019-09-12 15:36:12', '2019-09-12 15:36:12');
INSERT INTO `translations` VALUES ('177', 'governrates', 'name', '27', 'ar', 'دمياط', '2019-09-12 15:36:34', '2019-09-12 15:36:34');
INSERT INTO `translations` VALUES ('178', 'governrates', 'name', '28', 'ar', 'سوهاج', '2019-09-12 15:36:56', '2019-09-12 15:36:56');
INSERT INTO `translations` VALUES ('179', 'governrates', 'name', '29', 'ar', 'جنوب سيناء', '2019-09-12 15:37:29', '2019-09-12 15:37:29');
INSERT INTO `translations` VALUES ('180', 'governrates', 'name', '30', 'ar', 'قنا', '2019-09-12 15:38:07', '2019-09-12 15:38:07');
INSERT INTO `translations` VALUES ('181', 'governrates', 'name', '31', 'ar', 'كفر الشيخ ', '2019-09-12 15:38:38', '2019-09-12 15:38:38');
INSERT INTO `translations` VALUES ('182', 'governrates', 'name', '32', 'ar', 'مطروح', '2019-09-12 15:39:01', '2019-09-12 15:39:01');
INSERT INTO `translations` VALUES ('183', 'areas', 'name', '13', 'ar', 'ابو الريش', '2019-09-15 15:38:45', '2019-09-15 15:38:45');
INSERT INTO `translations` VALUES ('184', 'areas', 'name', '14', 'ar', 'ابانوب', '2019-09-15 15:40:03', '2019-09-15 15:40:03');
INSERT INTO `translations` VALUES ('185', 'areas', 'name', '15', 'ar', 'مدينه الاقصر', '2019-09-15 15:40:58', '2019-09-15 15:40:58');
INSERT INTO `translations` VALUES ('186', 'areas', 'name', '16', 'ar', 'فايد', '2019-09-15 15:42:03', '2019-09-15 15:42:03');
INSERT INTO `translations` VALUES ('187', 'areas', 'name', '17', 'ar', 'غردقه - الجونه', '2019-09-15 15:42:56', '2019-09-15 15:42:56');
INSERT INTO `translations` VALUES ('188', 'areas', 'name', '18', 'ar', 'ابو حمص', '2019-09-15 15:43:38', '2019-09-15 15:43:38');
INSERT INTO `translations` VALUES ('189', 'areas', 'name', '19', 'ar', 'اجا', '2019-09-15 15:44:12', '2019-09-15 15:44:12');
INSERT INTO `translations` VALUES ('190', 'areas', 'name', '20', 'ar', 'كفر الزيات', '2019-09-15 15:45:17', '2019-09-15 15:45:17');
INSERT INTO `translations` VALUES ('191', 'areas', 'name', '21', 'ar', 'الفيوم الجديده', '2019-09-15 15:45:56', '2019-09-15 15:45:56');
INSERT INTO `translations` VALUES ('192', 'areas', 'name', '22', 'ar', 'اشمون', '2019-09-15 15:46:38', '2019-09-15 15:46:38');
INSERT INTO `translations` VALUES ('193', 'areas', 'name', '23', 'ar', 'ابو جرجس', '2019-09-15 15:47:56', '2019-09-15 15:47:56');
INSERT INTO `translations` VALUES ('194', 'areas', 'name', '24', 'ar', 'خارجه', '2019-09-15 15:48:42', '2019-09-15 15:48:42');
INSERT INTO `translations` VALUES ('195', 'areas', 'name', '25', 'ar', 'ناصر', '2019-09-15 15:49:20', '2019-09-15 15:49:20');
INSERT INTO `translations` VALUES ('196', 'areas', 'name', '26', 'ar', 'منطقة الميناء', '2019-09-15 15:50:21', '2019-09-15 15:50:21');
INSERT INTO `translations` VALUES ('197', 'areas', 'name', '27', 'ar', 'دهب', '2019-09-15 15:50:58', '2019-09-15 15:50:58');
INSERT INTO `translations` VALUES ('198', 'areas', 'name', '28', 'ar', 'كفر سعد', '2019-09-15 15:51:42', '2019-09-15 15:51:42');
INSERT INTO `translations` VALUES ('199', 'areas', 'name', '29', 'ar', 'دار السلام', '2019-09-15 15:52:20', '2019-09-15 15:52:20');
INSERT INTO `translations` VALUES ('200', 'areas', 'name', '30', 'ar', 'العريش', '2019-09-15 15:52:59', '2019-09-15 15:52:59');
INSERT INTO `translations` VALUES ('201', 'areas', 'name', '31', 'ar', 'ابو طشت', '2019-09-15 15:54:13', '2019-09-15 15:54:13');
INSERT INTO `translations` VALUES ('202', 'areas', 'name', '32', 'ar', 'بلطيم', '2019-09-15 15:55:08', '2019-09-15 15:55:08');
INSERT INTO `translations` VALUES ('203', 'areas', 'name', '33', 'ar', 'سلوم', '2019-09-15 15:56:36', '2019-09-15 15:56:36');
INSERT INTO `translations` VALUES ('204', 'data_types', 'display_name_singular', '28', 'ar', 'Notification', '2019-09-17 07:59:20', '2019-09-17 07:59:20');
INSERT INTO `translations` VALUES ('205', 'data_types', 'display_name_plural', '28', 'ar', 'Notifications', '2019-09-17 07:59:20', '2019-09-17 07:59:20');
INSERT INTO `translations` VALUES ('206', 'intros', 'text', '4', 'ar', 'معلومات', '2019-10-14 13:34:19', '2019-10-14 14:39:50');
INSERT INTO `translations` VALUES ('208', 'menu_items', 'title', '36', 'ar', 'Assets', '2019-10-17 11:00:25', '2019-10-17 11:00:25');
INSERT INTO `translations` VALUES ('209', 'menu_items', 'title', '26', 'ar', 'Lodgeoptions', '2019-10-27 11:52:23', '2019-10-27 11:52:23');
INSERT INTO `translations` VALUES ('210', 'unittypes', 'name', '9', 'ar', 'توينهاوس', '2019-10-31 12:21:57', '2019-10-31 12:21:57');
INSERT INTO `translations` VALUES ('211', 'menu_items', 'title', '24', 'ar', 'Packages', '2019-11-07 10:20:53', '2019-11-07 10:20:53');
INSERT INTO `translations` VALUES ('212', 'menu_items', 'title', '29', 'ar', 'Likes', '2019-11-07 10:33:53', '2019-11-07 10:33:53');
INSERT INTO `translations` VALUES ('213', 'menu_items', 'title', '30', 'ar', 'Badges', '2019-11-07 10:41:31', '2019-11-07 10:41:31');
INSERT INTO `translations` VALUES ('214', 'menu_items', 'title', '31', 'ar', 'Rates', '2019-11-07 10:44:37', '2019-11-07 10:44:37');
INSERT INTO `translations` VALUES ('215', 'menu_items', 'title', '37', 'ar', 'Notifications', '2019-11-07 10:46:04', '2019-11-07 10:46:04');
INSERT INTO `translations` VALUES ('216', 'data_types', 'display_name_singular', '34', 'ar', 'Developer', '2019-11-24 14:30:50', '2019-11-24 14:30:50');
INSERT INTO `translations` VALUES ('217', 'data_types', 'display_name_plural', '34', 'ar', 'Developers', '2019-11-24 14:30:50', '2019-11-24 14:30:50');
INSERT INTO `translations` VALUES ('218', 'data_types', 'display_name_singular', '29', 'ar', 'Store Category', '2019-11-24 14:31:43', '2019-11-24 14:31:43');
INSERT INTO `translations` VALUES ('219', 'data_types', 'display_name_plural', '29', 'ar', 'Store Categories', '2019-11-24 14:31:43', '2019-11-24 14:31:43');
INSERT INTO `translations` VALUES ('220', 'data_types', 'display_name_singular', '33', 'ar', 'Suppliercategory', '2019-11-24 14:31:52', '2019-11-24 14:31:52');
INSERT INTO `translations` VALUES ('221', 'data_types', 'display_name_plural', '33', 'ar', 'Suppliercategories', '2019-11-24 14:31:52', '2019-11-24 14:31:52');
INSERT INTO `translations` VALUES ('222', 'data_types', 'display_name_singular', '32', 'ar', 'Store', '2019-11-24 14:32:19', '2019-11-24 14:32:19');
INSERT INTO `translations` VALUES ('223', 'data_types', 'display_name_plural', '32', 'ar', 'Stores', '2019-11-24 14:32:19', '2019-11-24 14:32:19');
INSERT INTO `translations` VALUES ('224', 'data_types', 'display_name_singular', '31', 'ar', 'Product', '2019-11-24 14:32:35', '2019-11-24 14:32:35');
INSERT INTO `translations` VALUES ('225', 'data_types', 'display_name_plural', '31', 'ar', 'Products', '2019-11-24 14:32:35', '2019-11-24 14:32:35');
INSERT INTO `translations` VALUES ('226', 'data_types', 'display_name_singular', '30', 'ar', 'Offer', '2019-11-24 14:32:49', '2019-11-24 14:32:49');
INSERT INTO `translations` VALUES ('227', 'data_types', 'display_name_plural', '30', 'ar', 'Offers', '2019-11-24 14:32:49', '2019-11-24 14:32:49');
INSERT INTO `translations` VALUES ('228', 'menu_items', 'title', '44', 'ar', '', '2019-11-24 14:34:29', '2019-11-24 14:34:29');

-- ----------------------------
-- Table structure for unittypes
-- ----------------------------
DROP TABLE IF EXISTS `unittypes`;
CREATE TABLE `unittypes` (
  `id` int(10) unsigned NOT NULL AUTO_INCREMENT,
  `name` varchar(255) COLLATE utf8mb4_unicode_ci DEFAULT NULL,
  `icon` varchar(255) COLLATE utf8mb4_unicode_ci DEFAULT NULL,
  `created_at` timestamp NULL DEFAULT NULL,
  `updated_at` timestamp NULL DEFAULT NULL,
  `deleted_at` timestamp NULL DEFAULT NULL,
  PRIMARY KEY (`id`)
) ENGINE=InnoDB AUTO_INCREMENT=10 DEFAULT CHARSET=utf8mb4 COLLATE=utf8mb4_unicode_ci;

-- ----------------------------
-- Records of unittypes
-- ----------------------------
INSERT INTO `unittypes` VALUES ('1', 'Villa', null, '2019-05-14 10:15:22', '2019-09-22 08:17:42', null);
INSERT INTO `unittypes` VALUES ('2', 'Flat', 'unittypes/June2019/EsjzgrwhyJQv5tifIx7X.jpg', '2019-05-14 10:15:22', '2019-06-20 12:31:56', null);
INSERT INTO `unittypes` VALUES ('3', 'Duplex', 'unittypes/June2019/C2LAp4wOdYCoCQ4fBsqo.jpg', '2019-05-14 10:15:22', '2019-06-20 12:32:38', null);
INSERT INTO `unittypes` VALUES ('4', 'Townhouse', null, '2019-05-14 10:15:22', '2019-06-20 12:55:28', null);
INSERT INTO `unittypes` VALUES ('5', 'Penthouse', null, '2019-05-14 10:15:22', '2019-10-31 12:13:44', null);
INSERT INTO `unittypes` VALUES ('6', 'Chalet', null, '2019-05-14 10:15:22', '2019-06-20 12:55:49', null);
INSERT INTO `unittypes` VALUES ('7', 'Studio', null, '2019-05-14 10:15:22', '2019-06-20 12:56:15', null);
INSERT INTO `unittypes` VALUES ('8', 'Land', null, '2019-05-14 10:15:22', '2019-06-20 12:56:28', null);
INSERT INTO `unittypes` VALUES ('9', 'Twinhouse', null, '2019-10-31 12:21:57', '2019-10-31 12:21:57', null);

-- ----------------------------
-- Table structure for user_roles
-- ----------------------------
DROP TABLE IF EXISTS `user_roles`;
CREATE TABLE `user_roles` (
  `user_id` bigint(20) unsigned NOT NULL,
  `role_id` bigint(20) unsigned NOT NULL,
  PRIMARY KEY (`user_id`,`role_id`),
  KEY `user_roles_user_id_index` (`user_id`),
  KEY `user_roles_role_id_index` (`role_id`),
  CONSTRAINT `user_roles_role_id_foreign` FOREIGN KEY (`role_id`) REFERENCES `roles` (`id`) ON DELETE CASCADE,
  CONSTRAINT `user_roles_user_id_foreign` FOREIGN KEY (`user_id`) REFERENCES `users` (`id`) ON DELETE CASCADE
) ENGINE=InnoDB DEFAULT CHARSET=utf8mb4 COLLATE=utf8mb4_unicode_ci;

-- ----------------------------
-- Records of user_roles
-- ----------------------------

-- ----------------------------
-- Table structure for user_searches
-- ----------------------------
DROP TABLE IF EXISTS `user_searches`;
CREATE TABLE `user_searches` (
  `id` int(10) unsigned NOT NULL AUTO_INCREMENT,
  `process` varchar(255) COLLATE utf8mb4_unicode_ci DEFAULT NULL,
  `unit_type_id` varchar(255) COLLATE utf8mb4_unicode_ci DEFAULT NULL,
  `governrate_id` varchar(255) COLLATE utf8mb4_unicode_ci DEFAULT NULL,
  `area_id` varchar(255) COLLATE utf8mb4_unicode_ci DEFAULT NULL,
  `compound_id` varchar(255) COLLATE utf8mb4_unicode_ci DEFAULT NULL,
  `price_max` int(11) DEFAULT NULL,
  `price_min` int(11) DEFAULT NULL,
  `keyword` varchar(255) COLLATE utf8mb4_unicode_ci DEFAULT NULL,
  `created_at` timestamp NULL DEFAULT NULL,
  `updated_at` timestamp NULL DEFAULT NULL,
  `deleted_at` timestamp NULL DEFAULT NULL,
  `user_id` varchar(255) COLLATE utf8mb4_unicode_ci DEFAULT NULL,
  PRIMARY KEY (`id`)
) ENGINE=InnoDB AUTO_INCREMENT=230 DEFAULT CHARSET=utf8mb4 COLLATE=utf8mb4_unicode_ci;

-- ----------------------------
-- Records of user_searches
-- ----------------------------
INSERT INTO `user_searches` VALUES ('1', 'S', null, null, null, null, null, null, null, '2019-11-12 10:39:34', '2019-11-12 10:39:34', null, '128');
INSERT INTO `user_searches` VALUES ('2', 'R', null, null, null, null, null, null, null, '2019-11-12 10:39:55', '2019-11-12 10:39:55', null, '128');
INSERT INTO `user_searches` VALUES ('3', 'S', null, null, null, null, '0', '0', null, '2019-11-12 10:40:07', '2019-11-12 10:40:07', null, '112');
INSERT INTO `user_searches` VALUES ('4', 'S', null, null, null, null, '0', '0', null, '2019-11-12 10:40:11', '2019-11-12 10:40:11', null, '128');
INSERT INTO `user_searches` VALUES ('5', 'S', null, null, null, null, '0', '0', null, '2019-11-12 10:40:27', '2019-11-12 10:40:27', null, '112');
INSERT INTO `user_searches` VALUES ('6', 'S', null, null, null, null, '0', '0', null, '2019-11-12 10:40:39', '2019-11-12 10:40:39', null, '112');
INSERT INTO `user_searches` VALUES ('7', 'S', null, null, null, null, null, null, null, '2019-11-12 10:40:51', '2019-11-12 10:40:51', null, '128');
INSERT INTO `user_searches` VALUES ('8', 'R', null, null, null, null, null, null, null, '2019-11-12 10:41:02', '2019-11-12 10:41:02', null, '128');
INSERT INTO `user_searches` VALUES ('9', 'S', null, null, null, null, null, null, null, '2019-11-12 10:42:52', '2019-11-12 10:42:52', null, '128');
INSERT INTO `user_searches` VALUES ('10', 'R', null, null, null, null, null, null, null, '2019-11-12 10:42:55', '2019-11-12 10:42:55', null, '128');
INSERT INTO `user_searches` VALUES ('11', 'S', null, null, '[\"8\"]', null, null, null, null, '2019-11-12 10:47:51', '2019-11-12 10:47:51', null, '112');
INSERT INTO `user_searches` VALUES ('12', 'S', null, null, '[\"8\"]', null, null, null, null, '2019-11-12 10:47:59', '2019-11-12 10:47:59', null, '112');
INSERT INTO `user_searches` VALUES ('13', 'S', null, null, '[\"8\"]', null, null, null, null, '2019-11-12 10:48:01', '2019-11-12 10:48:01', null, '112');
INSERT INTO `user_searches` VALUES ('14', 'R', null, null, null, null, null, null, null, '2019-11-12 10:51:43', '2019-11-12 10:51:43', null, '128');
INSERT INTO `user_searches` VALUES ('15', 'S', null, null, null, null, null, null, null, '2019-11-12 11:17:12', '2019-11-12 11:17:12', null, '109');
INSERT INTO `user_searches` VALUES ('16', 'S', null, null, null, null, null, null, null, '2019-11-12 11:27:23', '2019-11-12 11:27:23', null, '128');
INSERT INTO `user_searches` VALUES ('17', 'S', null, null, null, null, null, null, null, '2019-11-12 11:33:17', '2019-11-12 11:33:17', null, '109');
INSERT INTO `user_searches` VALUES ('18', 'S', null, null, null, null, null, null, null, '2019-11-12 11:33:42', '2019-11-12 11:33:42', null, '109');
INSERT INTO `user_searches` VALUES ('19', 'S', null, null, null, null, null, null, null, '2019-11-12 11:35:11', '2019-11-12 11:35:11', null, '109');
INSERT INTO `user_searches` VALUES ('20', 'S', null, null, '[{\"id\":11,\"name\":\"Ain So5na\",\"governrate_id\":\"8\",\"featured\":\"1\",\"img\":\"http:\\/\\/lodge.media.innsandbox.com\\/areas\\/October2019\\/pU3qVY7oxrPbLBq6KOI8.jpg\"}]', null, null, null, null, '2019-11-12 11:56:46', '2019-11-12 11:56:46', null, '111');
INSERT INTO `user_searches` VALUES ('21', 'S', null, null, '[{\"id\":7,\"name\":\"5th settlement\",\"governrate_id\":\"1\",\"featured\":\"1\",\"img\":\"http:\\/\\/lodge.media.innsandbox.com\\/areas\\/October2019\\/8tmH64STiwwFoSb6lWvL.jpg\"}]', null, null, null, null, '2019-11-12 11:58:17', '2019-11-12 11:58:17', null, '111');
INSERT INTO `user_searches` VALUES ('22', 'S', null, null, '[{\"id\":9,\"name\":\"New Cairo\",\"governrate_id\":\"1\",\"featured\":\"1\",\"img\":\"http:\\/\\/lodge.media.innsandbox.com\\/areas\\/October2019\\/KKWI218SuTB9oFhdVEwa.jpg\"}]', null, null, null, null, '2019-11-12 11:58:34', '2019-11-12 11:58:34', null, '111');
INSERT INTO `user_searches` VALUES ('23', 'S', null, null, '[7]', null, null, null, null, '2019-11-12 12:00:53', '2019-11-12 12:00:53', null, '111');
INSERT INTO `user_searches` VALUES ('24', 'S', null, null, '[7]', null, null, null, null, '2019-11-12 12:01:18', '2019-11-12 12:01:18', null, '111');
INSERT INTO `user_searches` VALUES ('25', 'S', '[8]', null, '[7]', null, null, null, null, '2019-11-12 12:04:11', '2019-11-12 12:04:11', null, '111');
INSERT INTO `user_searches` VALUES ('26', 'S', '[1,8]', null, '[7]', null, null, null, null, '2019-11-12 12:04:47', '2019-11-12 12:04:47', null, '111');
INSERT INTO `user_searches` VALUES ('27', 'S', '[\"2\",\"3\",\"4\",\"5\",\"6\",\"7\",\"8\",\"9\"]', '[\"10\",\"11\",\"15\",\"24\",\"1\",\"16\",\"27\",\"19\",\"18\",\"2\",\"13\",\"31\",\"12\",\"32\",\"22\",\"21\",\"23\",\"29\",\"25\",\"4\",\"30\",\"14\",\"5\",\"28\",\"26\",\"8\"]', '[\"8\",\"14\",\"13\",\"18\",\"31\",\"23\",\"19\",\"11\",\"30\",\"22\",\"32\",\"27\",\"29\",\"5\",\"6\",\"16\",\"2\",\"17\",\"20\",\"28\",\"24\",\"15\",\"3\",\"1\",\"25\",\"9\",\"10\",\"21\",\"26\",\"33\"]', '[\"10\",\"4\",\"2\",\"11\",\"7\",\"9\",\"6\",\"8\"]', '11000000', '200000', null, '2019-11-12 12:40:42', '2019-11-12 12:40:42', null, '128');
INSERT INTO `user_searches` VALUES ('28', 'S', '[\"1\"]', '[\"3\"]', null, '[\"3\"]', '1850000', '1000', null, '2019-11-12 14:44:20', '2019-11-12 14:44:20', null, '128');
INSERT INTO `user_searches` VALUES ('29', 'S', null, null, null, null, '1850000', '1000', null, '2019-11-12 14:45:15', '2019-11-12 14:45:15', null, '128');
INSERT INTO `user_searches` VALUES ('30', 'S', '[\"2\",\"4\",\"5\",\"6\",\"7\",\"8\",\"9\"]', '[\"3\",\"11\",\"15\",\"24\",\"1\",\"16\",\"27\",\"19\",\"18\",\"2\",\"13\",\"31\",\"12\",\"32\",\"22\",\"21\",\"23\",\"29\",\"25\",\"4\",\"30\",\"14\",\"5\",\"28\",\"26\",\"8\"]', '[\"8\",\"14\",\"18\",\"31\",\"23\",\"19\",\"11\",\"30\",\"22\",\"32\",\"27\",\"29\",\"5\",\"6\",\"16\",\"2\",\"17\",\"20\",\"28\",\"24\",\"15\",\"3\",\"1\",\"25\",\"9\",\"10\",\"21\",\"26\",\"33\"]', '[\"10\",\"4\",\"2\",\"11\",\"7\",\"9\",\"6\",\"8\"]', '1850000', '1000', null, '2019-11-12 14:46:54', '2019-11-12 14:46:54', null, '128');
INSERT INTO `user_searches` VALUES ('31', 'S', '[\"1\",\"2\",\"3\",\"4\",\"5\",\"6\",\"7\",\"8\",\"9\"]', '[\"3\",\"10\",\"11\",\"15\",\"24\",\"1\",\"16\",\"27\",\"19\",\"18\",\"2\",\"13\",\"31\",\"12\",\"32\",\"22\",\"21\",\"23\",\"29\",\"25\",\"4\",\"30\",\"14\",\"5\",\"28\",\"26\",\"8\"]', '[\"7\",\"8\",\"14\",\"13\",\"18\",\"31\",\"23\",\"19\",\"11\",\"30\",\"22\",\"32\",\"27\",\"29\",\"5\",\"6\",\"16\",\"2\",\"17\",\"20\",\"28\",\"24\",\"15\",\"4\",\"3\",\"1\",\"25\",\"9\",\"10\",\"21\",\"12\",\"26\",\"33\"]', '[\"3\",\"10\",\"4\",\"2\",\"11\",\"5\",\"1\",\"7\",\"9\",\"6\",\"8\"]', '1850000', '1000', null, '2019-11-12 14:48:41', '2019-11-12 14:48:41', null, '128');
INSERT INTO `user_searches` VALUES ('32', 'S', null, null, null, null, '1850000', '1000', null, '2019-11-12 14:49:30', '2019-11-12 14:49:30', null, '128');
INSERT INTO `user_searches` VALUES ('33', 'S', '[\"9\"]', null, null, null, '1850000', '1000', null, '2019-11-13 11:14:48', '2019-11-13 11:14:48', null, '109');
INSERT INTO `user_searches` VALUES ('34', 'S', null, null, null, null, '1850000', '1000', null, '2019-11-13 11:59:02', '2019-11-13 11:59:02', null, '128');
INSERT INTO `user_searches` VALUES ('35', 'S', null, null, '[\"8\"]', null, null, null, null, '2019-11-13 11:59:30', '2019-11-13 11:59:30', null, '128');
INSERT INTO `user_searches` VALUES ('36', 'S', null, null, null, null, '1850000', '1000', null, '2019-11-13 11:59:38', '2019-11-13 11:59:38', null, '128');
INSERT INTO `user_searches` VALUES ('37', 'S', null, null, '[\"9\"]', null, null, null, null, '2019-11-13 12:10:23', '2019-11-13 12:10:23', null, '128');
INSERT INTO `user_searches` VALUES ('38', 'S', null, null, null, null, null, null, null, '2019-11-13 12:36:01', '2019-11-13 12:36:01', null, '109');
INSERT INTO `user_searches` VALUES ('39', 'S', null, null, null, null, '1850000', '1000', null, '2019-11-13 15:28:40', '2019-11-13 15:28:40', null, '128');
INSERT INTO `user_searches` VALUES ('40', 'S', null, null, null, null, '1850000', '1000', null, '2019-11-13 15:29:36', '2019-11-13 15:29:36', null, '128');
INSERT INTO `user_searches` VALUES ('41', 'S', null, null, null, null, '1850000', '1000', null, '2019-11-13 15:29:46', '2019-11-13 15:29:46', null, '128');
INSERT INTO `user_searches` VALUES ('42', 'S', null, null, null, null, '1850000', '1000', null, '2019-11-13 15:31:48', '2019-11-13 15:31:48', null, '128');
INSERT INTO `user_searches` VALUES ('43', 'S', null, null, '[7]', null, null, null, null, '2019-11-13 16:18:48', '2019-11-13 16:18:48', null, '109');
INSERT INTO `user_searches` VALUES ('44', 'S', null, null, null, null, null, null, null, '2019-11-13 16:33:53', '2019-11-13 16:33:53', null, '128');
INSERT INTO `user_searches` VALUES ('45', 'S', null, null, null, null, null, null, null, '2019-11-13 16:33:57', '2019-11-13 16:33:57', null, '128');
INSERT INTO `user_searches` VALUES ('46', 'S', null, null, null, null, null, null, null, '2019-11-13 17:30:02', '2019-11-13 17:30:02', null, '109');
INSERT INTO `user_searches` VALUES ('47', 'S', null, null, null, null, null, null, null, '2019-11-13 17:30:38', '2019-11-13 17:30:38', null, '109');
INSERT INTO `user_searches` VALUES ('48', 'S', null, null, null, null, null, null, null, '2019-11-13 17:32:12', '2019-11-13 17:32:12', null, '109');
INSERT INTO `user_searches` VALUES ('49', 'S', null, null, '[11]', null, null, null, null, '2019-11-13 18:05:37', '2019-11-13 18:05:37', null, '111');
INSERT INTO `user_searches` VALUES ('50', 'S', null, null, '[7]', null, null, null, null, '2019-11-13 18:05:56', '2019-11-13 18:05:56', null, '111');
INSERT INTO `user_searches` VALUES ('51', 'S', null, '[\"3\",\"10\",\"11\",\"15\",\"24\",\"1\",\"16\",\"27\",\"19\",\"18\",\"2\",\"13\",\"31\",\"12\",\"32\",\"22\",\"21\",\"23\",\"29\",\"25\",\"4\",\"30\",\"14\",\"5\",\"28\",\"26\",\"8\"]', null, null, '1850000', '1000', null, '2019-11-13 18:07:02', '2019-11-13 18:07:02', null, '110');
INSERT INTO `user_searches` VALUES ('52', 'S', null, '[\"10\",\"11\",\"15\",\"24\",\"1\",\"16\",\"27\",\"19\",\"18\",\"2\",\"13\",\"31\",\"12\",\"32\",\"22\",\"21\",\"23\",\"29\",\"25\",\"4\",\"30\",\"14\",\"5\",\"28\",\"26\",\"8\"]', null, null, '1850000', '1000', null, '2019-11-13 18:07:23', '2019-11-13 18:07:23', null, '110');
INSERT INTO `user_searches` VALUES ('53', 'S', null, null, '[12]', null, null, null, null, '2019-11-13 18:12:00', '2019-11-13 18:12:00', null, '111');
INSERT INTO `user_searches` VALUES ('54', 'S', '[\"2\"]', null, '[\"7\"]', null, null, null, null, '2019-11-15 00:23:31', '2019-11-15 00:23:31', null, '113');
INSERT INTO `user_searches` VALUES ('55', 'S', '[\"1\"]', null, '[\"8\"]', null, null, null, null, '2019-11-15 00:23:39', '2019-11-15 00:23:39', null, '113');
INSERT INTO `user_searches` VALUES ('56', 'R', '[\"1\",\"4\"]', null, '[\"7\"]', null, null, null, null, '2019-11-15 00:26:07', '2019-11-15 00:26:07', null, '113');
INSERT INTO `user_searches` VALUES ('57', 'S', '[\"2\",\"3\",\"4\",\"5\"]', null, '[\"7\"]', null, null, null, null, '2019-11-16 01:23:26', '2019-11-16 01:23:26', null, '113');
INSERT INTO `user_searches` VALUES ('58', 'S', '[\"1\",\"2\",\"3\",\"4\",\"5\",\"7\",\"6\",\"8\",\"9\"]', null, '[\"7\"]', null, null, null, null, '2019-11-16 01:23:38', '2019-11-16 01:23:38', null, '113');
INSERT INTO `user_searches` VALUES ('59', 'S', '[\"1\",\"2\",\"3\",\"4\",\"5\",\"7\",\"6\",\"8\",\"9\"]', null, '[\"7\"]', null, null, null, null, '2019-11-16 01:24:17', '2019-11-16 01:24:17', null, '113');
INSERT INTO `user_searches` VALUES ('60', 'S', '[\"1\",\"2\",\"3\",\"4\",\"5\",\"7\",\"6\",\"8\",\"9\"]', null, '[\"7\"]', null, null, null, null, '2019-11-16 01:24:21', '2019-11-16 01:24:21', null, '113');
INSERT INTO `user_searches` VALUES ('61', 'S', '[\"1\",\"2\",\"3\",\"4\",\"5\",\"7\",\"6\",\"8\",\"9\"]', null, '[\"7\"]', null, null, null, null, '2019-11-16 01:24:34', '2019-11-16 01:24:34', null, '113');
INSERT INTO `user_searches` VALUES ('62', 'R', null, '[\"3\"]', '[\"4\"]', '[\"5\"]', '28', '28', 'any', '2019-11-16 01:29:24', '2019-11-16 01:29:24', null, '113');
INSERT INTO `user_searches` VALUES ('63', 'R', null, '[\"3\"]', '[\"4\"]', '[\"5\"]', '28', '28', 'Aswan', '2019-11-16 01:29:36', '2019-11-16 01:29:36', null, '113');
INSERT INTO `user_searches` VALUES ('64', 'R', null, '[\"3\"]', '[\"4\"]', '[\"5\"]', '28', '28', 'Aswaaan', '2019-11-16 01:29:42', '2019-11-16 01:29:42', null, '113');
INSERT INTO `user_searches` VALUES ('65', 'S', '[\"1\",\"4\"]', null, '[\"8\"]', null, null, null, null, '2019-11-16 01:30:03', '2019-11-16 01:30:03', null, '113');
INSERT INTO `user_searches` VALUES ('66', 'R', null, null, null, null, null, null, null, '2019-11-18 10:10:56', '2019-11-18 10:10:56', null, '128');
INSERT INTO `user_searches` VALUES ('67', 'R', null, null, null, null, null, null, null, '2019-11-18 10:11:00', '2019-11-18 10:11:00', null, '128');
INSERT INTO `user_searches` VALUES ('68', 'S', null, null, '[8]', null, null, null, null, '2019-11-18 10:50:12', '2019-11-18 10:50:12', null, '128');
INSERT INTO `user_searches` VALUES ('69', 'S', null, null, null, null, null, null, null, '2019-11-19 09:53:35', '2019-11-19 09:53:35', null, '128');
INSERT INTO `user_searches` VALUES ('70', 'S', null, null, null, null, null, null, null, '2019-11-19 09:54:03', '2019-11-19 09:54:03', null, '128');
INSERT INTO `user_searches` VALUES ('71', 'S', null, null, null, null, '6000000', '1000', null, '2019-11-19 09:57:01', '2019-11-19 09:57:01', null, '128');
INSERT INTO `user_searches` VALUES ('72', 'S', null, null, null, null, '6000000', '1000', null, '2019-11-19 09:57:15', '2019-11-19 09:57:15', null, '128');
INSERT INTO `user_searches` VALUES ('73', 'S', null, null, '[8]', null, null, null, null, '2019-11-19 11:43:31', '2019-11-19 11:43:31', null, '129');
INSERT INTO `user_searches` VALUES ('74', 'S', null, null, '[7]', null, null, null, null, '2019-11-19 11:43:47', '2019-11-19 11:43:47', null, '129');
INSERT INTO `user_searches` VALUES ('75', 'S', null, null, '[8]', null, null, null, null, '2019-11-19 11:44:03', '2019-11-19 11:44:03', null, '129');
INSERT INTO `user_searches` VALUES ('76', 'S', null, null, '[10]', null, null, null, null, '2019-11-19 11:44:13', '2019-11-19 11:44:13', null, '129');
INSERT INTO `user_searches` VALUES ('77', 'S', null, null, '[11]', null, null, null, null, '2019-11-19 11:44:42', '2019-11-19 11:44:42', null, '129');
INSERT INTO `user_searches` VALUES ('78', 'S', null, null, '[11]', null, null, null, null, '2019-11-19 11:44:42', '2019-11-19 11:44:42', null, '129');
INSERT INTO `user_searches` VALUES ('79', 'S', null, null, '[11]', null, null, null, null, '2019-11-19 11:44:42', '2019-11-19 11:44:42', null, '129');
INSERT INTO `user_searches` VALUES ('80', 'S', null, null, '[11]', null, null, null, null, '2019-11-19 11:44:42', '2019-11-19 11:44:42', null, '129');
INSERT INTO `user_searches` VALUES ('81', 'S', null, null, '[11]', null, null, null, null, '2019-11-19 11:44:43', '2019-11-19 11:44:43', null, '129');
INSERT INTO `user_searches` VALUES ('82', 'S', null, null, '[10]', null, null, null, null, '2019-11-19 11:44:55', '2019-11-19 11:44:55', null, '129');
INSERT INTO `user_searches` VALUES ('83', 'S', null, null, '[9]', null, null, null, null, '2019-11-19 11:45:09', '2019-11-19 11:45:09', null, '129');
INSERT INTO `user_searches` VALUES ('84', 'S', null, null, '[12]', null, null, null, null, '2019-11-19 11:45:25', '2019-11-19 11:45:25', null, '129');
INSERT INTO `user_searches` VALUES ('85', 'S', null, null, '[null]', null, null, null, null, '2019-11-19 11:46:15', '2019-11-19 11:46:15', null, '129');
INSERT INTO `user_searches` VALUES ('86', 'S', null, null, '[null]', null, null, null, null, '2019-11-19 11:47:20', '2019-11-19 11:47:20', null, '129');
INSERT INTO `user_searches` VALUES ('87', 'S', '[\"1\",\"7\"]', null, '[\"7\"]', null, null, null, null, '2019-11-19 15:02:15', '2019-11-19 15:02:15', null, '109');
INSERT INTO `user_searches` VALUES ('88', 'S', '[1,7]', null, '[10]', null, null, null, null, '2019-11-19 15:02:17', '2019-11-19 15:02:17', null, '109');
INSERT INTO `user_searches` VALUES ('89', 'S', '[\"1\",\"2\",\"4\",\"6\",\"8\",\"9\",\"7\",\"5\",\"3\"]', null, '[\"7\"]', null, null, null, null, '2019-11-19 15:02:46', '2019-11-19 15:02:46', null, '109');
INSERT INTO `user_searches` VALUES ('90', 'S', '[\"1\",\"3\",\"5\",\"7\",\"9\",\"8\",\"6\",\"4\",\"2\"]', null, '[\"10\"]', null, null, null, null, '2019-11-19 15:02:58', '2019-11-19 15:02:58', null, '109');
INSERT INTO `user_searches` VALUES ('91', 'S', '[\"1\",\"3\",\"5\",\"7\",\"9\",\"2\",\"4\",\"6\",\"8\"]', null, '[\"9\"]', null, null, null, null, '2019-11-19 15:03:12', '2019-11-19 15:03:12', null, '109');
INSERT INTO `user_searches` VALUES ('92', 'S', '[1,2,3,4,5,6,7,8,9]', null, '[9]', null, null, null, null, '2019-11-19 15:03:22', '2019-11-19 15:03:22', null, '109');
INSERT INTO `user_searches` VALUES ('93', 'S', null, null, null, null, null, null, null, '2019-11-19 17:05:56', '2019-11-19 17:05:56', null, '128');
INSERT INTO `user_searches` VALUES ('94', 'S', null, null, null, null, null, null, null, '2019-11-19 17:05:58', '2019-11-19 17:05:58', null, '128');
INSERT INTO `user_searches` VALUES ('95', 'S', null, null, null, null, null, null, null, '2019-11-19 17:08:50', '2019-11-19 17:08:50', null, '128');
INSERT INTO `user_searches` VALUES ('96', 'S', null, null, null, null, null, null, null, '2019-11-19 17:25:30', '2019-11-19 17:25:30', null, '109');
INSERT INTO `user_searches` VALUES ('97', 'S', null, null, null, null, null, null, null, '2019-11-20 14:10:08', '2019-11-20 14:10:08', null, '109');
INSERT INTO `user_searches` VALUES ('98', 'R', null, null, null, null, '28', '-2222220', 'villa', '2019-11-20 14:14:39', '2019-11-20 14:14:39', null, '109');
INSERT INTO `user_searches` VALUES ('99', 'S', null, null, '[\"8\"]', null, null, null, null, '2019-11-20 14:49:47', '2019-11-20 14:49:47', null, '109');
INSERT INTO `user_searches` VALUES ('100', 'S', null, null, '[\"8\"]', null, null, null, null, '2019-11-20 14:49:52', '2019-11-20 14:49:52', null, '109');
INSERT INTO `user_searches` VALUES ('101', 'S', null, null, null, null, null, null, null, '2019-11-21 11:02:50', '2019-11-21 11:02:50', null, '128');
INSERT INTO `user_searches` VALUES ('102', 'S', null, null, null, null, null, null, null, '2019-11-21 11:02:53', '2019-11-21 11:02:53', null, '128');
INSERT INTO `user_searches` VALUES ('103', 'S', null, null, null, null, '6000000', '1000', null, '2019-11-21 11:03:47', '2019-11-21 11:03:47', null, '128');
INSERT INTO `user_searches` VALUES ('104', 'S', null, null, null, null, '6000000', '1000', null, '2019-11-21 11:04:15', '2019-11-21 11:04:15', null, '128');
INSERT INTO `user_searches` VALUES ('105', 'S', null, null, null, null, '6000000', '1000', null, '2019-11-21 11:04:28', '2019-11-21 11:04:28', null, '128');
INSERT INTO `user_searches` VALUES ('106', 'S', null, null, null, null, '6000000', '1000', null, '2019-11-21 11:04:41', '2019-11-21 11:04:41', null, '128');
INSERT INTO `user_searches` VALUES ('107', 'S', null, null, null, null, '6000000', '1000', null, '2019-11-21 11:04:54', '2019-11-21 11:04:54', null, '128');
INSERT INTO `user_searches` VALUES ('108', 'S', null, null, '10', null, null, null, null, '2019-11-21 11:16:25', '2019-11-21 11:16:25', null, '111');
INSERT INTO `user_searches` VALUES ('109', 'S', null, null, '10', null, null, null, null, '2019-11-21 11:16:32', '2019-11-21 11:16:32', null, '111');
INSERT INTO `user_searches` VALUES ('110', 'S', null, null, '10', null, null, null, null, '2019-11-21 11:16:32', '2019-11-21 11:16:32', null, '111');
INSERT INTO `user_searches` VALUES ('111', 'S', null, null, '10', null, null, null, null, '2019-11-21 11:16:38', '2019-11-21 11:16:38', null, '111');
INSERT INTO `user_searches` VALUES ('112', 'S', null, null, '10', null, null, null, null, '2019-11-21 11:16:39', '2019-11-21 11:16:39', null, '111');
INSERT INTO `user_searches` VALUES ('113', 'S', null, null, '10', null, null, null, null, '2019-11-21 11:16:44', '2019-11-21 11:16:44', null, '111');
INSERT INTO `user_searches` VALUES ('114', 'S', null, null, '10', null, null, null, null, '2019-11-21 11:16:45', '2019-11-21 11:16:45', null, '111');
INSERT INTO `user_searches` VALUES ('115', 'S', null, null, '10', null, null, null, null, '2019-11-21 11:16:46', '2019-11-21 11:16:46', null, '111');
INSERT INTO `user_searches` VALUES ('116', 'S', null, null, '11', null, null, null, null, '2019-11-21 11:16:51', '2019-11-21 11:16:51', null, '111');
INSERT INTO `user_searches` VALUES ('117', 'S', null, null, '11', null, null, null, null, '2019-11-21 11:16:51', '2019-11-21 11:16:51', null, '111');
INSERT INTO `user_searches` VALUES ('118', 'S', null, null, '11', null, null, null, null, '2019-11-21 11:16:52', '2019-11-21 11:16:52', null, '111');
INSERT INTO `user_searches` VALUES ('119', 'S', null, null, '11', null, null, null, null, '2019-11-21 11:16:55', '2019-11-21 11:16:55', null, '111');
INSERT INTO `user_searches` VALUES ('120', 'S', null, null, '11', null, null, null, null, '2019-11-21 11:16:57', '2019-11-21 11:16:57', null, '111');
INSERT INTO `user_searches` VALUES ('121', 'S', null, null, '11', null, null, null, null, '2019-11-21 11:16:57', '2019-11-21 11:16:57', null, '111');
INSERT INTO `user_searches` VALUES ('122', 'S', null, null, '11', null, null, null, null, '2019-11-21 11:16:58', '2019-11-21 11:16:58', null, '111');
INSERT INTO `user_searches` VALUES ('123', 'S', '[1]', null, '11', null, null, null, null, '2019-11-21 11:17:00', '2019-11-21 11:17:00', null, '111');
INSERT INTO `user_searches` VALUES ('124', 'S', '[1]', null, '11', null, null, null, null, '2019-11-21 11:17:04', '2019-11-21 11:17:04', null, '111');
INSERT INTO `user_searches` VALUES ('125', 'S', '[1]', null, '11', null, null, null, null, '2019-11-21 11:17:04', '2019-11-21 11:17:04', null, '111');
INSERT INTO `user_searches` VALUES ('126', 'S', '[1]', null, '11', null, null, null, null, '2019-11-21 11:17:04', '2019-11-21 11:17:04', null, '111');
INSERT INTO `user_searches` VALUES ('127', 'S', '[1]', null, '11', null, null, null, null, '2019-11-21 11:17:06', '2019-11-21 11:17:06', null, '111');
INSERT INTO `user_searches` VALUES ('128', 'S', '[1]', null, '11', null, null, null, null, '2019-11-21 11:17:07', '2019-11-21 11:17:07', null, '111');
INSERT INTO `user_searches` VALUES ('129', 'S', '[1]', null, '11', null, null, null, null, '2019-11-21 11:17:10', '2019-11-21 11:17:10', null, '111');
INSERT INTO `user_searches` VALUES ('130', 'S', '[1]', null, '11', null, null, null, null, '2019-11-21 11:17:11', '2019-11-21 11:17:11', null, '111');
INSERT INTO `user_searches` VALUES ('131', 'S', '[1]', null, '11', null, null, null, null, '2019-11-21 11:17:13', '2019-11-21 11:17:13', null, '111');
INSERT INTO `user_searches` VALUES ('132', 'S', '[1]', null, '11', null, null, null, null, '2019-11-21 11:17:13', '2019-11-21 11:17:13', null, '111');
INSERT INTO `user_searches` VALUES ('133', 'S', '[1]', null, '11', null, null, null, null, '2019-11-21 11:17:14', '2019-11-21 11:17:14', null, '111');
INSERT INTO `user_searches` VALUES ('134', 'S', '[1]', null, '11', null, null, null, null, '2019-11-21 11:17:16', '2019-11-21 11:17:16', null, '111');
INSERT INTO `user_searches` VALUES ('135', 'S', '[1]', null, '11', null, null, null, null, '2019-11-21 11:17:18', '2019-11-21 11:17:18', null, '111');
INSERT INTO `user_searches` VALUES ('136', 'S', '[1]', null, '11', null, null, null, null, '2019-11-21 11:17:20', '2019-11-21 11:17:20', null, '111');
INSERT INTO `user_searches` VALUES ('137', 'S', '[1]', null, '11', null, null, null, null, '2019-11-21 11:17:22', '2019-11-21 11:17:22', null, '111');
INSERT INTO `user_searches` VALUES ('138', 'S', '[1]', null, '11', null, null, null, null, '2019-11-21 11:17:23', '2019-11-21 11:17:23', null, '111');
INSERT INTO `user_searches` VALUES ('139', 'S', '[1]', null, '11', null, null, null, null, '2019-11-21 11:17:24', '2019-11-21 11:17:24', null, '111');
INSERT INTO `user_searches` VALUES ('140', 'S', '[1]', null, '11', null, null, null, null, '2019-11-21 11:17:25', '2019-11-21 11:17:25', null, '111');
INSERT INTO `user_searches` VALUES ('141', 'S', '[1]', null, '11', null, null, null, null, '2019-11-21 11:17:28', '2019-11-21 11:17:28', null, '111');
INSERT INTO `user_searches` VALUES ('142', 'S', '[1]', null, '11', null, null, null, null, '2019-11-21 11:17:30', '2019-11-21 11:17:30', null, '111');
INSERT INTO `user_searches` VALUES ('143', 'S', '[1]', null, '11', null, null, null, null, '2019-11-21 11:17:32', '2019-11-21 11:17:32', null, '111');
INSERT INTO `user_searches` VALUES ('144', 'S', '[1]', null, '11', null, null, null, null, '2019-11-21 11:17:32', '2019-11-21 11:17:32', null, '111');
INSERT INTO `user_searches` VALUES ('145', 'S', '[1]', null, '11', null, null, null, null, '2019-11-21 11:17:32', '2019-11-21 11:17:32', null, '111');
INSERT INTO `user_searches` VALUES ('146', 'S', '[1]', null, '11', null, null, null, null, '2019-11-21 11:17:37', '2019-11-21 11:17:37', null, '111');
INSERT INTO `user_searches` VALUES ('147', 'S', '[1]', null, '11', null, null, null, null, '2019-11-21 11:17:38', '2019-11-21 11:17:38', null, '111');
INSERT INTO `user_searches` VALUES ('148', 'S', '[1]', null, '11', null, null, null, null, '2019-11-21 11:17:38', '2019-11-21 11:17:38', null, '111');
INSERT INTO `user_searches` VALUES ('149', 'S', '[1]', null, '11', null, null, null, null, '2019-11-21 11:17:38', '2019-11-21 11:17:38', null, '111');
INSERT INTO `user_searches` VALUES ('150', 'S', '[1]', null, '11', null, null, null, null, '2019-11-21 11:17:39', '2019-11-21 11:17:39', null, '111');
INSERT INTO `user_searches` VALUES ('151', 'S', '[1]', null, '11', null, null, null, null, '2019-11-21 11:17:44', '2019-11-21 11:17:44', null, '111');
INSERT INTO `user_searches` VALUES ('152', 'S', '[1]', null, '11', null, null, null, null, '2019-11-21 11:17:44', '2019-11-21 11:17:44', null, '111');
INSERT INTO `user_searches` VALUES ('153', 'S', '[1]', null, '11', null, null, null, null, '2019-11-21 11:17:45', '2019-11-21 11:17:45', null, '111');
INSERT INTO `user_searches` VALUES ('154', 'S', '[1]', null, '11', null, null, null, null, '2019-11-21 11:17:45', '2019-11-21 11:17:45', null, '111');
INSERT INTO `user_searches` VALUES ('155', 'S', '[1]', null, '11', null, null, null, null, '2019-11-21 11:17:50', '2019-11-21 11:17:50', null, '111');
INSERT INTO `user_searches` VALUES ('156', 'S', '[1]', null, '11', null, null, null, null, '2019-11-21 11:17:51', '2019-11-21 11:17:51', null, '111');
INSERT INTO `user_searches` VALUES ('157', 'S', '[1]', null, '11', null, null, null, null, '2019-11-21 11:17:52', '2019-11-21 11:17:52', null, '111');
INSERT INTO `user_searches` VALUES ('158', 'S', '[1]', null, '11', null, null, null, null, '2019-11-21 11:17:52', '2019-11-21 11:17:52', null, '111');
INSERT INTO `user_searches` VALUES ('159', 'S', '[1]', null, '11', null, null, null, null, '2019-11-21 11:18:00', '2019-11-21 11:18:00', null, '111');
INSERT INTO `user_searches` VALUES ('160', 'S', '[1]', null, '11', null, null, null, null, '2019-11-21 11:18:00', '2019-11-21 11:18:00', null, '111');
INSERT INTO `user_searches` VALUES ('161', 'S', '[1]', null, '11', null, null, null, null, '2019-11-21 11:18:00', '2019-11-21 11:18:00', null, '111');
INSERT INTO `user_searches` VALUES ('162', 'S', '[1]', null, '11', null, null, null, null, '2019-11-21 11:18:00', '2019-11-21 11:18:00', null, '111');
INSERT INTO `user_searches` VALUES ('163', 'S', '[1]', null, '11', null, null, null, null, '2019-11-21 11:18:01', '2019-11-21 11:18:01', null, '111');
INSERT INTO `user_searches` VALUES ('164', 'S', '[1]', null, '11', null, null, null, null, '2019-11-21 11:18:08', '2019-11-21 11:18:08', null, '111');
INSERT INTO `user_searches` VALUES ('165', 'S', '[1]', null, '11', null, null, null, null, '2019-11-21 11:18:08', '2019-11-21 11:18:08', null, '111');
INSERT INTO `user_searches` VALUES ('166', 'S', '[1]', null, '11', null, null, null, null, '2019-11-21 11:18:08', '2019-11-21 11:18:08', null, '111');
INSERT INTO `user_searches` VALUES ('167', 'S', '[1]', null, '11', null, null, null, null, '2019-11-21 11:18:09', '2019-11-21 11:18:09', null, '111');
INSERT INTO `user_searches` VALUES ('168', 'S', '[1]', null, '11', null, null, null, null, '2019-11-21 11:18:09', '2019-11-21 11:18:09', null, '111');
INSERT INTO `user_searches` VALUES ('169', 'S', '[1]', null, '11', null, null, null, null, '2019-11-21 11:18:15', '2019-11-21 11:18:15', null, '111');
INSERT INTO `user_searches` VALUES ('170', 'S', '[1]', null, '11', null, null, null, null, '2019-11-21 11:18:15', '2019-11-21 11:18:15', null, '111');
INSERT INTO `user_searches` VALUES ('171', 'S', '[1]', null, '11', null, null, null, null, '2019-11-21 11:18:16', '2019-11-21 11:18:16', null, '111');
INSERT INTO `user_searches` VALUES ('172', 'S', '[1]', null, '11', null, null, null, null, '2019-11-21 11:18:16', '2019-11-21 11:18:16', null, '111');
INSERT INTO `user_searches` VALUES ('173', 'S', '[1]', null, '11', null, null, null, null, '2019-11-21 11:18:16', '2019-11-21 11:18:16', null, '111');
INSERT INTO `user_searches` VALUES ('174', 'S', '[1]', null, '11', null, null, null, null, '2019-11-21 11:18:22', '2019-11-21 11:18:22', null, '111');
INSERT INTO `user_searches` VALUES ('175', 'S', '[1]', null, '11', null, null, null, null, '2019-11-21 11:18:23', '2019-11-21 11:18:23', null, '111');
INSERT INTO `user_searches` VALUES ('176', 'S', '[1]', null, '11', null, null, null, null, '2019-11-21 11:18:24', '2019-11-21 11:18:24', null, '111');
INSERT INTO `user_searches` VALUES ('177', 'S', '[1]', null, '11', null, null, null, null, '2019-11-21 11:18:24', '2019-11-21 11:18:24', null, '111');
INSERT INTO `user_searches` VALUES ('178', 'S', '[1]', null, '11', null, null, null, null, '2019-11-21 11:18:25', '2019-11-21 11:18:25', null, '111');
INSERT INTO `user_searches` VALUES ('179', 'S', '[1]', null, '11', null, null, null, null, '2019-11-21 11:18:28', '2019-11-21 11:18:28', null, '111');
INSERT INTO `user_searches` VALUES ('180', 'S', '[1]', null, '11', null, null, null, null, '2019-11-21 11:18:30', '2019-11-21 11:18:30', null, '111');
INSERT INTO `user_searches` VALUES ('181', 'S', '[1]', null, '11', null, null, null, null, '2019-11-21 11:18:30', '2019-11-21 11:18:30', null, '111');
INSERT INTO `user_searches` VALUES ('182', 'S', '[1]', null, '11', null, null, null, null, '2019-11-21 11:18:30', '2019-11-21 11:18:30', null, '111');
INSERT INTO `user_searches` VALUES ('183', 'S', '[1]', null, '11', null, null, null, null, '2019-11-21 11:18:31', '2019-11-21 11:18:31', null, '111');
INSERT INTO `user_searches` VALUES ('184', 'S', '[1]', null, '11', null, null, null, null, '2019-11-21 11:18:34', '2019-11-21 11:18:34', null, '111');
INSERT INTO `user_searches` VALUES ('185', 'S', '[1]', null, '11', null, null, null, null, '2019-11-21 11:18:36', '2019-11-21 11:18:36', null, '111');
INSERT INTO `user_searches` VALUES ('186', 'S', '[1]', null, '11', null, null, null, null, '2019-11-21 11:18:36', '2019-11-21 11:18:36', null, '111');
INSERT INTO `user_searches` VALUES ('187', 'S', '[1]', null, '11', null, null, null, null, '2019-11-21 11:18:37', '2019-11-21 11:18:37', null, '111');
INSERT INTO `user_searches` VALUES ('188', 'S', '[1]', null, '11', null, null, null, null, '2019-11-21 11:18:37', '2019-11-21 11:18:37', null, '111');
INSERT INTO `user_searches` VALUES ('189', 'S', '[1]', null, '11', null, null, null, null, '2019-11-21 11:18:41', '2019-11-21 11:18:41', null, '111');
INSERT INTO `user_searches` VALUES ('190', 'S', '[1]', null, '11', null, null, null, null, '2019-11-21 11:18:42', '2019-11-21 11:18:42', null, '111');
INSERT INTO `user_searches` VALUES ('191', 'S', '[1]', null, '11', null, null, null, null, '2019-11-21 11:18:43', '2019-11-21 11:18:43', null, '111');
INSERT INTO `user_searches` VALUES ('192', 'S', '[1]', null, '11', null, null, null, null, '2019-11-21 11:18:44', '2019-11-21 11:18:44', null, '111');
INSERT INTO `user_searches` VALUES ('193', 'S', '[1]', null, '11', null, null, null, null, '2019-11-21 11:18:44', '2019-11-21 11:18:44', null, '111');
INSERT INTO `user_searches` VALUES ('194', 'S', '[1]', null, '11', null, null, null, null, '2019-11-21 11:18:47', '2019-11-21 11:18:47', null, '111');
INSERT INTO `user_searches` VALUES ('195', 'S', '[1]', null, '11', null, null, null, null, '2019-11-21 11:18:49', '2019-11-21 11:18:49', null, '111');
INSERT INTO `user_searches` VALUES ('196', 'S', null, null, '[10]', null, null, null, null, '2019-11-21 11:19:19', '2019-11-21 11:19:19', null, '111');
INSERT INTO `user_searches` VALUES ('197', 'S', null, null, '[7]', null, null, null, null, '2019-11-21 11:19:40', '2019-11-21 11:19:40', null, '111');
INSERT INTO `user_searches` VALUES ('198', 'S', null, null, '[8]', null, null, null, null, '2019-11-21 11:20:16', '2019-11-21 11:20:16', null, '111');
INSERT INTO `user_searches` VALUES ('199', 'S', '[1]', null, '[8]', null, null, null, null, '2019-11-21 11:21:09', '2019-11-21 11:21:09', null, '111');
INSERT INTO `user_searches` VALUES ('200', 'R', null, null, '[8]', null, null, null, null, '2019-11-21 11:22:20', '2019-11-21 11:22:20', null, '111');
INSERT INTO `user_searches` VALUES ('201', 'S', null, null, '[10]', null, null, null, null, '2019-11-21 11:22:43', '2019-11-21 11:22:43', null, '111');
INSERT INTO `user_searches` VALUES ('202', 'S', null, null, '[9]', null, null, null, null, '2019-11-21 11:22:58', '2019-11-21 11:22:58', null, '111');
INSERT INTO `user_searches` VALUES ('203', 'S', null, null, '[9]', null, null, null, null, '2019-11-21 11:23:28', '2019-11-21 11:23:28', null, '111');
INSERT INTO `user_searches` VALUES ('204', 'R', null, null, null, null, null, null, null, '2019-11-21 11:24:48', '2019-11-21 11:24:48', null, '128');
INSERT INTO `user_searches` VALUES ('205', 'R', null, null, null, null, null, null, null, '2019-11-21 11:24:52', '2019-11-21 11:24:52', null, '128');
INSERT INTO `user_searches` VALUES ('206', 'R', null, null, null, null, null, null, null, '2019-11-21 11:25:10', '2019-11-21 11:25:10', null, '128');
INSERT INTO `user_searches` VALUES ('207', 'R', null, null, null, null, null, null, null, '2019-11-21 11:25:57', '2019-11-21 11:25:57', null, '128');
INSERT INTO `user_searches` VALUES ('208', 'S', null, null, '[9]', null, null, null, null, '2019-11-21 11:39:19', '2019-11-21 11:39:19', null, '111');
INSERT INTO `user_searches` VALUES ('209', 'S', null, null, null, null, null, null, null, '2019-11-21 11:55:47', '2019-11-21 11:55:47', null, '128');
INSERT INTO `user_searches` VALUES ('210', 'S', null, null, '[7]', null, null, null, null, '2019-11-21 11:56:01', '2019-11-21 11:56:01', null, '128');
INSERT INTO `user_searches` VALUES ('211', 'S', null, null, null, null, null, null, null, '2019-11-21 12:05:11', '2019-11-21 12:05:11', null, '109');
INSERT INTO `user_searches` VALUES ('212', 'S', null, null, null, null, null, null, null, '2019-11-21 12:05:13', '2019-11-21 12:05:13', null, '128');
INSERT INTO `user_searches` VALUES ('213', 'S', null, null, null, null, null, null, null, '2019-11-21 12:06:36', '2019-11-21 12:06:36', null, '128');
INSERT INTO `user_searches` VALUES ('214', 'S', null, null, null, null, null, null, null, '2019-11-21 12:06:50', '2019-11-21 12:06:50', null, '128');
INSERT INTO `user_searches` VALUES ('215', 'S', null, null, null, null, null, null, null, '2019-11-21 12:07:27', '2019-11-21 12:07:27', null, '128');
INSERT INTO `user_searches` VALUES ('216', 'S', null, null, null, null, null, null, null, '2019-11-21 12:07:28', '2019-11-21 12:07:28', null, '109');
INSERT INTO `user_searches` VALUES ('217', 'S', null, null, null, null, null, null, null, '2019-11-21 12:07:34', '2019-11-21 12:07:34', null, '128');
INSERT INTO `user_searches` VALUES ('218', 'S', null, null, null, null, '6000000', '1000', null, '2019-11-21 13:52:20', '2019-11-21 13:52:20', null, '119');
INSERT INTO `user_searches` VALUES ('219', 'S', null, null, null, null, '6000000', '1000', null, '2019-11-21 13:59:22', '2019-11-21 13:59:22', null, '119');
INSERT INTO `user_searches` VALUES ('220', 'S', null, null, null, null, '6000000', '1000', null, '2019-11-21 13:59:48', '2019-11-21 13:59:48', null, '119');
INSERT INTO `user_searches` VALUES ('221', 'S', null, null, null, null, '6000000', '1000', null, '2019-11-21 14:19:07', '2019-11-21 14:19:07', null, '119');
INSERT INTO `user_searches` VALUES ('222', 'S', '[\"2\"]', null, null, null, null, null, null, '2019-11-21 14:21:54', '2019-11-21 14:21:54', null, '109');
INSERT INTO `user_searches` VALUES ('223', 'S', '[\"2\"]', null, null, null, null, null, null, '2019-11-21 14:21:55', '2019-11-21 14:21:55', null, '109');
INSERT INTO `user_searches` VALUES ('224', 'S', '[\"4\"]', null, null, null, null, null, null, '2019-11-21 14:22:28', '2019-11-21 14:22:28', null, '109');
INSERT INTO `user_searches` VALUES ('225', 'S', '[\"3\"]', null, null, null, null, null, null, '2019-11-21 14:22:59', '2019-11-21 14:22:59', null, '109');
INSERT INTO `user_searches` VALUES ('226', 'S', null, null, null, null, null, null, null, '2019-11-21 14:50:00', '2019-11-21 14:50:00', null, '128');
INSERT INTO `user_searches` VALUES ('227', 'S', '[\"3\"]', null, null, null, '6000000', '1000', null, '2019-11-21 15:28:57', '2019-11-21 15:28:57', null, '109');
INSERT INTO `user_searches` VALUES ('228', 'S', '[\"1\"]', '[\"3\",\"10\",\"11\",\"15\",\"24\",\"1\",\"16\",\"27\",\"19\",\"18\",\"2\",\"13\",\"31\",\"12\",\"32\",\"22\",\"21\",\"23\",\"29\",\"25\",\"4\",\"30\",\"14\",\"5\",\"28\",\"26\",\"8\",\"0\"]', '[\"7\",\"8\",\"14\",\"13\",\"18\",\"31\",\"23\",\"19\",\"11\",\"30\",\"22\",\"32\",\"27\",\"29\",\"5\",\"6\",\"16\",\"2\",\"17\",\"20\",\"28\",\"24\",\"15\",\"4\",\"3\",\"1\",\"25\",\"9\",\"10\",\"21\",\"12\",\"26\",\"33\",\"0\"]', null, '6000000', '1000', null, '2019-11-21 17:11:50', '2019-11-21 17:11:50', null, '109');
INSERT INTO `user_searches` VALUES ('229', 'S', '[1,8]', null, '[11]', null, null, null, null, '2019-11-24 16:35:36', '2019-11-24 16:35:36', null, '111');

-- ----------------------------
-- Table structure for users
-- ----------------------------
DROP TABLE IF EXISTS `users`;
CREATE TABLE `users` (
  `id` bigint(20) unsigned NOT NULL AUTO_INCREMENT,
  `role_id` bigint(20) unsigned DEFAULT NULL,
  `name` varchar(191) COLLATE utf8mb4_unicode_ci NOT NULL,
  `email` varchar(191) COLLATE utf8mb4_unicode_ci DEFAULT NULL,
  `avatar` varchar(191) COLLATE utf8mb4_unicode_ci DEFAULT 'users/default.png',
  `email_verified_at` timestamp NULL DEFAULT NULL,
  `password` varchar(191) COLLATE utf8mb4_unicode_ci NOT NULL,
  `remember_token` varchar(100) COLLATE utf8mb4_unicode_ci DEFAULT '',
  `settings` text COLLATE utf8mb4_unicode_ci,
  `created_at` timestamp NULL DEFAULT NULL,
  `updated_at` timestamp NULL DEFAULT NULL,
  `phone` text COLLATE utf8mb4_unicode_ci,
  `fb_id` varchar(255) COLLATE utf8mb4_unicode_ci DEFAULT NULL,
  PRIMARY KEY (`id`),
  UNIQUE KEY `users_email_unique` (`email`),
  KEY `users_role_id_foreign` (`role_id`),
  CONSTRAINT `users_role_id_foreign` FOREIGN KEY (`role_id`) REFERENCES `roles` (`id`)
) ENGINE=InnoDB AUTO_INCREMENT=130 DEFAULT CHARSET=utf8mb4 COLLATE=utf8mb4_unicode_ci;

-- ----------------------------
-- Records of users
-- ----------------------------
INSERT INTO `users` VALUES ('1', '1', 'Admin', 'admin@admin.com', 'users/default.png', null, '$2y$10$yJBWCCReVtC2vPyLgnqldOpnOit79xrrmuPAy2ieYOLB1P3idrG1m', 'fvewnqtlQIHWez35MrjbM0SmxlLaLffHp133ZDG5sePgU3wlEr1gFoWx9AIM', null, '2019-05-08 10:50:14', '2019-05-08 10:50:14', null, null);
INSERT INTO `users` VALUES ('47', '3', 'Lodge Admin', 'admin@lodge.com', 'users/September2019/hf4VVSB4EImVF2R9YfOU.jpg', null, '$2y$10$hcNVA55LijEpBkF418Ox7.LQB7/SGOLYRbMRMQWOSTuc0uStNRK4S', 'UFoVvjpkYgCtAVfJPGWHOrZVOo82I3pfFk8oNCI0ZRwwaai42Qq8m71eoVDV', null, '2019-08-18 09:29:34', '2019-09-10 10:38:20', null, null);
INSERT INTO `users` VALUES ('109', '2', 'Alaa Maher', 'alaamaher@innovitics.com', 'users/default.png', null, '$2y$10$RW37/yHNjZZLm/7OnrKFD.Xs5xkQ97y96KK51SEx4EsaEqYdFAnuS', '', null, '2019-10-23 11:55:47', '2019-11-21 13:55:24', '+2001116156599', null);
INSERT INTO `users` VALUES ('110', '2', 'mina wadee', 'mina_wad3e@yahoo.com', 'users/default.png', null, '$2y$10$Ijj8iw7rv.juM1fAVUU9K.QIBm9r82/Kl6lvb9JTMkRF/9QBH566y', '', null, '2019-10-23 14:12:24', '2019-11-14 12:37:12', '201224191129', null);
INSERT INTO `users` VALUES ('111', '2', 'Test', 'test@test.com', 'users/default.png', null, '$2y$10$0pLFPdIeUHxtn69UrUlVRexZot2PDWljn3RS5qCyhlzEJgTpSLleu', '', null, '2019-10-23 16:43:06', '2019-11-21 11:02:16', '201004010554', null);
INSERT INTO `users` VALUES ('112', '2', 'hussiengad', 'han_gad_89@hotmail.com', 'users/default.png', null, '$2y$10$yq5pMmaTnhso43mjbM9FyOcGpWr6VSoOqadoSjASgraQHAE2f6Wvy', '', null, '2019-10-24 10:17:54', '2019-10-29 14:36:11', '+2010609085', null);
INSERT INTO `users` VALUES ('113', '2', 'Mohamed Meligy', 'mohammed.meligy@gmail.com', 'users/default.png', null, '$2y$10$ycrnSzID7Ms53KUAvLvKlOhXF6baD9SRUetmooHt3l553m6F7fd7y', '', null, '2019-10-24 18:49:55', '2019-10-24 18:49:55', '+201019709999', '10161956115385287');
INSERT INTO `users` VALUES ('115', '2', 'Tarek Sheiha', 't_sheiha@hotmail.com', 'users/default.png', null, '$2y$10$6Y1pD5o7er3q18L5MFgPaulwt9y405OwEm8K576NIw.vaRfk00sKe', '', null, '2019-10-24 19:06:15', '2019-10-27 13:58:51', '+201007025051', null);
INSERT INTO `users` VALUES ('116', '2', 'Mohamed Gamal El-Sawi', 'm-g-edition@hotmail.com', 'users/default.png', null, '$2y$10$tgr0CWUdNFKBmrZO6z03Ku6PTjl1dvC5LgwFig9KzWZtQuGwubQ.C', '', null, '2019-10-24 23:52:54', '2019-10-24 23:52:54', '+201221222902', null);
INSERT INTO `users` VALUES ('118', '2', 'Hhhaha', 'ggagag@gaffa.com', 'users/default.png', null, '$2y$10$Iks4SDXc8Ox2QUebirWBvuJpGNBPBPnWFnmVWULOZKWsVXtL4j2Oe', '', null, '2019-10-27 16:44:54', '2019-10-27 16:44:54', '+2016528213', null);
INSERT INTO `users` VALUES ('119', '2', 'Ahmed', 'ahned@gmail.com', 'users/default.png', null, '$2y$10$/G03Mr79rnSN5BzvTxulhuOgJzc/V816JZ9PSMYYshupVgBebM3AO', '', null, '2019-10-28 17:01:51', '2019-10-28 17:01:51', '+971523629560', null);
INSERT INTO `users` VALUES ('121', '2', 'Alaa Maher', 'alaamaher1995@gmail.com', 'users/default.png', null, '$2y$10$Em/qLPR.U1SblZP4su9NUujEe3ZoCMtxk9bUiZISQ2sYQcbtgM0pe', '', null, '2019-10-29 14:55:15', '2019-10-29 14:55:15', '+201116156581', '10213589015146868');
INSERT INTO `users` VALUES ('122', '2', 'hello', 'hello@hello.com', 'users/default.png', null, '$2y$10$FeJL6mP6twpV1hdhUBgAd.IoV3zsTn5DqiMHzq3VDw4yNnWjbnflS', '', null, '2019-10-30 15:40:12', '2019-10-30 15:40:12', '01004010554', null);
INSERT INTO `users` VALUES ('123', '2', 'hello1', 'hello1@hello.com', 'users/default.png', null, '$2y$10$HRLzrChylLZu8U18ruBQF.Ek6KmFaeVvXVPU5DRiTXxJE2QbWEBly', '', null, '2019-10-30 15:43:13', '2019-10-30 15:43:13', '01005090807', null);
INSERT INTO `users` VALUES ('124', '2', 'test2', 'test2@test.com', 'users/default.png', null, '$2y$10$YHD9T3CsEBgTTJXUioQuo.viAVS6w11SNpjScmKDwQUAEVLJNX8zy', '', null, '2019-10-30 15:50:08', '2019-10-30 15:50:08', '01009080701', null);
INSERT INTO `users` VALUES ('125', '2', 'test3', 'test3@test.com', 'users/default.png', null, '$2y$10$OHgDlVWZ2.TKFzp1YlewzONzBv3/t1px.NQvi9KJquraHL./WfhC6', '', null, '2019-10-30 15:55:13', '2019-10-30 15:55:13', '01008070905', null);
INSERT INTO `users` VALUES ('126', '2', 'mohamed adel', 'mohamed.adel@innovitics.com', 'users/default.png', null, '$2y$10$NyZKzs.kjQg69FJG03w3RuG9sulgwL.JOfhuTNsFlPMNBxN2/rpBe', '', null, '2019-10-31 11:03:36', '2019-10-31 11:03:36', '+201201508867', null);
INSERT INTO `users` VALUES ('127', '2', 'mina wadee', 'mina.wadae@innovitics.com', 'users/default.png', null, '$2y$10$DX6G8B9CDxsk2tX8lEyRaeSa/.1rqE8wzWCRMDvbg.WfQWaLi10gu', '', null, '2019-10-31 11:56:09', '2019-10-31 11:56:09', '+201224191126', null);
INSERT INTO `users` VALUES ('128', '2', 'Hussien', 'han_gad_89@yahoo.com', 'users/default.png', null, '$2y$10$6nD/dO8YnkVev1In546/2ezJqyJH5htjBuSaEGGQSp/oD9QJesbsO', '', null, '2019-11-03 12:18:34', '2019-11-24 16:55:55', '201060908541111', null);
INSERT INTO `users` VALUES ('129', '2', 'حسين جاد', 'see@see.com', 'users/default.png', null, '$2y$10$0G86DuC9RQxvxa3/C1xEyuBcYCwEYnvr67qpynOg8TX1xckY.aqbO', '', null, '2019-11-18 14:37:48', '2019-11-18 14:39:38', '1234567891', null);

-- ----------------------------
-- View structure for rates_users
-- ----------------------------
DROP VIEW IF EXISTS `rates_users`;
CREATE ALGORITHM=UNDEFINED DEFINER=`sandbox_lodge`@`%` SQL SECURITY DEFINER VIEW `rates_users` AS select avg(`sandbox_lodge`.`rates`.`rate`) AS `total_rate`,`sandbox_lodge`.`lodges`.`user_id` AS `user_id` from (`lodges` join `rates` on((`sandbox_lodge`.`lodges`.`user_id` = `sandbox_lodge`.`rates`.`user_id`))) group by `sandbox_lodge`.`lodges`.`user_id` ;
